Datetime,Maximum/Composite_radar_reflectivity_0,unknown_0,Vertically-integrated_liquid_0,Visibility_0,Derived_radar_reflectivity_1000,Derived_radar_reflectivity_4000,Derived_radar_reflectivity_263,Wind_speed_(gust)_0,U_component_of_wind_250,V_component_of_wind_250,U_component_of_wind_300,V_component_of_wind_300,Geopotential_height_500,Temperature_500,Dew_point_temperature_500,U_component_of_wind_500,V_component_of_wind_500,Geopotential_height_700,Temperature_700,Dew_point_temperature_700,Geometric_vertical_velocity_700,U_component_of_wind_700,V_component_of_wind_700,Geopotential_height_850,Temperature_850,Dew_point_temperature_850,U_component_of_wind_850,V_component_of_wind_850,Temperature_925,Dew_point_temperature_925,U_component_of_wind_925,V_component_of_wind_925,Temperature_1000,Dew_point_temperature_1000,U_component_of_wind_1000,V_component_of_wind_1000,unknown_10000,Geometric_vertical_velocity_1,MSLP_(MAPS_System_Reduction)_0,Geopotential_height_1000,unknown_1000,unknown_5000,unknown_2000,unknown_3000,Time-maximum_vorticity_(relative)_2000,Time-maximum_vorticity_(relative)_1000,Hail_0,unknown_1,unknown_2,Lightning_0,U_component_of_wind_80,V_component_of_wind_80,Surface_pressure_0,Orography_0,Temperature_0,Moisture_availability_0,Plant_canopy_surface_water_0,Water_equivalent_of_accumulated_snow_depth_(deprecated)_0,Snow_cover_0,Snow_depth_0,2_metre_temperature_2,Potential_temperature_2,2_metre_specific_humidity_2,2_metre_dewpoint_temperature_2,2_metre_relative_humidity_2,unknown_8,10_metre_U_wind_component_10,10_metre_V_wind_component_10,Time-maximum_10_metre_wind_speed_10,unknown_10,Percent_frozen_precipitation_0,Precipitation_rate_0,Total_Precipitation_0,Freezing_Rain_0,Storm_surface_runoff_0,Baseflow-groundwater_runoff_0,Categorical_snow_0,Categorical_ice_pellets_0,Categorical_freezing_rain_0,Categorical_rain_0,Forecast_surface_roughness_0,Frictional_velocity_0,Instantaneous_surface_sensible_heat_net_flux_0,Surface_latent_heat_net_flux_0,Vegetation_0,Leaf_Area_Index_0,Ground_heat_flux_0,Vegetation_Type_0,Surface_lifted_index_500,Convective_available_potential_energy_0,Convective_inhibition_0,Precipitable_water_0,Total_Cloud_Cover_0,Low_cloud_cover_0,Medium_cloud_cover_0,High_cloud_cover_0,Geopotential_height_0,Pressure_at_cloud_base_0,Pressure_0,Surface_downward_short-wave_radiation_flux_0,Surface_downward_long-wave_radiation_flux_0,Surface_upward_short-wave_radiation_flux_0,Surface_upward_long-wave_radiation_flux_0,Cloud_Forcing_Net_Solar_Flux_0,Visible_Beam_Downward_Solar_Flux_0,Visible_Diffuse_Downward_Solar_Flux_0,Storm_relative_helicity_3000,Storm_relative_helicity_1000,U-component_storm_motion_0,V-component_storm_motion_0,Vertical_u-component_shear_0,Vertical_v-component_shear_0,Relative_humidity_0,Geopotential_height_263,Geopotential_height_253,Best_(4-layer)_lifted_index_18000,Convective_available_potential_energy_18000,Convective_inhibition_18000,Boundary_layer_height_0,Convective_available_potential_energy_9000,Convective_inhibition_9000,Convective_available_potential_energy_25500,Convective_inhibition_25500,Pressure_of_level_from_which_parcel_was_lifted_25500,Layer_Thickness_261,Land-sea_mask_0,Sea_ice_area_fraction_0,Simulated_Brightness_Temperature_for_GOES_12,_Channel_3_0,Simulated_Brightness_Temperature_for_GOES_12,_Channel_4_0,Simulated_Brightness_Temperature_for_GOES_11,_Channel_3_0,Simulated_Brightness_Temperature_for_GOES_11,_Channel_4_0
datetime,refc_0,unknown_0,veril_0,vis_0,refd_1000,refd_4000,refd_263,gust_0,u_250,v_250,u_300,v_300,gh_500,t_500,dpt_500,u_500,v_500,gh_700,t_700,dpt_700,wz_700,u_700,v_700,gh_850,t_850,dpt_850,u_850,v_850,t_925,dpt_925,u_925,v_925,t_1000,dpt_1000,u_1000,v_1000,unknown_10000,wz_1,mslma_0,gh_1000,unknown_1000,unknown_5000,unknown_2000,unknown_3000,max_vo_2000,max_vo_1000,hail_0,unknown_1,unknown_2,ltng_0,u_80,v_80,sp_0,orog_0,t_0,mstav_0,cnwat_0,sdwe_0,snowc_0,sde_0,2t_2,pt_2,2sh_2,2d_2,2r_2,unknown_8,10u_10,10v_10,max_10si_10,unknown_10,cpofp_0,prate_0,tp_0,frzr_0,ssrun_0,bgrun_0,csnow_0,cicep_0,cfrzr_0,crain_0,fsr_0,fricv_0,ishf_0,slhtf_0,veg_0,lai_0,gflux_0,vgtyp_0,lftx_500,cape_0,cin_0,pwat_0,tcc_0,lcc_0,mcc_0,hcc_0,gh_0,pcdb_0,pres_0,sdswrf_0,sdlwrf_0,suswrf_0,sulwrf_0,cfnsf_0,vbdsf_0,vddsf_0,hlcy_3000,hlcy_1000,ustm_0,vstm_0,vucsh_0,vvcsh_0,r_0,gh_263,gh_253,4lftx_18000,cape_18000,cin_18000,blh_0,cape_9000,cin_9000,cape_25500,cin_25500,plpl_25500,layth_261,lsm_0,ci_0,SBT123_0,SBT124_0,SBT113_0,SBT114_0
2025-01-29 00:00:00,-9.0350998954933,37.598935826797074,0.001517465741380822,35124.893223126266,-9.459690188285277,-9.826504770513049,0.2992041665157592,7.22849326053984,31.770448366344915,-2.6730022081325866,28.697869431853423,-2.3837898569715494,5585.704605498861,254.76774637760553,236.01908596554,18.9233644226605,-3.199485740380115,2997.3464033974083,270.34790563958035,251.7385238903445,0.0031364396053290785,11.746191445697958,-3.187785108692892,1439.7509796461331,276.856181769514,263.6152786489162,7.263152797276572,-1.3569266987254545,279.671565990109,269.98071646296773,4.635427563409943,-0.36986456834765236,283.7883170221656,274.0906973974498,2.0836568252853676,-0.7238267456641079,-0.006459940874823748,0.015843528785262732,101208.86907530729,101.361393578334,0.28833797603431977,0.0,0.0,0.0,0.0,0.0,0.0,0.0,0.0006330282115601943,0.0,3.132231086642603,-0.5821263991259659,95881.5935093518,476.70417641761594,280.7687251712239,57.77597190969067,0.031521551423228,0.0,21.760346871963808,0.04659804339941244,280.53956352182837,284.19150911718214,0.004845622418498159,272.51778438864886,58.34137436546692,5.133187727312575e-10,1.9733586763401063,-0.6947316804468928,4.803853602218861,-0.6947322053424255,-50.0,0.0,0.0,6.363731608316656e-05,0.0,0.0,0.0,0.0,0.0,0.0,0.1882358734602846,0.23886000038842267,-2.4724101785642114,53.9824726883732,11.760031357259122,0.33298847696837136,18.255152768220306,11.69209103158244,12.245985152804964,2.976018887840848,-2.997326182156596,10.42526206753426,34.74305838780437,23.415177669264374,13.741564535118398,12.031509478825976,2079.9270075678414,74019.55365803302,74428.71561737426,46.87982096863172,273.27310136100164,6.636100818784541,337.45918453855637,0.005244021308659045,140.5822211059444,17.09408699933496,142.8507501544505,76.46753001483881,8.101574490782555,-6.464315061032678,16.88999295885521,-2.656520263528573,34.969939757739716,4148.968643265774,5642.974997651092,8.847842338178646,12.666752749534025,-3.039432776891579,622.2214168836798,5.591229730502887,-2.013545979011527,15.407772967985046,-3.220129638698658,75528.86463521597,757.390539072961,0.6304929661374145,0.008499633360470433,240.16262138429616,276.6907498502724,236.11384866517233,276.6849142222234
2025-01-29 00:05:00,-9.030916349607894,37.59789865072104,0.0015188942638191436,34951.32758765187,-9.457922066748166,-9.827081370989514,0.30074376166033556,7.221240575454211,31.768272772472734,-2.6841445540759645,28.70545499385769,-2.3873261261668386,5585.884878518974,254.77007191646317,236.0472707314576,18.91367572531521,-3.1959693541255456,2997.5068774147876,270.3491852870363,251.7347465343203,0.0018069041505116709,11.73615806373624,-3.183964303571485,1439.9159473574086,276.85281458932184,263.6121676286339,7.252276492737305,-1.3683222453309067,279.6588408332147,269.9819397456758,4.6397592473662606,-0.37644969081178636,283.7567317007434,274.09908902261907,2.078460907043534,-0.7230511558589343,-0.006969464119654111,0.015370896222289227,101210.7755134222,101.51919978465294,0.2919183759452275,0.0,0.0,0.0,0.0,0.0,0.0,0.0,0.0006202881658977823,0.0,3.1274904508497055,-0.5838394126758922,95883.41585959605,476.70417641761594,280.6675869474215,57.802159170896005,0.031521525178451366,0.0,21.76204678988764,0.046602425883438554,280.4679674916111,284.11611317597135,0.004846702820158718,272.52139920475696,58.492281787367276,5.13621833414605e-10,1.9675707719367044,-0.6953688697093799,4.7947804037056,-0.6953694055402363,-50.0,0.0,0.0,6.087898918417763e-05,0.0,0.0,0.0,0.0,0.0,0.0,0.18823305242236665,0.23776544010828243,-2.896447909454821,53.90789128818637,11.759611703280754,0.3330678838206726,19.010182623403377,11.69209103158244,12.283526682976921,2.932451342621535,-3.0204877661723373,10.422999916534671,34.773504340798574,23.443356161040047,13.685666441486482,12.094350759340122,2078.8748253054514,73948.63568935606,74426.22187806573,43.52291862299606,273.1834839521064,6.131681865454228,337.01037622041275,0.00531801845637672,130.85476103431014,15.989944690008073,142.95038241264032,76.70329256469734,8.094170098722962,-6.466702966902945,16.884267687865773,-2.652564728125904,34.972755822272475,4149.2953413071955,5642.756942487021,8.850392831816649,12.456247332874575,-3.0494739409489027,613.962630498808,5.527751139329495,-2.029867211928146,15.158104658220397,-3.2667864215824447,75530.38031918198,756.7718403344775,0.6304929661374145,0.008499677101764821,240.16066552518546,276.59988734828,236.1168031989431,276.5906876649705
2025-01-29 00:10:00,-9.026732803722489,37.59686147464501,0.0015203227862574653,34777.76195217747,-9.456153945211055,-9.827657971465978,0.3022833568049119,7.213987890368583,31.766097178600557,-2.695286900019343,28.71304055586195,-2.3908623953621273,5586.065151539086,254.77239745532083,236.07545549737517,18.903987027969915,-3.1924529678709757,2997.6673514321665,270.3504649344922,251.73096917829608,0.0004773686956942632,11.726124681774523,-3.1801434984500783,1440.0809150686844,276.84944740912965,263.6090566083516,7.241400188198039,-1.3797177919363592,279.6461156763204,269.9831630283838,4.644090931322578,-0.3830348132759203,283.72514637932113,274.1074806477884,2.0732649888017,-0.7222755660537609,-0.007478987364484475,0.014898263659315722,101212.68195153709,101.67700599097188,0.2954987758561352,0.0,0.0,0.0,0.0,0.0,0.0,0.0,0.0006075481202353701,0.0,3.1227498150568085,-0.5855524262258185,95885.23820984029,476.70417641761594,280.56644872361915,57.82834643210135,0.03152149893367474,0.0,21.763746707811478,0.04660680836746467,280.39637146139376,284.04071723476056,0.004847783221819278,272.52501402086506,58.64318920926763,5.139248940979525e-10,1.9617828675333022,-0.6960060589718671,4.785707205192339,-0.696006605738047,-50.0,0.0,0.0,5.81206622851887e-05,0.0,0.0,0.0,0.0,0.0,0.0,0.18823023138444872,0.2366708798281422,-3.3204856403454306,53.83330988799955,11.759192049302388,0.3331472906729738,19.76521247858645,11.69209103158244,12.32106821314888,2.8888837974022223,-3.043649350188079,10.42073776553508,34.80395029379278,23.471534652815723,13.629768347854569,12.157192039854268,2077.822643043062,73877.7177206791,74423.72813875719,40.1660162773604,273.0938665432112,5.627262912123914,336.5615679022691,0.005392015604094396,121.12730096267592,14.885802380681186,143.05001467083014,76.93905511455584,8.08676570666337,-6.4690908727732115,16.878542416876332,-2.6486091927232343,34.97557188680523,4149.622039348618,5642.53888732295,8.852943325454653,12.245741916215126,-3.059515105006226,605.7038441139364,5.464272548156103,-2.0461884448447645,14.908436348455748,-3.313443204466231,75531.89600314797,756.1531415959939,0.6304929661374145,0.00849972084305921,240.15870966607474,276.50902484628756,236.11975773271385,276.4964611077176
2025-01-29 00:15:00,-9.022549257837085,37.59582429856898,0.001521751308695787,34604.19631670307,-9.454385823673944,-9.828234571942444,0.3038229519494883,7.206735205282954,31.763921584728376,-2.706429245962721,28.720626117866217,-2.394398664557416,5586.245424559199,254.77472299417846,236.10364026329276,18.894298330624622,-3.188936581616406,2997.827825449546,270.3517445819481,251.72719182227186,-0.0008521667591231447,11.716091299812806,-3.1763226933286717,1440.2458827799599,276.84608022893747,263.6059455880693,7.230523883658773,-1.3911133385418115,279.63339051942614,269.98438631109184,4.648422615278896,-0.38961993574005427,283.69356105789893,274.1158722729577,2.0680690705598663,-0.7214999762485873,-0.007988510609314839,0.014425631096342217,101214.588389652,101.83481219729082,0.29907917576704296,0.0,0.0,0.0,0.0,0.0,0.0,0.0,0.0005948080745729581,0.0,3.118009179263911,-0.5872654397757449,95887.06056008453,476.70417641761594,280.4653104998167,57.854533693306685,0.0315214726888981,0.0,21.765446625735315,0.04661119085149079,280.3247754311765,283.96532129354983,0.004848863623479837,272.52862883697316,58.79409663116799,5.142279547812999e-10,1.9559949631299003,-0.6966432482343543,4.776634006679078,-0.6966438059358577,-50.0,0.0,0.0,5.536233538619977e-05,0.0,0.0,0.0,0.0,0.0,0.0,0.1882274103465308,0.23557631954800196,-3.74452337123604,53.75872848781272,11.758772395324021,0.333226697525275,20.520242333769524,11.69209103158244,12.358609743320837,2.8453162521829096,-3.06681093420382,10.418475614535488,34.83439624678698,23.499713144591396,13.573870254222653,12.220033320368413,2076.770460780672,73806.79975200213,74421.23439944864,36.80911393172474,273.00424913431607,5.1228439587936005,336.11275958412546,0.005466012751812072,111.39984089104166,13.781660071354299,143.14964692901995,77.17481766441436,8.079361314603776,-6.471478778643479,16.872817145886895,-2.644653657320565,34.978387951337986,4149.948737390041,5642.320832158879,8.855493819092658,12.035236499555676,-3.0695562690635496,597.4450577290646,5.400793956982712,-2.0625096777613834,14.658768038691099,-3.3600999873500177,75533.41168711397,755.5344428575103,0.6304929661374145,0.0084997645843536,240.15675380696405,276.4181623442951,236.12271226648463,276.40223455046475
2025-01-29 00:20:00,-9.01836571195168,37.594787122492946,0.0015231798311341087,34430.63068122867,-9.452617702136832,-9.82881117241891,0.30536254709406463,7.199482520197326,31.7617459908562,-2.717571591906099,28.728211679870483,-2.397934933752705,5586.425697579311,254.77704853303612,236.13182502921035,18.88460963327933,-3.1854201953618366,2997.988299466925,270.353024229404,251.72341446624765,-0.002181702213940552,11.706057917851089,-3.1725018882072646,1440.4108504912354,276.8427130487453,263.60283456778694,7.219647579119506,-1.4025088851472638,279.62066536253184,269.9856095937999,4.652754299235215,-0.3962050582041883,283.66197573647673,274.12426389812697,2.0628731523180326,-0.7207243864434137,-0.008498033854145201,0.013952998533368711,101216.4948277669,101.99261840360975,0.3026595756779507,0.0,0.0,0.0,0.0,0.0,0.0,0.0,0.0005820680289105461,0.0,3.1132685434710137,-0.5889784533256712,95888.88291032877,476.70417641761594,280.36417227601436,57.88072095451202,0.03152144644412146,0.0,21.76714654365915,0.046615573335516906,280.2531794009592,283.88992535233905,0.004849944025140397,272.53224365308125,58.94500405306834,5.145310154646475e-10,1.9502070587264984,-0.6972804374968414,4.767560808165818,-0.6972810061336685,-50.0,0.0,0.0,5.260400848721084e-05,0.0,0.0,0.0,0.0,0.0,0.0,0.18822458930861288,0.2344817592678617,-4.16856110212665,53.68414708762589,11.758352741345654,0.33330610437757624,21.275272188952595,11.69209103158244,12.396151273492794,2.801748706963597,-3.0899725182195614,10.416213463535898,34.86484219978119,23.52789163636707,13.517972160590737,12.28287460088256,2075.7182785182817,73735.88178332517,74418.74066014012,33.45221158608908,272.91463172542086,4.618425005463287,335.6639512659818,0.005540009899529747,101.67238081940744,12.677517762027414,143.24927918720977,77.41058021427287,8.071956922544185,-6.473866684513745,16.867091874897454,-2.6406981219178958,34.981204015870745,4150.275435431463,5642.102776994809,8.85804431273066,11.824731082896227,-3.079597433120873,589.1862713441928,5.33731536580932,-2.0788309106780023,14.40909972892645,-3.4067567702338044,75534.92737107996,754.9157441190267,0.6304929661374145,0.008499808325647989,240.15479794785335,276.3272998423027,236.1256668002554,276.30800799321185
2025-01-29 00:25:00,-9.014182166066274,37.593749946416914,0.0015246083535724304,34257.06504575427,-9.450849580599721,-9.829387772895375,0.306902142238641,7.192229835111697,31.759570396984017,-2.728713937849477,28.73579724187475,-2.4014712029479943,5586.605970599424,254.77937407189376,236.16000979512793,18.874920935934036,-3.181903809107267,2998.148773484304,270.35430387685994,251.71963711022343,-0.0035112376687579596,11.696024535889372,-3.1686810830858576,1440.575818202511,276.8393458685531,263.59972354750465,7.20877127458024,-1.4139044317527163,279.60794020563753,269.9868328765079,4.657085983191533,-0.4027901806683223,283.6303904150545,274.1326555232963,2.057677234076199,-0.7199487966382403,-0.009007557098975565,0.013480365970395206,101218.40126588181,102.15042460992869,0.3062399755888584,0.0,0.0,0.0,0.0,0.0,0.0,0.0,0.0005693279832481341,0.0,3.1085279076781163,-0.5906914668755975,95890.70526057301,476.70417641761594,280.263034052212,57.906908215717365,0.031521420199344834,0.0,21.76884646158298,0.04661995581954302,280.18158337074186,283.81452941112826,0.004851024426800956,272.53585846918935,59.095911474968695,5.14834076147995e-10,1.9444191543230962,-0.6979176267593286,4.7584876096525575,-0.6979182063314792,-50.0,0.0,0.0,4.984568158822191e-05,0.0,0.0,0.0,0.0,0.0,0.0,0.18822176827069495,0.23338719898772145,-4.592598833017259,53.60956568743906,11.757933087367286,0.3333855112298775,22.030302044135667,11.69209103158244,12.433692803664751,2.758181161744284,-3.1131341022353025,10.413951312536309,34.89528815277539,23.556070128142746,13.462074066958824,12.345715881396705,2074.666096255892,73664.9638146482,74416.24692083159,30.09530924045342,272.82501431652565,4.114006052132973,335.21514294783816,0.005614007047247422,91.94492074777318,11.573375452700528,143.34891144539958,77.64634276413139,8.064552530484592,-6.476254590384013,16.861366603908017,-2.6367425865152265,34.984020080403496,4150.602133472885,5641.884721830737,8.860594806368663,11.614225666236777,-3.0896385971781966,580.9274849593212,5.273836774635928,-2.0951521435946208,14.1594314191618,-3.4534135531175907,75536.44305504597,754.2970453805432,0.6304929661374145,0.008499852066942377,240.15284208874263,276.23643734031026,236.12862133402615,276.21378143595894
2025-01-29 00:30:00,-9.00999862018087,37.59271277034088,0.0015260368760107521,34083.49941027987,-9.449081459062612,-9.82996437337184,0.30844173738321734,7.18497715002607,31.757394803111836,-2.7398562837928555,28.743382803879015,-2.405007472143283,5586.7862436195355,254.7816996107514,236.18819456104552,18.865232238588742,-3.1783874228526976,2998.3092475016833,270.3555835243159,251.71585975419922,-0.004840773123575368,11.685991153927654,-3.164860277964451,1440.7407859137866,276.8359786883609,263.5966125272223,7.197894970040974,-1.4252999783581686,279.5952150487433,269.98805615921594,4.661417667147851,-0.40937530313245624,283.5988050936323,274.1410471484656,2.052481315834365,-0.7191732068330667,-0.009517080343805929,0.013007733407421701,101220.30770399672,102.30823081624763,0.30982037549976615,0.0,0.0,0.0,0.0,0.0,0.0,0.0,0.000556587937585722,0.0,3.103787271885219,-0.5924044804255238,95892.52761081725,476.70417641761594,280.16189582840957,57.9330954769227,0.0315213939545682,0.0,21.77054637950682,0.046624338303569136,280.1099873405246,283.73913346991753,0.004852104828461516,272.53947328529745,59.24681889686905,5.151371368313424e-10,1.9386312499196943,-0.6985548160218157,4.749414411139297,-0.6985554065292899,-50.0,0.0,0.0,4.7087354689232986e-05,0.0,0.0,0.0,0.0,0.0,0.0,0.18821894723277702,0.2322926387075812,-5.016636563907868,53.53498428725223,11.757513433388919,0.3334649180821787,22.785331899318738,11.69209103158244,12.471234333836708,2.7146136165249715,-3.136295686251044,10.411689161536717,34.9257341057696,23.58424861991842,13.406175973326908,12.40855716191085,2073.613913993502,73594.04584597124,74413.75318152305,26.73840689481776,272.7353969076305,3.6095870988026606,334.7663346296945,0.005688004194965098,82.21746067613894,10.469233143373641,143.4485437035894,77.88210531398991,8.057148138425,-6.478642496254279,16.85564133291858,-2.6327870511125573,34.986836144936255,4150.928831514308,5641.666666666666,8.863145300006668,11.40372024957733,-3.09967976123552,572.6686985744494,5.210358183462537,-2.1114733765112397,13.90976310939715,-3.5000703360013774,75537.95873901196,753.6783466420595,0.6304929661374145,0.008499895808236766,240.15088622963194,276.1455748383179,236.13157586779693,276.119554878706
2025-01-29 00:35:00,-9.005815074295464,37.59167559426485,0.0015274653984490739,33909.93377480547,-9.4473133375255,-9.830540973848304,0.30998133252779364,7.177724464940441,31.75521920923966,-2.7509986297362334,28.750968365883278,-2.4085437413385717,5586.966516639648,254.78402514960905,236.21637932696314,18.85554354124345,-3.1748710365981276,2998.4697215190627,270.3568631717718,251.712082398175,-0.006170308578392776,11.675957771965937,-3.1610394728430444,1440.905753625062,276.83261150816867,263.59350150694,7.187018665501708,-1.4366955249636209,279.582489891849,269.989279441924,4.665749351104169,-0.4159604255965902,283.5672197722101,274.14943877363487,2.047285397592532,-0.7183976170278932,-0.010026603588636291,0.012535100844448194,101222.21414211161,102.46603702256657,0.3134007754106739,0.0,0.0,0.0,0.0,0.0,0.0,0.0,0.0005438478919233099,0.0,3.099046636092322,-0.5941174939754502,95894.34996106151,476.70417641761594,280.0607576046072,57.95928273812804,0.03152136770979156,0.0,21.772246297430655,0.04662872078759525,280.0383913103073,283.66373752870675,0.004853185230122075,272.54308810140554,59.39772631876941,5.154401975146899e-10,1.9328433455162923,-0.6991920052843028,4.740341212626036,-0.6991926067271007,-50.0,0.0,0.0,4.432902779024405e-05,0.0,0.0,0.0,0.0,0.0,0.0,0.18821612619485908,0.23119807842744097,-5.4406742947984785,53.460402887065406,11.757093779410553,0.3335443249344799,23.54036175450181,11.69209103158244,12.508775864008667,2.6710460713056587,-3.159457270266785,10.409427010537126,34.956180058763806,23.612427111694092,13.350277879694993,12.471398442424995,2072.561731731112,73523.12787729426,74411.2594422145,23.3815045491821,272.6457794987353,3.105168145472347,334.31752631155086,0.005762001342682774,72.4900006045047,9.365090834046754,143.5481759617792,78.11786786384842,8.049743746365406,-6.481030402124547,16.84991606192914,-2.6288315157098876,34.989652209469014,4151.25552955573,5641.448611502596,8.865695793644672,11.193214832917878,-3.1097209252928435,564.4099121895777,5.146879592289145,-2.1277946094278586,13.660094799632503,-3.546727118885164,75539.47442297796,753.059647903576,0.6304929661374145,0.008499939549531155,240.14893037052124,276.05471233632545,236.1345304015677,276.0253283214531
2025-01-29 00:40:00,-9.001631528410059,37.59063841818882,0.0015288939208873956,33736.36813933107,-9.445545215988389,-9.83111757432477,0.31152092767237,7.170471779854813,31.753043615367478,-2.7621409756796114,28.758553927887544,-2.412080010533861,5587.1467896597605,254.78635068846668,236.24456409288072,18.845854843898156,-3.171354650343558,2998.6301955364415,270.35814281922774,251.70830504215078,-0.007499844033210183,11.66592439000422,-3.1572186677216374,1441.0707213363378,276.8292443279765,263.5903904866577,7.176142360962442,-1.4480910715690734,279.5697647349547,269.990502724632,4.670081035060487,-0.4225455480607242,283.5356344507878,274.1578303988042,2.042089479350698,-0.7176220272227197,-0.010536126833466655,0.012062468281474689,101224.12058022652,102.6238432288855,0.3169811753215816,0.0,0.0,0.0,0.0,0.0,0.0,0.0,0.0005311078462608979,0.0,3.0943060002994245,-0.5958305075253765,95896.17231130575,476.70417641761594,279.95961938080484,57.98546999933338,0.03152134146501493,0.0,21.77394621535449,0.046633103271621366,279.96679528008997,283.58834158749596,0.004854265631782635,272.54670291751364,59.548633740669764,5.157432581980375e-10,1.9270554411128902,-0.6998291945467899,4.731268014112775,-0.6998298069249114,-50.0,0.0,0.0,4.157070089125512e-05,0.0,0.0,0.0,0.0,0.0,0.0,0.18821330515694115,0.23010351814730073,-5.864712025689087,53.38582148687858,11.756674125432186,0.3336237317867811,24.29539160968488,11.69209103158244,12.546317394180624,2.627478526086346,-3.182618854282526,10.407164859537536,34.98662601175801,23.64060560346977,13.294379786063079,12.534239722939141,2071.5095494687225,73452.2099086173,74408.76570290598,20.02460220354644,272.5561620898401,2.6007491921420334,333.86871799340724,0.005835998490400449,62.76254053287046,8.260948524719868,143.64780821996902,78.35363041370694,8.042339354305813,-6.483418307994814,16.844190790939702,-2.6248759803072184,34.992468274001766,4151.582227597152,5641.230556338524,8.868246287282675,10.98270941625843,-3.119762089350167,556.151125804706,5.083401001115753,-2.144115842344477,13.410426489867854,-3.5933839017689504,75540.99010694397,752.4409491650924,0.6304929661374145,0.008499983290825543,240.14697451141052,275.963849834333,236.13748493533845,275.9311017642002
2025-01-29 00:45:00,-8.997447982524653,37.589601242112785,0.0015303224433257173,33562.80250385667,-9.443777094451278,-9.831694174801235,0.31306052281694635,7.163219094769184,31.7508680214953,-2.7732833216229897,28.76613948989181,-2.41561627972915,5587.327062679873,254.78867622732434,236.2727488587983,18.836166146552863,-3.1678382640889886,2998.790669553821,270.35942246668367,251.70452768612657,-0.00882937948802759,11.655891008042502,-3.1533978626002304,1441.2356890476133,276.8258771477843,263.5872794663754,7.165266056423175,-1.4594866181745256,279.55703957806037,269.99172600734005,4.674412719016805,-0.4291306705248582,283.5040491293656,274.1662220239735,2.0368935611088643,-0.7168464374175462,-0.011045650078297019,0.011589835718501184,101226.02701834142,102.78164943520444,0.32056157523248935,0.0,0.0,0.0,0.0,0.0,0.0,0.0,0.0005183678005984859,0.0,3.089565364506527,-0.5975435210753028,95897.99466155,476.70417641761594,279.8584811570025,58.01165726053872,0.031521315220238294,0.0,21.77564613327832,0.04663748575564748,279.8951992498727,283.5129456462852,0.004855346033443194,272.55031773362174,59.699541162570114,5.16046318881385e-10,1.9212675367094882,-0.7004663838092771,4.722194815599515,-0.7004670071227221,-50.0,0.0,0.0,3.881237399226619e-05,0.0,0.0,0.0,0.0,0.0,0.0,0.18821048411902325,0.22900895786716047,-6.288749756579698,53.31124008669175,11.756254471453818,0.33370313863908235,25.050421464867952,11.69209103158244,12.583858924352581,2.5839109808670333,-3.2057804382982678,10.404902708537946,35.01707196475222,23.668784095245442,13.238481692431163,12.597081003453287,2070.4573672063325,73381.29193994033,74406.27196359745,16.66769985791078,272.4665446809449,2.0963302388117198,333.41990967526357,0.005909995638118124,53.03508046123622,7.156806215392983,143.74744047815884,78.58939296356544,8.034934962246222,-6.4858062138650805,16.83846551995026,-2.620920444904549,34.995284338534525,4151.908925638574,5641.012501174454,8.870796780920678,10.77220399959898,-3.1298032534074904,547.8923394198342,5.019922409942361,-2.160437075261096,13.160758180103205,-3.640040684652737,75542.50579090996,751.8222504266089,0.6304929661374145,0.008500027032119932,240.14501865229983,275.8729873323406,236.14043946910923,275.8368752069473
2025-01-29 00:50:00,-8.993264436639247,37.58856406603675,0.001531750965764039,33389.23686838227,-9.442008972914167,-9.8322707752777,0.3146001179615227,7.155966409683556,31.74869242762312,-2.7844256675663677,28.773725051896072,-2.4191525489244388,5587.507335699986,254.79100176618198,236.3009336247159,18.82647744920757,-3.1643218778344187,2998.9511435712,270.36070211413954,251.70075033010235,-0.010158914942844998,11.645857626080785,-3.1495770574788238,1441.4006567588888,276.8225099675921,263.5841684460931,7.154389751883909,-1.470882164779978,279.54431442116606,269.9929492900481,4.678744402973123,-0.43571579298899216,283.4724638079434,274.17461364914277,2.0316976428670306,-0.7160708476123726,-0.011555173323127381,0.011117203155527678,101227.93345645632,102.93945564152338,0.3241419751433971,0.0,0.0,0.0,0.0,0.0,0.0,0.0,0.0005056277549360738,0.0,3.08482472871363,-0.5992565346252292,95899.81701179424,476.70417641761594,279.7573429332001,58.037844521744056,0.03152128897546166,0.0,21.77734605120216,0.0466418682396736,279.8236032196554,283.4375497050744,0.004856426435103754,272.55393254972984,59.85044858447047,5.163493795647325e-10,1.9154796323060863,-0.7011035730717643,4.713121617086254,-0.7011042073205329,-50.0,0.0,0.0,3.6054047093277266e-05,0.0,0.0,0.0,0.0,0.0,0.0,0.18820766308110531,0.22791439758702023,-6.712787487470306,53.236658686504924,11.755834817475453,0.33378254549138353,25.805451320051027,11.69209103158244,12.62140045452454,2.5403434356477206,-3.228942022314009,10.402640557538355,35.04751791774642,23.696962587021115,13.182583598799248,12.659922283967433,2069.4051849439425,73310.37397126337,74403.77822428891,13.310797512275123,272.37692727204967,1.5919112854814061,332.97110135711995,0.0059839927858358,43.30762038960198,6.052663906066096,143.84707273634865,78.82515551342397,8.027530570186629,-6.488194119735348,16.832740248960825,-2.6169649095018794,34.99810040306728,4152.235623679997,5640.794446010383,8.873347274558682,10.561698582939531,-3.139844417464814,539.6335530349625,4.956443818768969,-2.176758308177715,12.911089870338555,-3.686697467536524,75544.02147487596,751.2035516881253,0.6304929661374145,0.008500070773414322,240.14306279318913,275.78212483034815,236.14339400288,275.74264864969444
2025-01-29 00:55:00,-8.989080890753844,37.58752688996072,0.0015331794882023607,33215.67123290787,-9.440240851377055,-9.832847375754165,0.31613971310609906,7.148713724597927,31.746516833750942,-2.795568013509746,28.781310613900338,-2.4226888181197275,5587.687608720098,254.79332730503964,236.32911839063348,18.816788751862276,-3.160805491579849,2999.111617588579,270.3619817615955,251.69697297407814,-0.011488450397662405,11.635824244119068,-3.145756252357417,1441.5656244701645,276.8191427873999,263.58105742581074,7.143513447344643,-1.4822777113854304,279.5315892642718,269.9941725727561,4.683076086929441,-0.4423009154531261,283.44087848652117,274.1830052743121,2.026501724625197,-0.7152952578071992,-0.012064696567957745,0.010644570592554173,101229.83989457123,103.09726184784232,0.3277223750543048,0.0,0.0,0.0,0.0,0.0,0.0,0.0,0.0004928877092736617,0.0,3.0800840929207327,-0.6009695481751555,95901.63936203848,476.70417641761594,279.6562047093977,58.0640317829494,0.03152126273068503,0.0,21.779045969125995,0.04664625072369972,279.7520071894381,283.36215376386366,0.004857506836764313,272.55754736583793,60.00135600637083,5.166524402480799e-10,1.9096917279026842,-0.7017407623342514,4.704048418572993,-0.7017414075183436,-50.0,0.0,0.0,3.329572019428833e-05,0.0,0.0,0.0,0.0,0.0,0.0,0.18820484204318738,0.22681983730688,-7.136825218360916,53.162077286318095,11.755415163497085,0.33386195234368476,26.560481175234095,11.69209103158244,12.658941984696497,2.496775890428408,-3.25210360632975,10.400378406538763,35.077963870740625,23.725141078796792,13.126685505167334,12.722763564481578,2068.353002681553,73239.4560025864,74401.28448498037,9.953895166639462,272.2873098631545,1.0874923321510925,332.5222930389763,0.006057989933553476,33.58016031796774,4.948521596739209,143.94670499453846,79.06091806328247,8.020126178127036,-6.490582025605614,16.827014977971384,-2.61300937409921,35.000916467600035,4152.56232172142,5640.576390846312,8.875897768196687,10.351193166280082,-3.1498855815221374,531.3747666500908,4.892965227595578,-2.1930795410943333,12.661421560573906,-3.7333542504203105,75545.53715884195,750.5848529496417,0.6304929661374145,0.008500114514708711,240.1411069340784,275.6912623283557,236.14634853665075,275.64842209244154
2025-01-29 01:00:00,-8.984897344868438,37.58648971388469,0.0015346080106406824,33042.105597433474,-9.438472729839944,-9.83342397623063,0.3176793082506754,7.141461039512299,31.74434123987876,-2.806710359453124,28.788896175904604,-2.4262250873150166,5587.867881740211,254.79565284389727,236.35730315655107,18.807100054516983,-3.1572891053252796,2999.2720916059584,270.3632614090514,251.69319561805392,-0.012817985852479815,11.62579086215735,-3.14193544723601,1441.73059218144,276.81577560720774,263.57794640552845,7.132637142805376,-1.4936732579908827,279.5188641073775,269.99539585546415,4.687407770885759,-0.4488860379172601,283.409293165099,274.1913968994814,2.021305806383363,-0.7145196680020256,-0.012574219812788109,0.010171938029580668,101231.74633268613,103.25506805416126,0.33130277496521254,0.0,0.0,0.0,0.0,0.0,0.0,0.0,0.0004801476636112497,0.0,3.0753434571278353,-0.6026825617250818,95903.46171228272,476.70417641761594,279.5550664855953,58.090219044154736,0.03152123648590839,0.0,21.78074588704983,0.04665063320772583,279.6804111592208,283.2867578226529,0.004858587238424873,272.56116218194603,60.15226342827118,5.169555009314274e-10,1.9039038234992822,-0.7023779515967385,4.694975220059733,-0.7023786077161543,-50.0,0.0,0.0,3.053739329529941e-05,0.0,0.0,0.0,0.0,0.0,0.0,0.18820202100526945,0.22572527702673975,-7.560862949251526,53.087495886131265,11.754995509518718,0.333941359195986,27.31551103041717,11.69209103158244,12.696483514868454,2.453208345209095,-3.2752651903454915,10.398116255539174,35.10840982373483,23.753319570572465,13.070787411535418,12.785604844995724,2067.300820419163,73168.53803390944,74398.79074567184,6.596992821003799,272.1976924542593,0.5830733788207801,332.07348472083265,0.006131987081271151,23.852700246333477,3.8443792874123237,144.04633725272828,79.29668061314099,8.012721786067443,-6.492969931475882,16.821289706981947,-2.609053838696541,35.003732532132794,4152.889019762842,5640.358335682241,8.87844826183469,10.140687749620632,-3.159926745579461,523.115980265219,4.829486636422186,-2.2094007740109523,12.411753250809257,-3.780011033304097,75547.05284280796,749.9661542111581,0.6304929661374145,0.0085001582560031,240.1391510749677,275.6003998263633,236.14930307042152,275.5541955351886
2025-01-29 01:05:00,-8.98469273402861,37.586378637241715,0.0015291624952343862,32920.03926918445,-9.439838879816945,-9.833207270922903,0.31707079303229174,7.136332641938206,31.73367216345828,-2.8125645999739626,28.7847518049927,-2.4247224354060153,5587.977975492013,254.7924993495553,236.37945765194013,18.79768893381856,-3.1400977243701913,2999.393093596932,270.3610338319475,251.69324862580362,-0.01256844991008184,11.615301102693994,-3.1349658867256753,1441.8832030339486,276.80785358199273,263.5679719161881,7.117140844399657,-1.501604243178332,279.50122903563135,269.9965892409975,4.687977874596387,-0.4579090363599997,283.37407491612186,274.19342097581296,2.0151671216407148,-0.7099728705408905,-0.014253922335978147,0.010005744320526965,101233.78824966235,103.42282275937357,0.3304458611374871,0.0,0.0,0.0,0.0,0.0,0.0,0.0,0.00047294132910197543,0.0,3.068408164887476,-0.6014738646328724,95905.13219231543,476.70417641761594,279.4953647739279,58.11713425672956,0.03152317422524982,0.0,21.77959509733575,0.0466534710116819,279.63152862292924,283.2349810129722,0.004857383122386568,272.5529124598397,60.255540307340326,5.166528225469929e-10,1.896918199564238,-0.6995028049930523,4.690352842064023,-0.6995034501771444,-50.0,0.0,0.0,2.9699961577647014e-05,0.0,0.0,0.0,0.0,0.0,0.0,0.18820240736774865,0.22536837999567136,-7.585477006688744,53.066603731692304,11.754995509518718,0.333941359195986,27.19946406416463,11.692102841731923,12.729124703455895,2.4164831019506345,-3.3080783784507286,10.396321714360292,35.11890987771159,23.72592225457328,13.087775742932761,12.786157559991622,2065.259879186313,73135.9462035375,74402.79648592939,6.0472434192534825,272.1271567170094,0.5344839305857151,331.8162255000069,0.006131987081271151,21.864975225805686,3.52401434679463,143.9653296877589,79.35733603619542,8.000683311034958,-6.49379376764427,16.812199862354735,-2.5951195397127345,35.04304725127082,4152.680540442938,5639.440149486749,8.881998537116152,9.994877457014118,-3.187933159103009,518.4508430956904,4.736709295182527,-2.209477583723899,12.24101523194346,-3.8188424111391233,75539.79709375842,749.4395480002092,0.6304929661374145,0.008498889758465822,240.13994504697064,275.55444409261605,236.1544181165649,275.5087738522656
2025-01-29 01:10:00,-8.984488123188783,37.58626756059875,0.0015237169798280898,32797.97294093543,-9.441205029793945,-9.832990565615178,0.3164622778139081,7.131204244364113,31.723003087037796,-2.8184188404948016,28.780607434080796,-2.423219783497014,5588.088069243815,254.78934585521336,236.4016121473292,18.788277813120132,-3.1229063434151034,2999.5140955879056,270.35880625484356,251.69330163355335,-0.012318913967683866,11.604811343230637,-3.127996326215341,1442.0358138864572,276.79993155677766,263.5579974268478,7.101644545993937,-1.5095352283657815,279.48359396388514,269.9977826265308,4.688547978307016,-0.4669320348027393,283.3388566671447,274.1954450521446,2.009028436898067,-0.7054260730797554,-0.015933624859168185,0.009839550611473262,101235.83016663858,103.59057746458589,0.3295889473097617,0.0,0.0,0.0,0.0,0.0,0.0,0.0,0.00046573499459270115,0.0,3.061472872647116,-0.6002651675406631,95906.80267234815,476.70417641761594,279.4356630622606,58.14404946930437,0.03152511196459125,0.0,21.778444307621676,0.04665630881563797,279.5826460866377,283.18320420329155,0.004856179006348262,272.54466273773335,60.35881718640947,5.163501441625583e-10,1.8899325756291936,-0.6966276583893659,4.685730464068312,-0.6966282926381345,-50.0,0.0,0.0,2.8862529859994618e-05,0.0,0.0,0.0,0.0,0.0,0.0,0.18820279373022786,0.22501148296460297,-7.610091064125963,53.04571157725334,11.754995509518718,0.333941359195986,27.083417097912086,11.69211465188141,12.761765892043337,2.379757858692174,-3.340891566555966,10.394527173181412,35.12940993168834,23.6985249385741,13.104764074330106,12.78671027498752,2063.218937953463,73103.35437316557,74406.80222618693,5.497494017503167,272.0566209797595,0.48589448235065014,331.5589662791811,0.006131987081271151,19.877250205277896,3.2036494061769365,143.8843221227895,79.41799145924985,7.988644836002473,-6.494617603812658,16.803110017727523,-2.581185240728928,35.08236197040884,4152.472061123035,5638.521963291256,8.885548812397614,9.849067164407604,-3.215939572626558,513.7857059261618,4.643931953942866,-2.209554393436846,12.070277213077667,-3.8576737889741497,75532.54134470886,748.9129417892605,0.6304929661374145,0.008497621260928545,240.14073901897353,275.5084883588688,236.1595331627083,275.46335216934256
2025-01-29 01:15:00,-8.984283512348956,37.586156483955776,0.0015182714644217934,32675.906612686413,-9.442571179770946,-9.832773860307451,0.31585376259552445,7.1260758467900205,31.71233401061731,-2.8242730810156402,28.77646306316889,-2.4217171315880126,5588.198162995617,254.78619236087138,236.42376664271825,18.77886669242171,-3.105714962460015,2999.635097578879,270.35657867773966,251.69335464130305,-0.012069378025285892,11.59432158376728,-3.121026765705006,1442.1884247389658,276.79200953156266,263.54802293750754,7.086148247588217,-1.5174662135532309,279.465958892139,269.99897601206413,4.689118082017645,-0.4759550332454789,283.30363841816757,274.19746912847614,2.0028897521554185,-0.7008792756186203,-0.017613327382358223,0.009673356902419558,101237.87208361481,103.75833216979822,0.3287320334820362,0.0,0.0,0.0,0.0,0.0,0.0,0.0,0.00045852866008342687,0.0,3.0545375804067567,-0.5990564704484537,95908.47315238084,476.70417641761594,279.3759613505932,58.170964681879184,0.03152704970393268,0.0,21.777293517907598,0.046659146619594034,279.5337635503461,283.13142739361086,0.004854974890309957,272.53641301562703,60.46209406547862,5.160474657781238e-10,1.8829469516941493,-0.6937525117856796,4.681108086072602,-0.6937531350991246,-50.0,0.0,0.0,2.8025098142342225e-05,0.0,0.0,0.0,0.0,0.0,0.0,0.1882031800927071,0.22465458593353457,-7.634705121563181,53.024819422814375,11.754995509518718,0.333941359195986,26.967370131659546,11.692126462030895,12.794407080630778,2.3430326154337138,-3.373704754661204,10.39273263200253,35.1399099856651,23.671127622574915,13.121752405727449,12.787262989983418,2061.177996720613,73070.76254279363,74410.80796644447,4.94774461575285,271.9860852425096,0.4373050341155851,331.30170705835536,0.006131987081271151,17.889525184750106,2.8832844655592424,143.80331455782013,79.47864688230428,7.976606360969988,-6.495441439981048,16.794020173100307,-2.5672509417451215,35.12167668954687,4152.263581803131,5637.603777095764,8.889099087679076,9.70325687180109,-3.2439459861501065,509.1205687566332,4.551154612703207,-2.209631203149793,11.899539194211872,-3.896505166809176,75525.28559565931,748.3863355783116,0.6304929661374145,0.008496352763391266,240.14153299097646,275.4625326251216,236.16464820885167,275.41793048641955
2025-01-29 01:20:00,-8.984078901509127,37.58604540731281,0.0015128259490154972,32553.840284437392,-9.443937329747946,-9.832557154999726,0.31524524737714077,7.120947449215928,31.70166493419683,-2.8301273215364793,28.772318692256988,-2.4202144796790113,5588.308256747418,254.78303886652944,236.44592113810728,18.769455571723284,-3.0885235815049272,2999.7560995698527,270.35435110063577,251.69340764905277,-0.011819842082887918,11.583831824303925,-3.1140572051946713,1442.341035591474,276.78408750634765,263.5380484481672,7.070651949182498,-1.5253971987406802,279.4483238203928,270.00016939759746,4.689688185728273,-0.48497803168821846,283.2684201691904,274.1994932048077,1.9967510674127706,-0.6963324781574852,-0.01929302990554826,0.009507163193365855,101239.91400059103,103.92608687501054,0.3278751196543108,0.0,0.0,0.0,0.0,0.0,0.0,0.0,0.0004513223255741526,0.0,3.0476022881663973,-0.5978477733562443,95910.14363241356,476.70417641761594,279.3162596389258,58.197879894454005,0.0315289874432741,0.0,21.77614272819352,0.0466619844235501,279.48488101405457,283.0796505839302,0.004853770774271651,272.52816329352066,60.56537094454776,5.157447873936893e-10,1.875961327759105,-0.6908773651819934,4.676485708076893,-0.6908779775601148,-50.0,0.0,0.0,2.718766642468983e-05,0.0,0.0,0.0,0.0,0.0,0.0,0.1882035664551863,0.22429768890246618,-7.659319179000399,53.00392726837541,11.754995509518718,0.333941359195986,26.851323165407003,11.69213827218038,12.82704826921822,2.306307372175253,-3.406517942766441,10.39093809082365,35.15041003964186,23.643730306575733,13.138740737124794,12.787815704979316,2059.137055487763,73038.17071242169,74414.81370670201,4.397995214002533,271.9155495052597,0.38871558588052013,331.04444783752956,0.006131987081271151,15.901800164222319,2.562919524941549,143.72230699285075,79.53930230535869,7.9645678859375035,-6.496265276149436,16.784930328473095,-2.5533166427613145,35.160991408684886,4152.055102483228,5636.685590900272,8.892649362960539,9.557446579194576,-3.271952399673655,504.45543158710456,4.458377271463547,-2.2097080128627398,11.728801175346076,-3.9353365446442026,75518.02984660977,747.8597293673627,0.6304929661374145,0.008495084265853988,240.14232696297938,275.41657689137435,236.16976325499505,275.3725088034965
2025-01-29 01:25:00,-8.983874290669299,37.585934330669836,0.001507380433609201,32431.77395618837,-9.445303479724947,-9.832340449692,0.3146367321587571,7.115819051641835,31.69099585777635,-2.835981562057318,28.768174321345082,-2.41871182777001,5588.418350499221,254.77988537218747,236.46807563349634,18.76004445102486,-3.071332200549839,2999.8771015608263,270.3521235235318,251.69346065680247,-0.011570306140489945,11.573342064840569,-3.107087644684337,1442.4936464439827,276.7761654811326,263.5280739588269,7.055155650776777,-1.5333281839281296,279.4306887486466,270.0013627831308,4.690258289438901,-0.4940010301309581,283.2332019202133,274.2015172811393,1.9906123826701225,-0.69178568069635,-0.020972732428738303,0.009340969484312152,101241.95591756725,104.09384158022286,0.32701820582658536,0.0,0.0,0.0,0.0,0.0,0.0,0.0,0.0004441159910648783,0.0,3.0406669959260375,-0.5966390762640349,95911.81411244627,476.70417641761594,279.2565579272584,58.224795107028825,0.03153092518261553,0.0,21.774991938479445,0.04666482222750617,279.435998477763,283.0278737742495,0.004852566658233345,272.51991357141435,60.6686478236169,5.154421090092547e-10,1.8689757038240606,-0.688002218578307,4.671863330081182,-0.6880028200211049,-50.0,0.0,0.0,2.6350234707037436e-05,0.0,0.0,0.0,0.0,0.0,0.0,0.1882039528176655,0.2239407918713978,-7.6839332364376185,52.98303511393645,11.754995509518718,0.333941359195986,26.735276199154463,11.692150082329864,12.859689457805661,2.2695821289167926,-3.439331130871678,10.38914354964477,35.16091009361862,23.61633299057655,13.155729068522136,12.788368419975214,2057.096114254913,73005.57888204975,74418.81944695956,3.848245812252216,271.84501376800984,0.3401261376454551,330.7871886167038,0.006131987081271151,13.914075143694529,2.2425545843238552,143.64129942788136,79.59995772841312,7.952529410905019,-6.497089112317824,16.775840483845883,-2.539382343777508,35.20030612782291,4151.846623163325,5635.7674047047785,8.896199638242,9.411636286588061,-3.299958813197203,499.790294417576,4.365599930223887,-2.2097848225756866,11.55806315648028,-3.974167922479229,75510.77409756024,747.3331231564138,0.6304929661374145,0.00849381576831671,240.14312093498228,275.3706211576271,236.17487830113845,275.3270871205735
2025-01-29 01:30:00,-8.983669679829472,37.58582325402686,0.0015019349182029047,32309.70762793935,-9.446669629701947,-9.832123744384273,0.3140282169403734,7.110690654067742,31.680326781355866,-2.8418358025781565,28.764029950433176,-2.4172091758610086,5588.528444251023,254.77673187784552,236.4902301288854,18.750633330326437,-3.0541408195947506,2999.9981035517994,270.3498959464279,251.6935136645522,-0.01132077019809197,11.562852305377213,-3.100118084174002,1442.6462572964913,276.76824345591757,263.5180994694866,7.039659352371058,-1.541259169115579,279.4130536769004,270.0025561686641,4.69082839314953,-0.5030240285736977,283.1979836712361,274.20354135747084,1.9844736979274744,-0.687238883235215,-0.02265243495192834,0.009174775775258449,101243.99783454348,104.26159628543519,0.3261612919988599,0.0,0.0,0.0,0.0,0.0,0.0,0.0,0.000436909656555604,0.0,3.033731703685678,-0.5954303791718254,95913.48459247898,476.70417641761594,279.1968562155911,58.25171031960364,0.03153286292195696,0.0,21.773841148765367,0.046667660031462235,279.3871159414715,282.9760969645688,0.00485136254219504,272.511663849308,60.77192470268605,5.151394306248202e-10,1.8619900798890163,-0.6851270719746207,4.667240952085472,-0.685127662482095,-50.0,0.0,0.0,2.5512802989385043e-05,0.0,0.0,0.0,0.0,0.0,0.0,0.1882043391801447,0.2235838948403294,-7.708547293874837,52.962142959497484,11.754995509518718,0.333941359195986,26.619229232901922,11.69216189247935,12.892330646393102,2.232856885658332,-3.4721443189769157,10.387349008465888,35.171410147595374,23.588935674577364,13.172717399919481,12.788921134971112,2055.055173022063,72972.98705167783,74422.82518721711,3.2984964105018997,271.77447803075995,0.29153668941039007,330.52992939587807,0.006131987081271151,11.926350123166738,1.9221896437061616,143.56029186291198,79.66061315146754,7.940490935872534,-6.4979129484862135,16.76675063921867,-2.5254480447937016,35.23962084696093,4151.638143843422,5634.849218509286,8.899749913523461,9.265825993981547,-3.327965226720752,495.12515724804734,4.272822588984227,-2.209861632288634,11.387325137614486,-4.012999300314255,75503.51834851068,746.8065169454649,0.6304929661374145,0.008492547270779433,240.1439149069852,275.3246654238799,236.17999334728182,275.2816654376504
2025-01-29 01:35:00,-8.983465068989645,37.5857121773839,0.0014964894027966083,32187.64129969033,-9.44803577967895,-9.831907039076548,0.3134197017219898,7.1055622564936485,31.669657704935382,-2.8476900430989955,28.759885579521274,-2.4157065239520072,5588.638538002825,254.77357838350355,236.51238462427446,18.74122220962801,-3.0369494386396627,3000.119105542773,270.347668369324,251.6935666723019,-0.011071234255693996,11.552362545913855,-3.0931485236636673,1442.7988681489999,276.76032143070256,263.50812498014625,7.024163053965339,-1.5491901543030282,279.39541860515425,270.0037495541974,4.691398496860158,-0.5120470270164372,283.162765422259,274.20556543380246,1.978335013184826,-0.6826920857740799,-0.02433213747511838,0.009008582066204746,101246.03975151971,104.4293509906475,0.3253043781711345,0.0,0.0,0.0,0.0,0.0,0.0,0.0,0.00042970332204632974,0.0,3.0267964114453187,-0.594221682079616,95915.1550725117,476.70417641761594,279.1371545039237,58.27862553217845,0.031534800661298386,0.0,21.77269035905129,0.0466704978354183,279.33823340517995,282.92432015488816,0.004850158426156734,272.50341412720167,60.87520158175519,5.148367522403857e-10,1.8550044559539722,-0.6822519253709345,4.6626185740897625,-0.6822525049430851,-50.0,0.0,0.0,2.4675371271732647e-05,0.0,0.0,0.0,0.0,0.0,0.0,0.1882047255426239,0.223226997809261,-7.733161351312055,52.94125080505852,11.754995509518718,0.333941359195986,26.50318226664938,11.692173702628835,12.924971834980544,2.1961316423998714,-3.5049575070821533,10.385554467287006,35.18191020157213,23.561538358578183,13.189705731316824,12.78947384996701,2053.0142317892128,72940.3952213059,74426.83092747466,2.7487470087515833,271.70394229351,0.24294724117532507,330.27267017505227,0.006131987081271151,9.93862510263895,1.601824703088468,143.4792842979426,79.72126857452197,7.928452460840049,-6.498736784654602,16.75766079459146,-2.511513745809895,35.27893556609896,4151.429664523518,5633.931032313794,8.903300188804923,9.120015701375035,-3.3559716402443005,490.4600200785187,4.180045247744568,-2.209938442001581,11.216587118748691,-4.051830678149281,75496.26259946113,746.2799107345161,0.6304929661374145,0.008491278773242156,240.14470887898813,275.27870969013264,236.1851083934252,275.2362437547274
2025-01-29 01:40:00,-8.983260458149816,37.585601100740924,0.0014910438873903121,32065.57497144131,-9.44940192965595,-9.83169033376882,0.3128111865036061,7.100433858919556,31.6589886285149,-2.853544283619834,28.75574120860937,-2.414203872043006,5588.748631754627,254.77042488916157,236.53453911966352,18.731811088929586,-3.0197580576845744,3000.2401075337466,270.3454407922201,251.6936196800516,-0.010821698313296022,11.541872786450499,-3.086178963153333,1442.9514790015085,276.7523994054875,263.4981504908059,7.008666755559618,-1.5571211394904776,279.3777835334081,270.0049429397307,4.691968600570786,-0.5210700254591768,283.12754717328187,274.207589510134,1.972196328442178,-0.6781452883129447,-0.026011839998308417,0.008842388357151043,101248.08166849593,104.59710569585982,0.32444746434340904,0.0,0.0,0.0,0.0,0.0,0.0,0.0,0.0004224969875370554,0.0,3.019861119204959,-0.5930129849874066,95916.82555254441,476.70417641761594,279.0774527922563,58.30554074475327,0.031536738400639815,0.0,21.771539569337214,0.04667333563937437,279.2893508688884,282.8725433452075,0.004848954310118429,272.49516440509535,60.978478460824334,5.14534073855951e-10,1.848018832018928,-0.6793767787672481,4.657996196094052,-0.6793773474040752,-50.0,0.0,0.0,2.3837939554080254e-05,0.0,0.0,0.0,0.0,0.0,0.0,0.1882051119051031,0.2228701007781926,-7.757775408749274,52.92035865061956,11.754995509518718,0.333941359195986,26.38713530039684,11.69218551277832,12.957613023567985,2.1594063991414107,-3.5377706951873904,10.383759926108127,35.192410255548886,23.534141042578998,13.206694062714167,12.790026564962908,2050.973290556363,72907.80339093396,74430.8366677322,2.1989976070012665,271.6334065562601,0.19435779294026007,330.0154109542265,0.006131987081271151,7.9509000821111595,1.2814597624707744,143.39827673297322,79.7819239975764,7.916413985807564,-6.49956062082299,16.748570949964247,-2.4975794468260886,35.318250285236985,4151.221185203614,5633.012846118301,8.906850464086386,8.97420540876852,-3.3839780537678488,485.79488290899013,4.087267906504908,-2.2100152517145277,11.045849099882895,-4.090662055984308,75489.00685041159,745.7533045235672,0.6304929661374145,0.008490010275704878,240.14550285099102,275.2327539563854,236.1902234395686,275.1908220718044
2025-01-29 01:45:00,-8.983055847309988,37.58549002409796,0.001485598371984016,31943.50864319229,-9.450768079632951,-9.831473628461096,0.31220267128522244,7.095305461345463,31.64831955209442,-2.859398524140673,28.751596837697466,-2.4127012201340046,5588.8587255064285,254.76727139481963,236.55669361505255,18.722399968231162,-3.0025666767294865,3000.36110952472,270.3432132151162,251.69367268780132,-0.010572162370898048,11.531383026987143,-3.079209402642998,1443.1040898540168,276.7444773802725,263.4881760014656,6.993170457153899,-1.565052124677927,279.3601484616619,270.00613632526404,4.692538704281414,-0.5300930239019164,283.0923289243047,274.2096135864656,1.9660576436995298,-0.6735984908518097,-0.027691542521498455,0.00867619464809734,101250.12358547215,104.76486040107214,0.32359055051568364,0.0,0.0,0.0,0.0,0.0,0.0,0.0,0.0004152906530277811,0.0,3.0129258269645995,-0.5918042878951972,95918.49603257712,476.70417641761594,279.01775108058894,58.332455957328094,0.03153867613998124,0.0,21.770388779623136,0.046676173443330436,279.24046833259683,282.8207665355268,0.004847750194080123,272.486914682989,61.081755339893476,5.142313954715165e-10,1.8410332080838836,-0.6765016321635619,4.653373818098342,-0.6765021898650654,-50.0,0.0,0.0,2.3000507836427858e-05,0.0,0.0,0.0,0.0,0.0,0.0,0.18820549826758232,0.22251320374712422,-7.782389466186492,52.8994664961806,11.754995509518718,0.333941359195986,26.271088334144295,11.692197322927804,12.990254212155428,2.12268115588295,-3.5705838832926275,10.381965384929245,35.20291030952565,23.506743726579817,13.223682394111512,12.790579279958806,2048.932349323513,72875.21156056202,74434.84240798975,1.6492482052509496,271.56287081901024,0.14576834470519506,329.7581517334007,0.006131987081271151,5.963175061583371,0.9610948218530808,143.31726916800383,79.84257942063081,7.904375510775079,-6.5003844569913785,16.739481105337035,-2.4836451478422816,35.357565004375004,4151.0127058837115,5632.094659922809,8.910400739367848,8.828395116162007,-3.411984467291397,481.1297457394615,3.9944905652652483,-2.2100920614274746,10.8751110810171,-4.129493433819334,75481.75110136205,745.2266983126183,0.6304929661374145,0.0084887417781676,240.14629682299395,275.1867982226382,236.19533848571197,275.14540038888134
2025-01-29 01:50:00,-8.982851236470161,37.585378947454984,0.0014801528565777195,31821.44231494327,-9.452134229609952,-9.831256923153369,0.3115941560668388,7.09017706377137,31.637650475673937,-2.865252764661512,28.74745246678556,-2.4111985682250032,5588.968819258231,254.76411790047766,236.5788481104416,18.712988847532735,-2.985375295774398,3000.4821115156938,270.3409856380123,251.69372569555102,-0.010322626428500074,11.520893267523785,-3.0722398421326633,1443.2567007065254,276.7365553550575,263.47820151212534,6.977674158748179,-1.5729831098653764,279.3425133899157,270.00732971079736,4.6931088079920436,-0.539116022344656,283.0571106753276,274.2116376627972,1.9599189589568817,-0.6690516933906746,-0.029371245044688493,0.008510000939043636,101252.16550244838,104.93261510628446,0.3227336366879582,0.0,0.0,0.0,0.0,0.0,0.0,0.0,0.00040808431851850684,0.0,3.00599053472424,-0.5905955908029878,95920.16651260982,476.70417641761594,278.95804936892154,58.35937116990291,0.031540613879322665,0.0,21.76923798990906,0.0466790112472865,279.1915857963053,282.76898972584615,0.004846546078041818,272.47866496088267,61.18503221896262,5.13928717087082e-10,1.8340475841488393,-0.6736264855598756,4.648751440102632,-0.6736270323260555,-50.0,0.0,0.0,2.2163076118775465e-05,0.0,0.0,0.0,0.0,0.0,0.0,0.18820588463006155,0.22215630671605582,-7.8070035236237105,52.87857434174164,11.754995509518718,0.333941359195986,26.155041367891755,11.69220913307729,13.022895400742868,2.08595591262449,-3.603397071397865,10.380170843750363,35.213410363502405,23.479346410580632,13.240670725508854,12.791131994954704,2046.891408090663,72842.61973019008,74438.84814824729,1.0994988035006328,271.4923350817603,0.09717889647013006,329.500892512575,0.006131987081271151,3.9754500410555806,0.6407298812353872,143.23626160303445,79.90323484368524,7.892337035742594,-6.501208293159767,16.73039126070982,-2.469710848858475,35.39687972351303,4150.804226563808,5631.176473727317,8.91395101464931,8.682584823555493,-3.4399908808149458,476.46460856993286,3.9017132240255883,-2.2101688711404215,10.704373062151305,-4.168324811654361,75474.4953523125,744.7000921016695,0.6304929661374145,0.008487473280630322,240.14709079499687,275.14084248889094,236.20045353185535,275.09997870595834
2025-01-29 01:55:00,-8.982646625630334,37.58526787081202,0.0014747073411714232,31699.37598669425,-9.453500379586952,-9.831040217845644,0.31098564084845515,7.085048666197277,31.626981399253452,-2.871107005182351,28.743308095873658,-2.409695916316002,5589.078913010033,254.7609644061357,236.60100260583067,18.70357772683431,-2.9681839148193103,3000.6031135066673,270.33875806090833,251.69377870330075,-0.0100730904861021,11.51040350806043,-3.065270281622329,1443.409311559034,276.7286333298424,263.468227022785,6.962177860342459,-1.5809140950528258,279.3248783181695,270.0085230963307,4.693678911702672,-0.5481390207873956,283.0218924263504,274.2136617391288,1.9537802742142336,-0.6645048959295394,-0.03105094756787853,0.008343807229989933,101254.20741942461,105.10036981149679,0.3218767228602328,0.0,0.0,0.0,0.0,0.0,0.0,0.0,0.00040087798400923255,0.0,2.9990552424838803,-0.5893868937107785,95921.83699264254,476.70417641761594,278.8983476572542,58.38628638247772,0.031542551618664094,0.0,21.768087200194984,0.04668184905124257,279.1427032600137,282.71721291616547,0.004845341962003512,272.4704152387763,61.28830909803177,5.136260387026474e-10,1.827061960213795,-0.6707513389561892,4.644129062106922,-0.6707518747870456,-50.0,0.0,0.0,2.132564440112307e-05,0.0,0.0,0.0,0.0,0.0,0.0,0.18820627099254075,0.22179940968498743,-7.83161758106093,52.85768218730267,11.754995509518718,0.333941359195986,26.03899440163921,11.692220943226776,13.05553658933031,2.0492306693660294,-3.6362102595031027,10.378376302571484,35.22391041747916,23.45194909458145,13.2576590569062,12.791684709950601,2044.850466857813,72810.02789981815,74442.85388850483,0.5497494017503168,271.4217993445104,0.04858944823506506,329.2436332917492,0.006131987081271151,1.9877250205277903,0.3203649406176936,143.15525403806507,79.96389026673967,7.880298560710109,-6.502032129328156,16.721301416082607,-2.4557765498746686,35.43619444265105,4150.595747243905,5630.258287531824,8.917501289930772,8.536774530948978,-3.4679972943384945,471.7994714004043,3.8089358827859288,-2.2102456808533684,10.53363504328551,-4.207156189489387,75467.23960326295,744.1734858907206,0.6304929661374145,0.008486204783093044,240.14788476699977,275.0948867551437,236.20556857799875,275.0545570230353
2025-01-29 02:00:00,-8.982442014790506,37.585156794169045,0.001469261825765127,31577.30965844523,-9.454866529563953,-9.830823512537917,0.31037712563007147,7.079920268623185,31.61631232283297,-2.8769612457031895,28.739163724961752,-2.4081932644070005,5589.189006761835,254.75781091179374,236.62315710121973,18.694166606135887,-2.950992533864222,3000.724115497641,270.33653048380444,251.69383171105045,-0.009823554543704125,11.499913748597073,-3.058300721111994,1443.5619224115426,276.7207113046274,263.4582525334447,6.94668156193674,-1.5888450802402752,279.30724324642335,270.009716481864,4.6942490154133,-0.5571620192301352,282.9866741773733,274.21568581546035,1.9476415894715855,-0.6599580984684044,-0.03273065009106857,0.00817761352093623,101256.24933640083,105.26812451670911,0.3210198090325073,0.0,0.0,0.0,0.0,0.0,0.0,0.0,0.00039367164949995827,0.0,2.992119950243521,-0.5881781966185691,95923.50747267525,476.70417641761594,278.8386459455868,58.41320159505254,0.03154448935800552,0.0,21.766936410480906,0.04668468685519864,279.09382072372216,282.6654361064848,0.004844137845965207,272.46216551667,61.39158597710091,5.133233603182129e-10,1.8200763362787507,-0.667876192352503,4.639506684111212,-0.6678767172480357,-50.0,0.0,0.0,2.0488212683470676e-05,0.0,0.0,0.0,0.0,0.0,0.0,0.18820665735501996,0.22144251265391904,-7.856231638498148,52.83679003286371,11.754995509518718,0.333941359195986,25.92294743538667,11.69223275337626,13.088177777917751,2.0125054261075688,-3.66902344760834,10.376581761392602,35.23441047145592,23.424551778582266,13.274647388303542,12.7922374249465,2042.809525624963,72777.43606944621,74446.85962876238,0.0,271.35126360726053,0.0,328.98637407092343,0.006131987081271151,0.0,0.0,143.07424647309568,80.0245456897941,7.868260085677624,-6.502855965496544,16.712211571455395,-2.441842250890862,35.47550916178908,4150.387267924001,5629.340101336332,8.921051565212235,8.390964238342464,-3.4960037078620427,467.13433423087565,3.716158541546269,-2.2103224905663152,10.362897024419714,-4.245987567324414,75459.98385421341,743.6468796797717,0.6304929661374145,0.008484936285555767,240.1486787390027,275.04893102139647,236.21068362414212,275.00913534011227
2025-01-29 02:05:00,-8.980743794575659,37.59454422708521,0.0014669550785654884,31484.671707588397,-9.454000864743518,-9.83036692723793,0.3105950474925478,7.075041827759675,31.60424818932087,-2.8719143124530246,28.730459470997488,-2.400077732638974,5589.2657572085745,254.75668084621452,236.65762250189962,18.688374077392776,-2.9217747188583907,3000.8212267926347,270.33372867274784,251.69665394209522,-0.010915776126328094,11.494493718354411,-3.032951801187341,1443.6893191216864,276.71253966638807,263.45039844120237,6.9305605770779355,-1.5844310838485478,279.2927625627623,270.0120432793257,4.690842000881975,-0.5603451271571565,282.9603397358039,274.21790775727976,1.9437370414762125,-0.6541964596175157,-0.03198475609537594,0.0054342386274076025,101257.98047344877,105.41184735751003,0.31909383609927033,0.0,0.0,0.0,0.0,0.0,0.0,0.0,0.0003733370653405706,0.0,2.9861727185917895,-0.5841822271817008,95925.006021864,476.70417641761594,278.7960857676833,58.43787072715352,0.031546886380938034,0.0,21.740335054815716,0.04668866770665968,279.0596920524735,282.62905604694765,0.004843855917576004,272.4564071199712,61.47379419248584,5.132015178929016e-10,1.8158579894335662,-0.6637869636499767,4.6342313994355315,-0.6637874885455094,-50.0,0.0,0.0,2.0558842013968175e-05,0.0,0.0,0.0,0.0,0.0,0.0,0.18821572792162544,0.22108836607544183,-7.862255208407147,52.77372422828547,11.754995509518718,0.333941359195986,25.88454345373912,11.69223275337626,13.111039064825125,1.9975888967448252,-3.693643978757128,10.376415856291432,35.316145366668394,23.536857114512785,13.316630895036115,12.739359755174725,2041.1977714235559,72893.05769130499,74447.92714817433,0.0,271.3704779287552,0.0,328.8076867206568,0.006131987081271151,0.0,0.0,143.00042372191874,79.90519651826295,7.8646177000319835,-6.494871041332047,16.709261754917335,-2.4151513375007263,35.47852866708204,4149.946876197964,5628.797321300628,8.924804773854884,8.376110569593887,-3.580532928183968,465.1707506572124,3.6787387827637605,-2.233136549998137,10.372594906798675,-4.300373130737655,75449.19858950072,743.3863793196059,0.6304929661374145,0.008485023768144544,240.1470447516972,275.01116228996807,236.2140440529527,274.9732763033883
2025-01-29 02:10:00,-8.979045574360812,37.60393166000137,0.00146464833136585,31392.033756731566,-9.453135199923084,-9.829910341937946,0.3108129693550241,7.070163386896166,31.592184055808772,-2.86686737920286,28.72175521703322,-2.3919622008709474,5589.342507655314,254.75555078063528,236.6920879025795,18.68258154864967,-2.8925569038525594,3000.9183380876284,270.3309268616912,251.69947617313997,-0.012007997708952063,11.48907368811175,-3.007602881262688,1443.8167158318302,276.7043680281488,263.44254434896004,6.91443959221913,-1.5800170874568207,279.27828187910114,270.0143700767875,4.687434986350651,-0.5635282350841777,282.93400529423457,274.22012969909923,1.9398324934808397,-0.6484348207666272,-0.031238862099683313,0.002690863733878975,101259.71161049673,105.55557019831093,0.3171678631660334,0.0,0.0,0.0,0.0,0.0,0.0,0.0,0.0003530024811811829,0.0,2.980225486940058,-0.5801862577448326,95926.50457105275,476.70417641761594,278.7535255897797,58.46253985925451,0.031549283403870546,0.0,21.713733699150527,0.04669264855812071,279.02556338122486,282.59267598741053,0.004843573989186802,272.45064872327237,61.55600240787078,5.130796754675903e-10,1.811639642588382,-0.6596977349474504,4.62895611475985,-0.659698259842983,-50.0,0.0,0.0,2.062947134446567e-05,0.0,0.0,0.0,0.0,0.0,0.0,0.18822479848823093,0.22073421949696462,-7.868278778316146,52.71065842370722,11.754995509518718,0.333941359195986,25.846139472091565,11.69223275337626,13.133900351732498,1.9826723673820816,-3.718264509905916,10.376249951190262,35.39788026188088,23.6491624504433,13.358614401768687,12.686482085402952,2039.5860172221487,73008.67931316377,74448.99466758627,0.0,271.3896922502499,0.0,328.62899937039015,0.006131987081271151,0.0,0.0,142.9266009707418,79.78584734673183,7.860975314386343,-6.4868861171675505,16.706311938379272,-2.3884604241105905,35.48154817237499,4149.506484471928,5628.254541264925,8.928557982497534,8.361256900845309,-3.6650621485058936,463.2071670835491,3.6413190239812523,-2.2559506094299584,10.382292789177633,-4.354758694150897,75438.41332478802,743.1258789594401,0.6304929661374145,0.008485111250733323,240.14541076439173,274.97339355853967,236.21740448176328,274.9374172666643
2025-01-29 02:15:00,-8.977347354145966,37.613319092917536,0.0014623415841662113,31299.395805874738,-9.452269535102651,-9.82945375663796,0.31103089121750044,7.065284946032656,31.58011992229667,-2.861820445952695,28.713050963068955,-2.3838466691029208,5589.419258102053,254.75442071505606,236.72655330325938,18.676789019906558,-2.863339088846728,3001.015449382622,270.3281250506346,251.70229840418475,-0.01310021929157603,11.483653657869088,-2.982253961338035,1443.944112541974,276.69619638990946,263.43469025671766,6.898318607360326,-1.5756030910650933,279.26380119544007,270.0166968742492,4.684027971819326,-0.5667113430111991,282.9076708526652,274.22235164091865,1.9359279454854668,-0.6426731819157385,-0.030492968103990686,-5.251115964965275e-05,101261.44274754467,105.69929303911185,0.3152418902327964,0.0,0.0,0.0,0.0,0.0,0.0,0.0,0.0003326678970217952,0.0,2.9742782552883265,-0.5761902883079644,95928.0031202415,476.70417641761594,278.7109654118762,58.487208991355494,0.03155168042680306,0.0,21.687132343485338,0.046696629409581754,278.9914347099762,282.55629592787335,0.0048432920607976,272.44489032657356,61.63821062325571,5.12957833042279e-10,1.8074212957431977,-0.6556085062449241,4.62368083008417,-0.6556090311404568,-50.0,0.0,0.0,2.070010067496317e-05,0.0,0.0,0.0,0.0,0.0,0.0,0.18823386905483638,0.22038007291848738,-7.874302348225145,52.64759261912898,11.754995509518718,0.333941359195986,25.807735490444013,11.69223275337626,13.156761638639871,1.967755838019338,-3.7428850410547043,10.376084046089092,35.479615157093356,23.761467786373814,13.40059790850126,12.63360441563118,2037.9742630207415,73124.30093502253,74450.06218699823,0.0,271.4089065717445,0.0,328.45031202012353,0.006131987081271151,0.0,0.0,142.85277821956484,79.66649817520069,7.857332928740702,-6.478901193003053,16.703362121841213,-2.3617695107204546,35.484567677667954,4149.066092745891,5627.711761229221,8.932311191140185,8.346403232096732,-3.749591368827819,461.24358350988587,3.603899265198744,-2.27876466886178,10.391990671556593,-4.409144257564138,75427.62806007534,742.8653785992742,0.6304929661374145,0.0084851987333221,240.14377677708626,274.93562482711127,236.22076491057385,274.9015582299403
2025-01-29 02:20:00,-8.97564913393112,37.6227065258337,0.0014600348369665727,31206.757855017906,-9.451403870282217,-9.828997171337974,0.31124881307997676,7.060406505169146,31.56805578878457,-2.85677351270253,28.70434670910469,-2.3757311373348946,5589.496008548793,254.75329064947684,236.76101870393924,18.670996491163447,-2.8341212738408967,3001.112560677616,270.325323239578,251.7051206352295,-0.014192440874200001,11.478233627626427,-2.956905041413382,1444.071509252118,276.6880247516702,263.42683616447533,6.882197622501522,-1.571189094673366,279.24932051177893,270.01902367171095,4.680620957288002,-0.5698944509382203,282.8813364110958,274.2245735827381,1.9320233974900938,-0.63691154306485,-0.029747074108298056,-0.0027958860531782804,101263.17388459262,105.84301587991277,0.3133159172995595,0.0,0.0,0.0,0.0,0.0,0.0,0.0,0.00031233331286240756,0.0,2.968331023636595,-0.5721943188710961,95929.50166943025,476.70417641761594,278.6684052339727,58.511878123456476,0.03155407744973557,0.0,21.66053098782015,0.04670061026104279,278.95730603872755,282.5199158683362,0.004843010132408398,272.43913192987475,61.72041883864064,5.128359906169676e-10,1.8032029488980132,-0.6515192775423978,4.618405545408488,-0.6515198024379305,-50.0,0.0,0.0,2.077073000546067e-05,0.0,0.0,0.0,0.0,0.0,0.0,0.18824293962144187,0.22002592634001017,-7.880325918134143,52.584526814550735,11.754995509518718,0.333941359195986,25.769331508796462,11.69223275337626,13.179622925547244,1.9528393086565945,-3.7675055722034925,10.375918140987922,35.56135005230584,23.873773122304332,13.442581415233832,12.580726745859405,2036.3625088193346,73239.92255688131,74451.12970641018,0.0,271.4281208932392,0.0,328.2716246698569,0.006131987081271151,0.0,0.0,142.7789554683879,79.54714900366955,7.853690543095061,-6.470916268838556,16.70041230530315,-2.3350785973303188,35.487587182960915,4148.625701019854,5627.168981193518,8.936064399782834,8.331549563348155,-3.8341205891497445,459.27999993622257,3.5664795064162353,-2.3015787282936016,10.401688553935553,-4.463529820977381,75416.84279536265,742.6048782391084,0.6304929661374145,0.008485286215910878,240.14214278978076,274.89785609568287,236.22412533938441,274.86569919321624
2025-01-29 02:25:00,-8.973950913716273,37.63209395874986,0.0014577280897669343,31114.119904161074,-9.450538205461783,-9.828540586037988,0.3114667349424531,7.055528064305637,31.555991655272468,-2.8517265794523654,28.695642455140423,-2.367615605566868,5589.572758995532,254.7521605838976,236.79548410461913,18.66520396242034,-2.8049034588350654,3001.2096719726096,270.3225214285214,251.70794286627427,-0.015284662456823968,11.472813597383764,-2.931556121488729,1444.1989059622617,276.67985311343085,263.418982072233,6.866076637642717,-1.5667750982816389,279.23483982811786,270.02135046917266,4.677213942756677,-0.5730775588652416,282.8550019695264,274.22679552455753,1.9281188494947208,-0.6311499042139613,-0.029001180112605426,-0.005539260946706908,101264.90502164057,105.98673872071367,0.3113899443663225,0.0,0.0,0.0,0.0,0.0,0.0,0.0,0.0002919987287030199,0.0,2.9623837919848635,-0.5681983494342278,95931.000218619,476.70417641761594,278.6258450560691,58.536547255557466,0.03155647447266808,0.0,21.63392963215496,0.04670459111250383,278.9231773674789,282.4835358087991,0.004842728204019195,272.43337353317594,61.80262705402558,5.127141481916564e-10,1.7989846020528288,-0.6474300488398715,4.613130260732808,-0.6474305737354042,-50.0,0.0,0.0,2.0841359335958164e-05,0.0,0.0,0.0,0.0,0.0,0.0,0.18825201018804735,0.21967177976153296,-7.886349488043142,52.52146100997249,11.754995509518718,0.333941359195986,25.730927527148907,11.69223275337626,13.202484212454618,1.937922779293851,-3.7921261033522806,10.375752235886752,35.64308494751832,23.98607845823485,13.484564921966404,12.52784907608763,2034.7507546179274,73355.54417874009,74452.19722582212,0.0,271.44733521473387,0.0,328.09293731959025,0.006131987081271151,0.0,0.0,142.70513271721094,79.42779983213842,7.85004815744942,-6.462931344674058,16.69746248876509,-2.308387683940183,35.49060668825387,4148.185309293818,5626.626201157815,8.939817608425484,8.316695894599578,-3.91864980947167,457.3164163625593,3.529059747633727,-2.324392787725423,10.411386436314512,-4.517915384390622,75406.05753064995,742.3443778789426,0.6304929661374145,0.008485373698499657,240.14050880247527,274.86008736425447,236.227485768195,274.82984015649225
2025-01-29 02:30:00,-8.972252693501424,37.641481391666034,0.0014554213425672956,31021.481953304246,-9.449672540641348,-9.828084000738002,0.3116846568049294,7.050649623442127,31.543927521760367,-2.8466796462022006,28.686938201176158,-2.3595000737988414,5589.649509442272,254.75103051831837,236.829949505299,18.659411433677228,-2.775685643829234,3001.3067832676034,270.3197196174648,251.71076509731904,-0.01637688403944794,11.467393567141102,-2.906207201564076,1444.3263026724055,276.6716814751916,263.4111279799907,6.849955652783913,-1.5623611018899115,279.2203591444568,270.0236772666344,4.6738069282253525,-0.576260666792263,282.82866752795707,274.22901746637694,1.9242143014993478,-0.6253882653630727,-0.0282552861169128,-0.008282635840235536,101266.63615868852,106.1304615615146,0.30946397143308557,0.0,0.0,0.0,0.0,0.0,0.0,0.0,0.0002716641445436322,0.0,2.956436560333132,-0.5642023799973596,95932.49876780773,476.70417641761594,278.5832848781656,58.56121638765845,0.03155887149560059,0.0,21.607328276489774,0.04670857196396487,278.88904869623025,282.4471557492619,0.004842446275629993,272.42761513647713,61.88483526941051,5.12592305766345e-10,1.7947662552076444,-0.6433408201373452,4.607854976057126,-0.643341345032878,-50.0,0.0,0.0,2.0911988666455663e-05,0.0,0.0,0.0,0.0,0.0,0.0,0.1882610807546528,0.21931763318305575,-7.892373057952141,52.45839520539425,11.754995509518718,0.333941359195986,25.692523545501356,11.69223275337626,13.22534549936199,1.9230062499311074,-3.8167466345010688,10.37558633078558,35.724819842730795,24.098383794165365,13.526548428698977,12.474971406315857,2033.1390004165203,73471.16580059887,74453.26474523408,0.0,271.4665495362285,0.0,327.91424996932363,0.006131987081271151,0.0,0.0,142.631309966034,79.30845066060728,7.846405771803779,-6.454946420509561,16.694512672227027,-2.281696770550047,35.49362619354683,4147.744917567781,5626.083421122112,8.943570817068135,8.301842225851,-4.003179029793595,455.3528327888961,3.491639988851219,-2.3472068471572447,10.421084318693472,-4.572300947803864,75395.27226593727,742.0838775187768,0.6304929661374145,0.008485461181088434,240.1388748151698,274.82231863282607,236.23084619700558,274.79398111976826
2025-01-29 02:35:00,-8.970554473286578,37.6508688245822,0.001453114595367657,30928.844002447415,-9.448806875820914,-9.827627415438018,0.3119025786674057,7.045771182578617,31.53186338824827,-2.841632712952036,28.678233947211893,-2.351384542030815,5589.726259889011,254.74990045273915,236.8644149059789,18.653618904934117,-2.746467828823403,3001.4038945625975,270.3169178064081,251.7135873283638,-0.017469105622071907,11.46197353689844,-2.8808582816394224,1444.4536993825493,276.66350983695224,263.40327388774836,6.8338346679251085,-1.5579471054981842,279.20587846079565,270.0260040640961,4.670399913694028,-0.5794437747192842,282.8023330863877,274.2312394081964,1.920309753503975,-0.6196266265121841,-0.027509392121220173,-0.011026010733764165,101268.36729573646,106.27418440231551,0.3075379984998486,0.0,0.0,0.0,0.0,0.0,0.0,0.0,0.00025132956038424455,0.0,2.950489328681401,-0.5602064105604914,95933.99731699648,476.70417641761594,278.5407247002621,58.58588551975943,0.031561268518533095,0.0,21.580726920824585,0.046712552815425905,278.8549200249816,282.4107756897248,0.004842164347240791,272.4218567397783,61.96704348479544,5.124704633410337e-10,1.7905479083624602,-0.6392515914348189,4.602579691381446,-0.6392521163303516,-50.0,0.0,0.0,2.0982617996953162e-05,0.0,0.0,0.0,0.0,0.0,0.0,0.1882701513212583,0.21896348660457854,-7.89839662786114,52.395329400816,11.754995509518718,0.333941359195986,25.654119563853804,11.69223275337626,13.248206786269364,1.9080897205683638,-3.8413671656498565,10.37542042568441,35.80655473794328,24.21068913009588,13.568531935431551,12.422093736544085,2031.527246215113,73586.78742245765,74454.33226464603,0.0,271.4857638577232,0.0,327.735562619057,0.006131987081271151,0.0,0.0,142.55748721485708,79.18910148907614,7.842763386158138,-6.4469614963450645,16.691562855688968,-2.2550058571599108,35.49664569883979,4147.304525841744,5625.540641086408,8.947324025710785,8.286988557102422,-4.08770825011552,453.3892492152328,3.4542202300687106,-2.3700209065890663,10.430782201072432,-4.626686511217105,75384.48700122458,741.823377158611,0.6304929661374145,0.008485548663677211,240.13724082786433,274.7845499013976,236.23420662581614,274.75812208304427
2025-01-29 02:40:00,-8.968856253071731,37.66025625749836,0.0014508078481680186,30836.206051590583,-9.44794121100048,-9.827170830138032,0.31212050052988205,7.040892741715108,31.519799254736167,-2.836585779701871,28.669529693247625,-2.343269010262788,5589.8030103357505,254.7487703871599,236.89888030665878,18.64782637619101,-2.7172500138175715,3001.5010058575913,270.31411599535153,251.71640955940856,-0.018561327204695874,11.456553506655778,-2.8555093617147693,1444.581096092693,276.6553381987129,263.39541979550603,6.817713683066303,-1.553533109106457,279.19139777713457,270.02833086155783,4.666992899162703,-0.5826268826463055,282.77599864481834,274.23346135001583,1.916405205508602,-0.6138649876612955,-0.026763498125527543,-0.013769385627292791,101270.09843278442,106.41790724311642,0.3056120255666116,0.0,0.0,0.0,0.0,0.0,0.0,0.0,0.00023099497622485683,0.0,2.9445420970296694,-0.5562104411236231,95935.49586618523,476.70417641761594,278.49816452235854,58.61055465186042,0.031563665541465606,0.0,21.554125565159396,0.046716533666886946,278.82079135373294,282.3743956301877,0.0048418824188515884,272.4160983430795,62.04925170018038,5.123486209157225e-10,1.7863295615172758,-0.6351623627322927,4.597304406705765,-0.6351628876278254,-50.0,0.0,0.0,2.1053247327450658e-05,0.0,0.0,0.0,0.0,0.0,0.0,0.18827922188786378,0.21860934002610133,-7.904420197770139,52.33226359623776,11.754995509518718,0.333941359195986,25.61571558220625,11.69223275337626,13.271068073176737,1.8931731912056202,-3.8659876967986446,10.37525452058324,35.88828963315576,24.322994466026397,13.610515442164123,12.36921606677231,2029.915492013706,73702.40904431643,74455.39978405797,0.0,271.50497817921786,0.0,327.55687526879035,0.006131987081271151,0.0,0.0,142.48366446368013,79.06975231754501,7.839121000512497,-6.438976572180567,16.68861303915091,-2.228314943769775,35.49966520413275,4146.864134115708,5624.997861050704,8.951077234353434,8.272134888353845,-4.172237470437446,451.42566564156954,3.4168004712862023,-2.392834966020888,10.44048008345139,-4.681072074630347,75373.70173651188,741.5628767984452,0.6304929661374145,0.00848563614626599,240.13560684055884,274.7467811699692,236.23756705462674,274.7222630463203
2025-01-29 02:45:00,-8.967158032856885,37.669643690414524,0.00144850110096838,30743.56810073375,-9.447075546180045,-9.826714244838046,0.3123384223923584,7.0360143008515985,31.507735121224066,-2.831538846451706,28.66082543928336,-2.335153478494762,5589.87976078249,254.7476403215807,236.93334570733865,18.642033847447898,-2.68803219881174,3001.598117152585,270.31131418429493,251.7192317904533,-0.019653548787319845,11.451133476413117,-2.8301604417901163,1444.708492802837,276.64716656047364,263.3875657032637,6.801592698207499,-1.5491191127147297,279.17691709347343,270.0306576590196,4.663585884631379,-0.5858099905733267,282.7496642032489,274.2356832918353,1.912500657513229,-0.608103348810407,-0.026017604129834913,-0.016512760520821415,101271.82956983236,106.56163008391734,0.30368605263337467,0.0,0.0,0.0,0.0,0.0,0.0,0.0,0.00021066039206546914,0.0,2.938594865377938,-0.5522144716867547,95936.99441537398,476.70417641761594,278.455604344455,58.6352237839614,0.03156606256439812,0.0,21.527524209494207,0.04672051451834798,278.7866626824843,282.33801557065055,0.004841600490462386,272.4103399463807,62.13145991556531,5.122267784904111e-10,1.7821112146720914,-0.6310731340297664,4.592029122030084,-0.6310736589252991,-50.0,0.0,0.0,2.1123876657948157e-05,0.0,0.0,0.0,0.0,0.0,0.0,0.18828829245446926,0.21825519344762412,-7.910443767679137,52.269197791659515,11.754995509518718,0.333941359195986,25.577311600558698,11.69223275337626,13.29392936008411,1.8782566618428767,-3.8906082279474328,10.37508861548207,35.97002452836824,24.435299801956916,13.652498948896696,12.316338397000536,2028.303737812299,73818.03066617521,74456.46730346992,0.0,271.52419250071256,0.0,327.37818791852374,0.006131987081271151,0.0,0.0,142.40984171250318,78.95040314601387,7.835478614866856,-6.43099164801607,16.685663222612845,-2.201624030379639,35.50268470942571,4146.423742389671,5624.455081015001,8.954830442996084,8.257281219605268,-4.256766690759372,449.46208206790624,3.3793807125036937,-2.4156490254527094,10.45017796583035,-4.735457638043589,75362.9164717992,741.3023764382795,0.6304929661374145,0.008485723628854767,240.13397285325334,274.7090124385408,236.2409274834373,274.68640400959623
2025-01-29 02:50:00,-8.965459812642038,37.67903112333069,0.0014461943537687413,30650.93014987692,-9.446209881359612,-9.826257659538062,0.3125563442548347,7.031135859988089,31.495670987711968,-2.8264919132015414,28.652121185319096,-2.3270379467267355,5589.956511229229,254.74651025600147,236.96781110801854,18.636241318704787,-2.658814383805909,3001.6952284475788,270.3085123732383,251.72205402149808,-0.020745770369943815,11.445713446170455,-2.8048115218654632,1444.8358895129809,276.6389949222343,263.3797116110213,6.785471713348695,-1.5447051163230023,279.16243640981236,270.0329844564813,4.660178870100054,-0.588993098500348,282.72332976167957,274.2379052336547,1.9085961095178563,-0.6023417099595183,-0.025271710134142287,-0.019256135414350048,101273.56070688031,106.70535292471826,0.3017600797001377,0.0,0.0,0.0,0.0,0.0,0.0,0.0,0.00019032580790608148,0.0,2.9326476337262064,-0.5482185022498866,95938.49296456273,476.70417641761594,278.4130441665515,58.65989291606238,0.03156845958733063,0.0,21.500922853829017,0.04672449536980902,278.75253401123564,282.30163551111343,0.004841318562073184,272.4045815496819,62.21366813095024,5.121049360650999e-10,1.7778928678269073,-0.6269839053272401,4.5867538373544035,-0.6269844302227727,-50.0,0.0,0.0,2.1194505988445656e-05,0.0,0.0,0.0,0.0,0.0,0.0,0.18829736302107475,0.21790104686914688,-7.916467337588136,52.20613198708127,11.754995509518718,0.333941359195986,25.538907618911146,11.69223275337626,13.316790646991484,1.863340132480133,-3.915228759096221,10.3749227103809,36.05175942358072,24.54760513788743,13.694482455629268,12.263460727228763,2026.6919836108918,73933.65228803398,74457.53482288188,0.0,271.5434068222072,0.0,327.1995005682571,0.006131987081271151,0.0,0.0,142.33601896132623,78.83105397448273,7.831836229221215,-6.423006723851573,16.682713406074786,-2.174933116989503,35.50570421471867,4145.983350663634,5623.9123009792975,8.958583651638733,8.24242755085669,-4.341295911081297,447.498498494243,3.3419609537211854,-2.438463084884531,10.459875848209311,-4.78984320145683,75352.13120708651,741.0418760781135,0.6304929661374145,0.008485811111443545,240.13233886594787,274.6712437071124,236.24428791224787,274.65054497287224
2025-01-29 02:55:00,-8.963761592427192,37.68841855624685,0.001443887606569103,30558.292199020092,-9.445344216539178,-9.825801074238075,0.312774266117311,7.02625741912458,31.483606854199866,-2.8214449799513766,28.643416931354828,-2.318922414958709,5590.033261675969,254.74538019042222,237.0022765086984,18.63044878996168,-2.6295965688000775,3001.7923397425725,270.3057105621817,251.72487625254283,-0.021837991952567783,11.440293415927794,-2.77946260194081,1444.9632862231247,276.630823283995,263.371857518779,6.76935072848989,-1.5402911199312752,279.1479557261512,270.03531125394306,4.65677185556873,-0.5921762064273693,282.6969953201102,274.2401271754742,1.9046915615224833,-0.5965800711086298,-0.02452581613844966,-0.021999510307878674,101275.29184392827,106.84907576551916,0.29983410676690075,0.0,0.0,0.0,0.0,0.0,0.0,0.0,0.00016999122374669379,0.0,2.926700402074475,-0.5442225328130184,95939.99151375148,476.70417641761594,278.37048398864795,58.68456204816337,0.03157085661026314,0.0,21.474321498163828,0.046728476221270056,278.718405339987,282.26525545157625,0.004841036633683982,272.3988231529831,62.29587634633518,5.119830936397885e-10,1.7736745209817228,-0.6228946766247138,4.581478552678722,-0.6228952015202465,-50.0,0.0,0.0,2.126513531894315e-05,0.0,0.0,0.0,0.0,0.0,0.0,0.1883064335876802,0.21754690029066967,-7.922490907497135,52.14306618250303,11.754995509518718,0.333941359195986,25.50050363726359,11.69223275337626,13.339651933898857,1.8484236031173895,-3.939849290245009,10.37475680527973,36.133494318793204,24.659910473817945,13.73646596236184,12.21058305745699,2025.0802294094847,74049.27390989276,74458.60234229382,0.0,271.5626211437019,0.0,327.02081321799045,0.006131987081271151,0.0,0.0,142.26219621014928,78.7117048029516,7.8281938435755745,-6.415021799687076,16.679763589536723,-2.1482422035993674,35.50872372001162,4145.542958937598,5623.369520943595,8.962336860281384,8.227573882108112,-4.425825131403222,445.5349149205797,3.304541194938677,-2.4612771443163526,10.46957373058827,-4.844228764870072,75341.34594237381,740.7813757179478,0.6304929661374145,0.008485898594032324,240.1307048786424,274.633474975684,236.24764834105846,274.61468593614825
2025-01-29 03:00:00,-8.962063372212345,37.697805989163015,0.0014415808593694643,30465.65424816326,-9.444478551718744,-9.82534448893809,0.31299218797978734,7.02137897826107,31.471542720687765,-2.8163980467012117,28.634712677390564,-2.3108068831906823,5590.110012122708,254.744250124843,237.0367419093783,18.62465626121857,-2.600378753794246,3001.8894510375662,270.3029087511251,251.7276984835876,-0.02293021353519175,11.434873385685131,-2.754113682016157,1445.0906829332685,276.6226516457557,263.36400342653667,6.753229743631086,-1.5358771235395479,279.13347504249015,270.03763805140477,4.653364841037405,-0.5953593143543906,282.67066087854084,274.2423491172936,1.9007870135271103,-0.5908184322577411,-0.02377992214275703,-0.024742885201407303,101277.02298097621,106.99279860632008,0.29790813383366377,0.0,0.0,0.0,0.0,0.0,0.0,0.0,0.00014965663958730612,0.0,2.9207531704227434,-0.54022656337615,95941.49006294023,476.70417641761594,278.32792381074444,58.709231180264354,0.03157325363319565,0.0,21.44772014249864,0.0467324570727311,278.68427666873833,282.22887539203913,0.004840754705294779,272.3930647562843,62.37808456172011,5.118612512144772e-10,1.7694561741365384,-0.6188054479221875,4.576203268003042,-0.6188059728177202,-50.0,0.0,0.0,2.133576464944065e-05,0.0,0.0,0.0,0.0,0.0,0.0,0.1883155041542857,0.21719275371219246,-7.928514477406134,52.08000037792478,11.754995509518718,0.333941359195986,25.46209965561604,11.69223275337626,13.36251322080623,1.833507073754646,-3.964469821393797,10.37459090017856,36.21522921400568,24.772215809748463,13.778449469094413,12.157705387685215,2023.4684752080775,74164.89553175154,74459.66986170577,0.0,271.58183546519655,0.0,326.84212586772384,0.006131987081271151,0.0,0.0,142.18837345897234,78.59235563142046,7.824551457929934,-6.407036875522579,16.676813772998663,-2.1215512902092315,35.511743225304585,4145.102567211561,5622.826740907891,8.966090068924034,8.212720213359535,-4.510354351725148,443.57133134691645,3.267121436156169,-2.484091203748174,10.47927161296723,-4.898614328283314,75330.56067766112,740.520875357782,0.6304929661374145,0.008485986076621101,240.1290708913369,274.5957062442556,236.25100876986903,274.57882689942426
2025-01-29 03:05:00,-8.955155148293485,37.726439521624215,0.0014471094972323137,30394.860332297365,-9.441244418829543,-9.825549146253042,0.31623502538657244,7.015232026441667,31.457120406481536,-2.8081785180755414,28.629109977678294,-2.2973505139249797,5590.207162652095,254.7437820125753,237.05126237717295,18.630844173292672,-2.574050192388121,3001.9869224830964,270.3016103101749,251.73690406666992,-0.021752013782161246,11.432339472407808,-2.7333019376100287,1445.2063195647984,276.61502120811645,263.3653289531107,6.739482234206626,-1.5280895571517599,279.12007290187296,270.050585042959,4.6499855155550325,-0.5973847310290834,282.6479098685734,274.2442623065219,1.8986593656888673,-0.5828767379846337,-0.0225112959264584,-0.022903590040153833,101278.69541379527,107.12849866469267,0.30156791599239463,0.0,0.0,0.0,0.0,0.0,0.0,0.0,0.00014885490540245225,0.0,2.9186384406113652,-0.5338497384160861,95942.9478789234,476.70417641761594,278.2946911630839,58.730603469769434,0.031577247213373356,0.0,21.43316833242264,0.04673689611425086,278.65650854418885,282.1991399483509,0.004839536032591114,272.3864186383021,62.44241238574993,5.121502922880776e-10,1.7663773482642997,-0.6124056296793425,4.573005144823899,-0.612406160042537,-50.0,0.0,0.0,2.0855889931506386e-05,0.0,0.0,0.0,0.0,0.0,0.0,0.18832079551679726,0.2169130705636311,-7.907090516309991,52.07437061088917,11.754995509518718,0.333941359195986,25.42448564174515,11.69223275337626,13.384132661746996,1.8356128933938922,-4.023472059723313,10.380398907860155,36.33653165303775,24.900961967294457,13.811725440094285,12.15261420720741,2020.7653908850496,74262.27337033785,74464.060967141,0.0,271.61741121348325,0.0,326.70445744250213,0.006131212860360467,0.0,0.0,142.09346246113367,78.42303469926898,7.8266436574216725,-6.39649213300272,16.679455695784263,-2.098131166078511,35.54987185550396,4144.657595334589,5622.698265727664,8.965380117097196,8.18288558869571,-4.601566060814746,442.4089889213823,3.255922177588605,-2.4917052508624473,10.410197547933024,-5.012787417484235,75312.36696304017,740.8410916829778,0.6304929661374145,0.00848602981791549,240.1337242630894,274.56006580401197,236.25961960520388,274.54753343495287
2025-01-29 03:10:00,-8.948246924374626,37.755073054085415,0.001452638135095163,30324.06641643147,-9.43801028594034,-9.825753803567995,0.31947786279335755,7.009085074622263,31.442698092275304,-2.799958989449871,28.62350727796602,-2.283894144659277,5590.304313181481,254.74331390030758,237.06578284496763,18.637032085366776,-2.5477216309819957,3002.0843939286265,270.30031186922474,251.74610964975227,-0.020573814029130742,11.429805559130482,-2.7124901932039007,1445.3219561963283,276.6073907704772,263.3666544796847,6.725734724782166,-1.5203019907639717,279.1066707612557,270.0635320345133,4.646606190072659,-0.5994101477037763,282.6251588586059,274.2461754957501,1.8965317178506242,-0.5749350437115262,-0.02124266971015977,-0.021064294878900366,101280.36784661433,107.26419872306526,0.3052276981511255,0.0,0.0,0.0,0.0,0.0,0.0,0.0,0.0001480531712175984,0.0,2.916523710799987,-0.527472913456022,95944.40569490657,476.70417641761594,278.26145851542327,58.751975759274515,0.03158124079355106,0.0,21.41861652234664,0.04674133515577062,278.6287404196394,282.1694045046626,0.004838317359887449,272.37977252031993,62.50674020977975,5.124393333616779e-10,1.7632985223920612,-0.6060058114364976,4.569807021644756,-0.6060063472673538,-50.0,0.0,0.0,2.0376015213572124e-05,0.0,0.0,0.0,0.0,0.0,0.0,0.18832608687930885,0.21663338741506974,-7.885666555213849,52.068740843853554,11.754995509518718,0.333941359195986,25.38687162787426,11.69223275337626,13.405752102687764,1.8377187130331385,-4.08247429805283,10.386206915541749,36.457834092069824,25.029708124840454,13.845001411094156,12.147523026729605,2018.0623065620218,74359.65120892416,74468.45207257626,0.0,271.65298696176995,0.0,326.5667890172804,0.006130438639449784,0.0,0.0,141.99855146329503,78.2537137671175,7.828735856913411,-6.385947390482861,16.682097618569866,-2.0747110419477903,35.58800048570333,4144.212623457617,5622.569790547436,8.964670165270359,8.153050964031882,-4.692777769904345,441.24664649584815,3.244722919021042,-2.4993192979767205,10.341123482898816,-5.126960506685157,75294.17324841923,741.1613080081737,0.6304929661374145,0.008486073559209878,240.13837763484185,274.5244253637684,236.26823044053876,274.5162399704815
2025-01-29 03:15:00,-8.941338700455766,37.78370658654662,0.0014581667729580124,30253.272500565574,-9.43477615305114,-9.825958460882948,0.32272070020014265,7.00293812280286,31.428275778069075,-2.7917394608242008,28.61790457825375,-2.2704377753935745,5590.401463710868,254.7428457880399,237.08030331276228,18.64321999744088,-2.5213930695758706,3002.1818653741566,270.2990134282745,251.7553152328346,-0.01939561427610024,11.427271645853159,-2.6916784487977723,1445.4375928278582,276.59976033283795,263.3679800062588,6.7119872153577065,-1.5125144243761834,279.0932686206385,270.0764790260675,4.643226864590287,-0.6014355643784691,282.60240784863845,274.24808868497837,1.8944040700123812,-0.5669933494384187,-0.019974043493861143,-0.019224999717646896,101282.0402794334,107.39989878143786,0.30888748030985635,0.0,0.0,0.0,0.0,0.0,0.0,0.0,0.00014725143703274454,0.0,2.914408980988609,-0.5210960884959579,95945.86351088974,476.70417641761594,278.2282258677627,58.773348048779596,0.03158523437372877,0.0,21.40406471227064,0.04674577419729038,278.60097229508995,282.13966906097437,0.004837098687183784,272.3731264023378,62.571068033809574,5.127283744352783e-10,1.7602196965198225,-0.5996059931936526,4.5666088984656135,-0.5996065344921707,-50.0,0.0,0.0,1.989614049563786e-05,0.0,0.0,0.0,0.0,0.0,0.0,0.18833137824182042,0.21635370426650838,-7.864242594117705,52.06311107681793,11.754995509518718,0.333941359195986,25.34925761400337,11.69223275337626,13.42737154362853,1.8398245326723848,-4.1414765363823465,10.392014923223343,36.579136531101895,25.158454282386447,13.878277382094028,12.1424318462518,2015.3592222389939,74457.02904751047,74472.84317801149,0.0,271.68856271005666,0.0,326.42912059205867,0.006129664418539101,0.0,0.0,141.90364046545636,78.08439283496602,7.83082805640515,-6.375402647963003,16.68473954135547,-2.0512909178170697,35.62612911590271,4143.767651580644,5622.4413153672085,8.96396021344352,8.123216339368057,-4.783989478993943,440.084304070314,3.233523660453478,-2.506933345090993,10.27204941786461,-5.241133595886079,75275.97953379828,741.4815243333696,0.6304929661374145,0.008486117300504267,240.14303100659433,274.48878492352475,236.2768412758736,274.4849465060101
2025-01-29 03:20:00,-8.934430476536907,37.81234011900782,0.0014636954108208616,30182.478584699682,-9.431542020161936,-9.8261631181979,0.3259635376069278,6.996791170983457,31.413853463862843,-2.783519932198531,28.61230187854148,-2.256981406127872,5590.498614240254,254.7423776757722,237.09482378055696,18.649407909514984,-2.495064508169745,3002.2793368196867,270.29771498732435,251.76452081591694,-0.018217414523069738,11.424737732575835,-2.6708667043916443,1445.5532294593881,276.5921298951987,263.3693055328328,6.698239705933247,-1.5047268579883954,279.0798664800213,270.08942601762175,4.639847539107914,-0.6034609810531619,282.5796568386709,274.25000187420665,1.8922764221741382,-0.5590516551653112,-0.018705417277562513,-0.017385704556393426,101283.71271225244,107.53559883981045,0.3125472624685872,0.0,0.0,0.0,0.0,0.0,0.0,0.0,0.0001464497028478907,0.0,2.9122942511772307,-0.5147192635358939,95947.32132687292,476.70417641761594,278.19499322010216,58.79472033828468,0.03158922795390647,0.0,21.38951290219464,0.046750213238810144,278.5732041705405,282.1099336172861,0.004835880014480118,272.3664802843556,62.6353958578394,5.130174155088785e-10,1.7571408706475837,-0.5932061749508076,4.563410775286471,-0.5932067217169875,-50.0,0.0,0.0,1.9416265777703595e-05,0.0,0.0,0.0,0.0,0.0,0.0,0.18833666960433199,0.21607402111794702,-7.842818633021563,52.05748130978232,11.754995509518718,0.333941359195986,25.311643600132484,11.69223275337626,13.448990984569296,1.841930352311631,-4.200478774711863,10.397822930904937,36.700438970133966,25.28720043993244,13.9115533530939,12.137340665773994,2012.6561379159662,74554.40688609677,74477.23428344673,0.0,271.72413845834336,0.0,326.29145216683696,0.006128890197628418,0.0,0.0,141.80872946761772,77.91507190281455,7.832920255896889,-6.364857905443144,16.68738146414107,-2.027870793686349,35.66425774610208,4143.322679703672,5622.312840186982,8.963250261616682,8.09338171470423,-4.875201188083542,438.9219616447798,3.2223244018859147,-2.5145473922052664,10.202975352830403,-5.355306685087001,75257.78581917734,741.8017406585654,0.6304929661374145,0.008486161041798656,240.14768437834678,274.45314448328116,236.28545211120846,274.4536530415387
2025-01-29 03:25:00,-8.927522252618047,37.84097365146902,0.001469224048683711,30111.684668833786,-9.428307887272735,-9.826367775512853,0.3292063750137129,6.990644219164054,31.399431149656614,-2.7753004035728606,28.606699178829206,-2.2435250368621693,5590.5957647696405,254.74190956350446,237.10934424835162,18.65559582158909,-2.46873594676362,3002.376808265217,270.2964165463742,251.77372639899926,-0.017039214770039234,11.422203819298511,-2.650054959985516,1445.668866090918,276.58449945755945,263.37063105940683,6.684492196508787,-1.4969392916006075,279.0664643394041,270.102373009176,4.636468213625541,-0.6054863977278548,282.55690582870346,274.25191506343486,1.8901487743358951,-0.5511099608922038,-0.017436791061263883,-0.015546409395139956,101285.3851450715,107.67129889818304,0.3162070446273181,0.0,0.0,0.0,0.0,0.0,0.0,0.0,0.00014564796866303682,0.0,2.9101795213658526,-0.50834243857583,95948.77914285609,476.70417641761594,278.16176057244155,58.81609262778976,0.03159322153408418,0.0,21.37496109211864,0.046754652280329906,278.54543604599104,282.08019817359786,0.004834661341776453,272.3598341663734,62.69972368186922,5.133064565824789e-10,1.7540620447753452,-0.5868063567079627,4.560212652107328,-0.5868069089418043,-50.0,0.0,0.0,1.8936391059769334e-05,0.0,0.0,0.0,0.0,0.0,0.0,0.18834196096684358,0.21579433796938566,-7.82139467192542,52.051851542746704,11.754995509518718,0.333941359195986,25.274029586261594,11.69223275337626,13.470610425510063,1.8440361719508773,-4.25948101304138,10.40363093858653,36.82174140916604,25.415946597478435,13.944829324093773,12.132249485296189,2009.9530535929382,74651.78472468308,74481.62538888198,0.0,271.75971420663006,0.0,326.15378374161526,0.006128115976717734,0.0,0.0,141.71381846977906,77.74575097066307,7.835012455388628,-6.354313162923285,16.69002338692667,-2.0044506695556286,35.702386376301455,4142.8777078267,5622.184365006755,8.962540309789846,8.063547090040405,-4.96641289717314,437.7596192192456,3.211125143318351,-2.5221614393195395,10.133901287796197,-5.469479774287922,75239.59210455639,742.1219569837613,0.6304929661374145,0.008486204783093044,240.15233775009926,274.4175040430375,236.29406294654333,274.4223595770673
2025-01-29 03:30:00,-8.920614028699188,37.86960718393023,0.0014747526865465602,30040.89075296789,-9.425073754383533,-9.826572432827806,0.332449212420498,6.984497267344651,31.385008835450385,-2.7670808749471902,28.601096479116936,-2.2300686675964663,5590.692915299027,254.74144145123677,237.12386471614627,18.661783733663192,-2.4424073853574946,3002.474279710747,270.295118105424,251.7829319820816,-0.01586101501700873,11.419669906021188,-2.629243215579388,1445.784502722448,276.5768690199202,263.3719565859809,6.670744687084327,-1.4891517252128192,279.05306219878685,270.1153200007302,4.633088888143169,-0.6075118144025476,282.534154818736,274.25382825266314,1.888021126497652,-0.5431682666190962,-0.016168164844965253,-0.013707114233886488,101287.05757789056,107.80699895655562,0.31986682678604894,0.0,0.0,0.0,0.0,0.0,0.0,0.0,0.00014484623447818298,0.0,2.908064791554474,-0.5019656136157659,95950.23695883926,476.70417641761594,278.128527924781,58.83746491729484,0.03159721511426188,0.0,21.36040928204264,0.046759091321849675,278.51766792144156,282.05046272990955,0.004833442669072789,272.35318804839125,62.76405150589905,5.135954976560793e-10,1.7509832189031065,-0.5804065384651177,4.557014528928185,-0.5804070961666212,-50.0,0.0,0.0,1.845651634183507e-05,0.0,0.0,0.0,0.0,0.0,0.0,0.18834725232935515,0.21551465482082433,-7.799970710829277,52.04622177571109,11.754995509518718,0.333941359195986,25.236415572390705,11.69223275337626,13.49222986645083,1.8461419915901236,-4.318483251370896,10.409438946268125,36.943043848198116,25.54469275502443,13.978105295093645,12.127158304818384,2007.2499692699103,74749.16256326939,74486.01649431721,0.0,271.7952899549167,0.0,326.01611531639355,0.006127341755807051,0.0,0.0,141.61890747194042,77.57643003851159,7.837104654880367,-6.343768420403427,16.69266530971227,-1.981030545424908,35.74051500650083,4142.432735949727,5622.055889826527,8.961830357963008,8.033712465376578,-5.057624606262738,436.59727679371144,3.1999258847507877,-2.5297754864338127,10.064827222761991,-5.583652863488844,75221.39838993544,742.4421733089572,0.6304929661374145,0.008486248524387435,240.15699112185172,274.38186360279394,236.30267378187818,274.3910661125959
2025-01-29 03:35:00,-8.913705804780328,37.89824071639143,0.0014802813244094097,29970.096837101995,-9.421839621494332,-9.82677709014276,0.3356920498272831,6.978350315525247,31.370586521244153,-2.75886134632152,28.595493779404666,-2.2166122983307637,5590.7900658284125,254.74097333896907,237.13838518394095,18.667971645737296,-2.4160788239513695,3002.571751156277,270.29381966447386,251.79213756516393,-0.014682815263978228,11.417135992743862,-2.6084314711732595,1445.9001393539781,276.56923858228095,263.37328211255493,6.656997177659868,-1.481364158825031,279.03966005816966,270.12826699228447,4.629709562660796,-0.6095372310772404,282.51140380876853,274.2557414418914,1.885893478659409,-0.5352265723459888,-0.014899538628666624,-0.01186781907263302,101288.73001070962,107.94269901492821,0.32352660894477975,0.0,0.0,0.0,0.0,0.0,0.0,0.0,0.0001440445002933291,0.0,2.905950061743096,-0.49558878865570183,95951.69477482245,476.70417641761594,278.09529527712044,58.85883720679992,0.03160120869443959,0.0,21.345857471966642,0.046763530363369436,278.48989979689213,282.0207272862213,0.0048322239963691236,272.3465419304091,62.828379329928865,5.138845387296796e-10,1.7479043930308678,-0.5740067202222727,4.553816405749044,-0.574007283391438,-50.0,0.0,0.0,1.7976641623900805e-05,0.0,0.0,0.0,0.0,0.0,0.0,0.18835254369186671,0.21523497167226296,-7.778546749733135,52.040592008675475,11.754995509518718,0.333941359195986,25.198801558519815,11.69223275337626,13.513849307391595,1.84824781122937,-4.377485489700413,10.41524695394972,37.06434628723019,25.673438912570425,14.011381266093515,12.122067124340578,2004.5468849468825,74846.5404018557,74490.40759975245,0.0,271.8308657032034,0.0,325.87844689117185,0.006126567534896368,0.0,0.0,141.52399647410175,77.40710910636011,7.839196854372105,-6.333223677883568,16.695307232497875,-1.9576104212941874,35.77864363670021,4141.987764072755,5621.927414646299,8.96112040613617,8.003877840712752,-5.148836315352337,435.4349343681773,3.188726626183224,-2.537389533548086,9.995753157727783,-5.697825952689766,75203.2046753145,742.7623896341531,0.6304929661374145,0.008486292265681823,240.1616444936042,274.3462231625503,236.31128461721303,274.35977264812453
2025-01-29 03:40:00,-8.906797580861468,37.92687424885263,0.001485809962272259,29899.3029212361,-9.418605488605131,-9.826981747457713,0.3389348872340682,6.972203363705844,31.356164207037924,-2.7506418176958496,28.589891079692393,-2.203155929065061,5590.887216357799,254.74050522670134,237.1529056517356,18.6741595578114,-2.3897502625452445,3002.669222601807,270.2925212235237,251.80134314824625,-0.013504615510947724,11.414602079466539,-2.587619726767131,1446.015775985508,276.5616081446417,263.37460763912895,6.643249668235407,-1.473576592437243,279.02625791755247,270.1412139838387,4.626330237178423,-0.6115626477519334,282.48865279880107,274.25765463111964,1.883765830821166,-0.5272848780728813,-0.013630912412367994,-0.01002852391137955,101290.40244352868,108.0783990733008,0.3271863911035106,0.0,0.0,0.0,0.0,0.0,0.0,0.0,0.00014324276610847524,0.0,2.9038353319317176,-0.4892119636956378,95953.15259080562,476.70417641761594,278.06206262945983,58.880209496305,0.03160520227461729,0.0,21.331305661890642,0.0467679694048892,278.46213167234265,281.99099184253305,0.004831005323665458,272.3398958124269,62.89270715395869,5.141735798032799e-10,1.7448255671586292,-0.5676069019794278,4.550618282569901,-0.5676074706162548,-50.0,0.0,0.0,1.7496766905966544e-05,0.0,0.0,0.0,0.0,0.0,0.0,0.1883578350543783,0.2149552885237016,-7.757122788636992,52.03496224163986,11.754995509518718,0.333941359195986,25.161187544648925,11.69223275337626,13.535468748332363,1.8503536308686164,-4.436487728029929,10.421054961631315,37.18564872626226,25.80218507011642,14.044657237093388,12.116975943862773,2001.8438006238546,74943.91824044201,74494.7987051877,0.0,271.8664414514901,0.0,325.74077846595014,0.006125793313985685,0.0,0.0,141.42908547626308,77.23778817420863,7.841289053863844,-6.322678935363709,16.697949155283474,-1.9341902971634666,35.816772266899584,4141.5427921957835,5621.798939466073,8.960410454309333,7.974043216048925,-5.240048024441935,434.27259194264315,3.17752736761566,-2.545003580662359,9.926679092693577,-5.8119990418906875,75185.01096069354,743.0826059593489,0.6304929661374145,0.008486336006976212,240.16629786535668,274.31058272230666,236.3198954525479,274.32847918365314
2025-01-29 03:45:00,-8.899889356942609,37.95550778131383,0.0014913386001351083,29828.509005370208,-9.415371355715928,-9.827186404772666,0.3421777246408534,6.9660564118864405,31.341741892831692,-2.7424222890701797,28.584288379980123,-2.1896995597993585,5590.984366887185,254.74003711443365,237.1674261195303,18.680347469885504,-2.363421701139119,3002.7666940473373,270.2912227825735,251.8105487313286,-0.01232641575791722,11.412068166189215,-2.566807982361003,1446.131412617038,276.55397770700245,263.375933165703,6.629502158810948,-1.465789026049455,279.0128557769352,270.154160975393,4.6229509116960505,-0.6135880644266262,282.46590178883355,274.2595678203479,1.881638182982923,-0.5193431837997738,-0.012362286196069364,-0.008189228750126079,101292.07487634773,108.2140991316734,0.33084617326224147,0.0,0.0,0.0,0.0,0.0,0.0,0.0,0.0001424410319236214,0.0,2.9017206021203394,-0.48283513873557377,95954.6104067888,476.70417641761594,278.0288299817993,58.90158178581008,0.031609195854795,0.0,21.316753851814642,0.04677240844640896,278.4343635477932,281.9612563988448,0.004829786650961793,272.3332496944447,62.95703497798851,5.144626208768802e-10,1.7417467412863905,-0.5612070837365828,4.547420159390758,-0.5612076578410716,-50.0,0.0,0.0,1.701689218803228e-05,0.0,0.0,0.0,0.0,0.0,0.0,0.18836312641688988,0.21467560537514024,-7.735698827540849,52.029332474604246,11.754995509518718,0.333941359195986,25.12357353077804,11.69223275337626,13.557088189273129,1.8524594505078626,-4.495489966359445,10.426862969312909,37.30695116529433,25.930931227662413,14.07793320809326,12.111884763384968,1999.1407163008269,75041.29607902831,74499.18981062293,0.0,271.9020171997768,0.0,325.60311004072844,0.0061250190930750015,0.0,0.0,141.33417447842444,77.06846724205715,7.843381253355583,-6.312134192843851,16.700591078069074,-1.910770173032746,35.85490089709896,4141.0978203188115,5621.670464285846,8.959700502482494,7.9442085913851,-5.331259733531534,433.11024951710897,3.166328109048097,-2.552617627776632,9.857605027659371,-5.92617213109161,75166.8172460726,743.4028222845448,0.6304929661374145,0.0084863797482706,240.17095123710914,274.2749422820631,236.32850628788276,274.29718571918175
2025-01-29 03:50:00,-8.89298113302375,37.98414131377503,0.0014968672379979577,29757.715089504312,-9.412137222826727,-9.827391062087619,0.3454205620476385,6.959909460067037,31.327319578625463,-2.7342027604445094,28.578685680267853,-2.176243190533656,5591.081517416572,254.73956900216595,237.18194658732494,18.686535381959608,-2.337093139732994,3002.8641654928674,270.2899243416233,251.81975431441091,-0.011148216004886718,11.40953425291189,-2.5459962379548746,1446.247049248568,276.5463472693632,263.377258692277,6.6157546493864885,-1.4580014596616668,278.99945363631804,270.16710796694724,4.619571586213678,-0.615613481101319,282.4431507788661,274.2614810095762,1.87951053514468,-0.5114014895266663,-0.011093659979770736,-0.006349933588872609,101293.74730916679,108.34979919004599,0.33450595542097233,0.0,0.0,0.0,0.0,0.0,0.0,0.0,0.00014163929773876752,0.0,2.8996058723089613,-0.47645831377550973,95956.06822277197,476.70417641761594,277.9955973341387,58.92295407531516,0.031613189434972704,0.0,21.302202041738642,0.04677684748792872,278.40659542324374,281.93152095515654,0.004828567978258128,272.32660357646256,63.02136280201833,5.147516619504806e-10,1.7386679154141518,-0.5548072654937378,4.5442220362116155,-0.5548078450658884,-50.0,0.0,0.0,1.6537017470098015e-05,0.0,0.0,0.0,0.0,0.0,0.0,0.18836841777940144,0.21439592222657888,-7.714274866444706,52.023702707568624,11.754995509518718,0.333941359195986,25.08595951690715,11.69223275337626,13.578707630213895,1.854565270147109,-4.5544922046889615,10.432670976994503,37.4282536043264,26.05967738520841,14.11120917909313,12.106793582907162,1996.437631977799,75138.67391761462,74503.58091605817,0.0,271.9375929480635,0.0,325.4654416155067,0.006124244872164318,0.0,0.0,141.23926348058578,76.89914630990567,7.845473452847322,-6.301589450323992,16.703233000854677,-1.8873500489020254,35.89302952729833,4140.6528484418395,5621.541989105618,8.958990550655656,7.914373966721273,-5.4224714426211325,431.94790709157485,3.155128850480533,-2.560231674890905,9.788530962625163,-6.040345220292531,75148.62353145165,743.7230386097407,0.6304929661374145,0.008486423489564989,240.17560460886162,274.23930184181944,236.3371171232176,274.26589225471037
2025-01-29 03:55:00,-8.88607290910489,38.01277484623623,0.001502395875860807,29686.921173638417,-9.408903089937525,-9.827595719402572,0.3486633994544236,6.9537625082476335,31.31289726441923,-2.725983231818839,28.57308298055558,-2.1627868212679533,5591.178667945958,254.73910088989822,237.19646705511963,18.692723294033712,-2.310764578326869,3002.9616369383975,270.28862590067314,251.82895989749326,-0.009970016251856215,11.407000339634566,-2.5251844935487466,1446.3626858800978,276.53871683172395,263.3785842188511,6.602007139962028,-1.4502138932738786,278.9860514957008,270.18005495850144,4.616192260731305,-0.6176388977760119,282.4203997688986,274.2633941988044,1.8773828873064369,-0.5034597952535589,-0.009825033763472105,-0.004510638427619142,101295.41974198585,108.48549924841858,0.3381657375797032,0.0,0.0,0.0,0.0,0.0,0.0,0.0,0.00014083756355391368,0.0,2.897491142497583,-0.4700814888154457,95957.52603875514,476.70417641761594,277.9623646864781,58.94432636482024,0.03161718301515041,0.0,21.287650231662642,0.04678128652944848,278.3788272986943,281.9017855114683,0.004827349305554463,272.3199574584804,63.085690626048155,5.150407030240808e-10,1.7355890895419133,-0.5484074472508929,4.541023913032473,-0.5484080322907053,-50.0,0.0,0.0,1.6057142752163754e-05,0.0,0.0,0.0,0.0,0.0,0.0,0.18837370914191304,0.21411623907801752,-7.692850905348563,52.01807294053301,11.754995509518718,0.333941359195986,25.04834550303626,11.69223275337626,13.600327071154663,1.8566710897863552,-4.613494443018478,10.438478984676097,37.54955604335847,26.188423542754403,14.144485150093002,12.101702402429357,1993.7345476547712,75236.05175620093,74507.97202149342,0.0,271.9731686963502,0.0,325.327773190285,0.006123470651253635,0.0,0.0,141.14435248274714,76.7298253777542,7.8475656523390604,-6.291044707804133,16.70587492364028,-1.8639299247713048,35.931158157497705,4140.207876564867,5621.41351392539,8.95828059882882,7.884539342057447,-5.513683151710731,430.78556466604067,3.1439295919129697,-2.567845722005178,9.719456897590957,-6.1545183094934535,75130.42981683071,744.0432549349366,0.6304929661374145,0.008486467230859378,240.18025798061407,274.20366140157586,236.3457279585525,274.234598790239
2025-01-29 04:00:00,-8.87916468518603,38.04140837869743,0.0015079245137236564,29616.12725777252,-9.405668957048324,-9.827800376717525,0.3519062368612087,6.9476155564282305,31.298474950213002,-2.7177637031931687,28.56748028084331,-2.1493304520022507,5591.275818475345,254.73863277763053,237.21098752291428,18.698911206107816,-2.2844360169207434,3003.0591083839277,270.287327459723,251.83816548057558,-0.00879181649882571,11.404466426357242,-2.504372749142618,1446.4783225116278,276.5310863940847,263.3799097454251,6.588259630537569,-1.4424263268860906,278.9726493550836,270.1930019500557,4.612812935248932,-0.6196643144507047,282.39764875893115,274.2653073880327,1.8752552394681938,-0.4955181009804514,-0.008556407547173475,-0.0026713432663656726,101297.09217480491,108.62119930679117,0.34182551973843406,0.0,0.0,0.0,0.0,0.0,0.0,0.0,0.0001400358293690598,0.0,2.895376412686205,-0.46370466385538167,95958.98385473831,476.70417641761594,277.92913203881756,58.96569865432532,0.031621176595328114,0.0,21.273098421586642,0.046785725570968245,278.35105917414484,281.87205006778004,0.0048261306328507975,272.3133113404982,63.15001845007798,5.153297440976812e-10,1.7325102636696745,-0.5420076290080479,4.53782578985333,-0.5420082195155221,-50.0,0.0,0.0,1.557726803422949e-05,0.0,0.0,0.0,0.0,0.0,0.0,0.1883790005044246,0.21383655592945616,-7.6714269442524206,52.012443173497395,11.754995509518718,0.333941359195986,25.01073148916537,11.69223275337626,13.621946512095429,1.8587769094256015,-4.672496681347995,10.444286992357691,37.67085848239054,26.317169700300397,14.177761121092875,12.096611221951552,1991.0314633317432,75333.42959478725,74512.36312692866,0.0,272.00874444463693,0.0,325.19010476506327,0.006122696430342952,0.0,0.0,141.04944148490847,76.56050444560272,7.849657851830799,-6.280499965284275,16.70851684642588,-1.8405098006405842,35.96928678769708,4139.762904687895,5621.285038745164,8.957570647001981,7.854704717393621,-5.6048948608003295,429.6232222405065,3.132730333345406,-2.575459769119451,9.650382832556751,-6.268691398694375,75112.23610220976,744.3634712601324,0.6304929661374145,0.008486510972153766,240.18491135236656,274.1680209613322,236.35433879388734,274.2033053257676
2025-01-29 04:05:00,-8.87748101715306,38.050410809488646,0.001502823863430581,29552.229782467544,-9.405241202729002,-9.828930944284439,0.35393493622431793,6.93870702290562,31.29517318350903,-2.7005540295181056,28.56557275790108,-2.134458529108346,5591.268116515875,254.72983945025422,237.21981055097723,18.706825659442714,-2.2633105923738683,3003.105900407632,270.283434364968,251.83763747711504,-0.009863481670732383,11.408979398407608,-2.4813128767991497,1446.5426661494128,276.52829597752515,263.37310345177326,6.5819313089055145,-1.4332066177341642,278.9638071003864,270.1967245446958,4.6114083092842115,-0.6233294195218628,282.3819992533455,274.2685480669238,1.8748499187791832,-0.48942551628671477,-0.008594417173380917,-0.004539548209386234,101298.10980998258,108.70173111219759,0.342322278683485,0.0,0.0,0.0,0.0,0.0,0.0,0.0,0.00013795632449251788,0.0,2.8955513460602833,-0.45897782750211086,95959.7134415948,476.70417641761594,277.90243345218846,58.98791976114454,0.03162563383322634,0.0,21.259840566481255,0.04678967221673707,278.32958918557756,281.8493631055557,0.004825554215322296,272.3097021046529,63.20264349637814,5.154803845664619e-10,1.7313861633852627,-0.5359955867493511,4.5351725572836985,-0.5359961854583181,-50.0,0.0,0.0,1.5353008167549455e-05,0.0,0.0,0.0,0.0,0.0,0.0,0.18838232998240026,0.21356296944250672,-7.652116562501148,52.02069221298231,11.754995509518718,0.333941359195986,25.000887073450208,11.692234765475801,13.628689547562795,1.8664990106594035,-4.744543054818514,10.442540300377429,37.768977335535794,26.42344013732667,14.182068501316525,12.12771906821245,1989.8605341863713,75368.24891803459,74515.25358665492,0.0,272.0309081934968,0.0,325.07936596725006,0.006122254643269624,0.0,0.0,140.88843520418348,76.32624960567223,7.857921798724662,-6.270000650762555,16.711992673316274,-1.8172333007626569,35.98487452284809,4139.051854517154,5619.6895592854635,8.94991215435848,7.868248334375251,-5.727040588246925,429.03519636943275,3.1293213993085027,-2.623662588053413,9.694137249333952,-6.372562100827883,75129.85495561745,744.0867899016398,0.6304929661374145,0.008486073559209878,240.18774697522355,274.14725967437687,236.36051102843965,274.1876058547789
2025-01-29 04:10:00,-8.875797349120091,38.05941324027985,0.0014977232131375055,29488.332307162567,-9.40481344840968,-9.830061511851355,0.3559636355874272,6.929798489383009,31.29187141680506,-2.683344355843043,28.563665234958847,-2.1195866062144417,5591.2604145564055,254.72104612287788,237.22863357904018,18.714740112777612,-2.2421851678269937,3003.152692431336,270.27954127021303,251.83710947365446,-0.010935146842639054,11.413492370457973,-2.4582530044556807,1446.6070097871977,276.5255055609656,263.3662971581214,6.575602987273461,-1.4239869085822379,278.95496484568923,270.20044713933595,4.610003683319491,-0.6269945245930209,282.3663497477599,274.2717887458149,1.8744445980901727,-0.4833329315929782,-0.00863242679958836,-0.006407753152406795,101299.12744516024,108.78226291760402,0.342819037628536,0.0,0.0,0.0,0.0,0.0,0.0,0.0,0.00013587681961597592,0.0,2.8957262794343617,-0.45425099114884004,95960.44302845126,476.70417641761594,277.87573486555937,59.010140867963756,0.03163009107112457,0.0,21.24658271137587,0.046793618862505895,278.3081191970102,281.8266761433313,0.004824977797793795,272.3060928688076,63.2552685426783,5.156310250352426e-10,1.7302620631008512,-0.5299835444906544,4.532519324714068,-0.5299841514011141,-50.0,0.0,0.0,1.512874830086942e-05,0.0,0.0,0.0,0.0,0.0,0.0,0.1883856594603759,0.2132893829555573,-7.632806180749877,52.02894125246723,11.754995509518718,0.333941359195986,24.991042657735044,11.692236777575344,13.63543258303016,1.8742211118932053,-4.816589428289035,10.440793608397165,37.867096188681046,26.52971057435294,14.186375881540176,12.158826914473348,1988.6896050409994,75403.06824128193,74518.14404638116,0.0,272.0530719423567,0.0,324.9686271694369,0.006121812856196296,0.0,0.0,140.72742892345852,76.09199476574175,7.866185745618525,-6.259501336240836,16.715468500206665,-1.7939568008847298,36.000462257999104,4138.340804346415,5618.0940798257625,8.942253661714979,7.881791951356881,-5.849186315693519,428.447170498359,3.1259124652715995,-2.6718654069873744,9.737891666111153,-6.476432802961391,75147.47380902516,743.8101085431472,0.6304929661374145,0.008485636146265988,240.19058259808054,274.1264983874216,236.36668326299196,274.17190638379026
2025-01-29 04:15:00,-8.87411368108712,38.068415671071065,0.0014926225628444302,29424.43483185759,-9.404385694090358,-9.831192079418269,0.35799233495053645,6.920889955860398,31.288569650101085,-2.66613468216798,28.561757712016615,-2.1047146833205375,5591.252712596935,254.71225279550157,237.23745660710313,18.72265456611251,-2.2210597432801187,3003.1994844550404,270.275648175458,251.8365814701939,-0.012006812014545726,11.418005342508339,-2.435193132112212,1446.6713534249825,276.52271514440605,263.35949086446965,6.569274665641407,-1.4147671994303115,278.946122590992,270.2041697339761,4.60859905735477,-0.630659629664179,282.35070024217424,274.275029424706,1.8740392774011623,-0.47724034689924155,-0.008670436425795802,-0.008275958095427357,101300.14508033788,108.86279472301044,0.34331579657358696,0.0,0.0,0.0,0.0,0.0,0.0,0.0,0.00013379731473943396,0.0,2.89590121280844,-0.4495241547955693,95961.17261530773,476.70417641761594,277.8490362789303,59.03236197478297,0.0316345483090228,0.0,21.233324856270478,0.04679756550827472,278.28664920844295,281.803989181107,0.004824401380265293,272.3024836329623,63.30789358897846,5.157816655040233e-10,1.7291379628164396,-0.5239715022319577,4.529866092144436,-0.52397211734391,-50.0,0.0,0.0,1.4904488434189387e-05,0.0,0.0,0.0,0.0,0.0,0.0,0.18838898893835154,0.21301579646860785,-7.6134957989986045,52.03719029195214,11.754995509518718,0.333941359195986,24.981198242019882,11.692238789674885,13.642175618497527,1.8819432131270073,-4.888635801759555,10.439046916416903,37.9652150418263,26.635981011379208,14.190683261763827,12.189934760734246,1987.5186758956274,75437.88756452926,74521.03450610742,0.0,272.07523569121656,0.0,324.8578883716237,0.006121371069122968,0.0,0.0,140.56642264273353,75.85773992581127,7.874449692512387,-6.249002021719117,16.71894432709706,-1.7706803010068024,36.01604999315011,4137.629754175676,5616.4986003660615,8.934595169071477,7.895335568338512,-5.971332043140114,427.8591446272853,3.1225035312346963,-2.7200682259213362,9.781646082888354,-6.580303505094898,75165.09266243286,743.5334271846546,0.6304929661374145,0.0084851987333221,240.19341822093753,274.1057371004663,236.37285549754426,274.15620691280157
2025-01-29 04:20:00,-8.872430013054151,38.07741810186228,0.0014875219125513547,29360.537356552613,-9.403957939771038,-9.832322646985185,0.36002103431364574,6.911981422337787,31.28526788339711,-2.648925008492917,28.559850189074385,-2.0898427604266328,5591.245010637465,254.70345946812526,237.24627963516608,18.730569019447408,-2.1999343187332436,3003.2462764787447,270.27175508070303,251.83605346673335,-0.013078477186452397,11.422518314558705,-2.4121332597687433,1446.7356970627675,276.5199247278465,263.3526845708178,6.562946344009354,-1.405547490278385,278.9372803362948,270.2078923286162,4.60719443139005,-0.634324734735337,282.33505073658864,274.2782701035971,1.8736339567121516,-0.4711477622055049,-0.008708446052003245,-0.010144163038447918,101301.16271551554,108.94332652841688,0.34381255551863793,0.0,0.0,0.0,0.0,0.0,0.0,0.0,0.00013171780986289203,0.0,2.8960761461825184,-0.4447973184422985,95961.90220216422,476.70417641761594,277.82233769230123,59.05458308160218,0.03163900554692103,0.0,21.22006700116509,0.046801512154043545,278.2651792198756,281.7813022188827,0.004823824962736791,272.298874397117,63.360518635278616,5.15932305972804e-10,1.7280138625320278,-0.5179594599732609,4.527212859574805,-0.517960083286706,-50.0,0.0,0.0,1.4680228567509353e-05,0.0,0.0,0.0,0.0,0.0,0.0,0.1883923184163272,0.2127422099816584,-7.594185417247332,52.04543933143706,11.754995509518718,0.333941359195986,24.97135382630472,11.692240801774426,13.648918653964893,1.8896653143608093,-4.960682175230075,10.43730022443664,38.06333389497156,26.74225144840548,14.194990641987479,12.221042606995143,1986.3477467502553,75472.7068877766,74523.92496583368,0.0,272.09739944007646,0.0,324.74714957381053,0.006120929282049641,0.0,0.0,140.40541636200857,75.62348508588079,7.88271363940625,-6.238502707197398,16.72242015398745,-1.7474038011288753,36.03163772830113,4136.9187040049355,5614.903120906361,8.926936676427975,7.908879185320141,-6.093477770586709,427.27111875621154,3.1190945971977926,-2.7682710448552976,9.825400499665555,-6.6841742072284065,75182.71151584056,743.2567458261619,0.6304929661374145,0.00848476132037821,240.1962538437945,274.08497581351094,236.37902773209657,274.1405074418129
2025-01-29 04:25:00,-8.870746345021182,38.08642053265349,0.0014824212622582794,29296.639881247636,-9.403530185451716,-9.8334532145521,0.36204973367675497,6.903072888815176,31.281966116693138,-2.631715334817854,28.557942666132156,-2.074970837532728,5591.237308677996,254.69466614074892,237.25510266322902,18.738483472782306,-2.178808894186369,3003.293068502449,270.26786198594806,251.8355254632728,-0.014150142358359069,11.42703128660907,-2.3890733874252748,1446.8000407005525,276.51713431128695,263.345878277166,6.556618022377299,-1.3963277811264587,278.9284380815976,270.2116149232563,4.605789805425329,-0.6379898398064952,282.319401231003,274.2815107824882,1.873228636023141,-0.4650551775117683,-0.008746455678210687,-0.012012367981468479,101302.1803506932,109.0238583338233,0.3443093144636889,0.0,0.0,0.0,0.0,0.0,0.0,0.0,0.0001296383049863501,0.0,2.8962510795565968,-0.44007048208902766,95962.6317890207,476.70417641761594,277.79563910567214,59.0768041884214,0.031643462784819255,0.0,21.206809146059705,0.04680545879981237,278.24370923130834,281.7586152566583,0.0048232485452082904,272.2952651612717,63.41314368157878,5.160829464415847e-10,1.726889762247616,-0.5119474177145642,4.524559627005173,-0.5119480492295019,-50.0,0.0,0.0,1.4455968700829319e-05,0.0,0.0,0.0,0.0,0.0,0.0,0.18839564789430283,0.212468623494709,-7.574875035496061,52.053688370921975,11.754995509518718,0.333941359195986,24.961509410589557,11.69224281387397,13.655661689432259,1.897387415594611,-5.032728548700595,10.435553532456378,38.16145274811681,26.84852188543175,14.19929802221113,12.252150453256041,1985.1768176048834,75507.52621102394,74526.81542555992,0.0,272.11956318893635,0.0,324.6364107759973,0.006120487494976313,0.0,0.0,140.24441008128358,75.3892302459503,7.890977586300112,-6.228003392675679,16.725895980877844,-1.724127301250948,36.047225463452136,4136.207653834195,5613.307641446661,8.919278183784472,7.922422802301772,-6.215623498033304,426.6830928851378,3.1156856631608894,-2.8164738637892595,9.869154916442756,-6.788044909361915,75200.33036924826,742.9800644676693,0.6304929661374145,0.008484323907434322,240.1990894666515,274.0642145265556,236.38519996664888,274.12480797082424
2025-01-29 04:30:00,-8.86906267698821,38.095422963444705,0.001477320611965204,29232.742405942656,-9.403102431132394,-9.834583782119015,0.3640784330398642,6.894164355292565,31.278664349989164,-2.614505661142791,28.556035143189924,-2.0600989146388238,5591.229606718526,254.6858728133726,237.26392569129194,18.746397926117204,-2.157683469639494,3003.3398605261536,270.26396889119303,251.83499745981223,-0.015221807530265741,11.431544258659436,-2.3660135150818062,1446.8643843383375,276.5143438947274,263.33907198351415,6.550289700745246,-1.3871080719745321,278.9195958269004,270.21533751789644,4.604385179460608,-0.6416549448776532,282.3037517254173,274.2847514613793,1.8728233153341305,-0.45896259281803164,-0.00878446530441813,-0.01388057292448904,101303.19798587087,109.10439013922972,0.3448060734087398,0.0,0.0,0.0,0.0,0.0,0.0,0.0,0.00012755880010980813,0.0,2.896426012930675,-0.4353436457357569,95963.36137587717,476.70417641761594,277.7689405190431,59.099025295240615,0.03164792002271748,0.0,21.193551290954318,0.046809405445581195,278.222239242741,281.73592829443396,0.004822672127679789,272.29165592542637,63.46576872787894,5.162335869103654e-10,1.7257656619632045,-0.5059353754558674,4.5219063944355415,-0.5059360151722978,-50.0,0.0,0.0,1.4231708834149285e-05,0.0,0.0,0.0,0.0,0.0,0.0,0.18839897737227848,0.21219503700775955,-7.5555646537447885,52.0619374104069,11.754995509518718,0.333941359195986,24.951664994874395,11.69224482597351,13.662404724899627,1.9051095168284131,-5.104774922171115,10.433806840476116,38.25957160126206,26.954792322458022,14.20360540243478,12.28325829951694,1984.0058884595114,75542.34553427128,74529.70588528618,0.0,272.1417269377962,0.0,324.52567197818416,0.0061200457079029855,0.0,0.0,140.08340380055859,75.15497540601982,7.899241533193974,-6.21750407815396,16.72937180776824,-1.7008508013730208,36.06281319860315,4135.496603663456,5611.71216198696,8.91161969114097,7.935966419283401,-6.337769225479899,426.09506701406406,3.112276729123986,-2.8646766827232213,9.912909333219957,-6.891915611495422,75217.94922265597,742.7033831091767,0.6304929661374145,0.008483886494490434,240.20192508950848,274.0434532396003,236.3913722012012,274.10910849983554
2025-01-29 04:35:00,-8.867379008955242,38.10442539423591,0.0014722199616721285,29168.84493063768,-9.402674676813072,-9.83571434968593,0.3661071324029735,6.885255821769953,31.275362583285194,-2.597295987467728,28.55412762024769,-2.0452269917449195,5591.221904759056,254.6770794859963,237.2727487193549,18.754312379452102,-2.136558045092619,3003.386652549858,270.26007579643806,251.83446945635166,-0.016293472702172414,11.436057230709803,-2.3429536427383373,1446.9287279761224,276.51155347816785,263.3322656898623,6.543961379113192,-1.3778883628226057,278.9107535722032,270.21906011253657,4.602980553495887,-0.6453200499488113,282.2881022198317,274.28799214027043,1.87241799464512,-0.45287000812429506,-0.008822474930625572,-0.0157487778675096,101304.21562104853,109.18492194463614,0.3453028323537908,0.0,0.0,0.0,0.0,0.0,0.0,0.0,0.00012547929523326617,0.0,2.896600946304754,-0.4306168093824861,95964.09096273364,476.70417641761594,277.742241932414,59.12124640205983,0.031652377260615705,0.0,21.18029343584893,0.04681335209135003,278.20076925417374,281.71324133220963,0.004822095710151287,272.28804668958105,63.518393774179096,5.163842273791461e-10,1.724641561678793,-0.4999233331971707,4.519253161865911,-0.49992398111509384,-50.0,0.0,0.0,1.400744896746925e-05,0.0,0.0,0.0,0.0,0.0,0.0,0.18840230685025414,0.2119214505208101,-7.536254271993516,52.070186449891814,11.754995509518718,0.333941359195986,24.941820579159234,11.692246838073052,13.669147760366993,1.9128316180622151,-5.176821295641635,10.432060148495852,38.35769045440731,27.061062759484294,14.20791278265843,12.314366145777838,1982.8349593141395,75577.16485751863,74532.59634501244,0.0,272.1638906866561,0.0,324.41493318037095,0.006119603920829658,0.0,0.0,139.92239751983362,74.92072056608933,7.9075054800878375,-6.2070047636322405,16.73284763465863,-1.6775743014950935,36.07840093375416,4134.785553492717,5610.116682527259,8.90396119849747,7.949510036265032,-6.459914952926494,425.5070411429904,3.108867795087083,-2.9128795016571827,9.956663749997157,-6.99578631362893,75235.56807606366,742.4267017506841,0.6304929661374145,0.008483449081546544,240.20476071236547,274.022691952645,236.3975444357535,274.09340902884685
2025-01-29 04:40:00,-8.865695340922272,38.113427825027124,0.0014671193113790532,29104.9474553327,-9.40224692249375,-9.836844917252844,0.3681358317660827,6.876347288247342,31.27206081658122,-2.5800863137926653,28.55222009730546,-2.030355068851015,5591.214202799587,254.66828615861996,237.28157174741784,18.762226832787,-2.1154326205457443,3003.433444573562,270.2561827016831,251.8339414528911,-0.017365137874079083,11.440570202760169,-2.3198937703948688,1446.9930716139074,276.5087630616083,263.3254593962105,6.537633057481138,-1.3686686536706794,278.901911317506,270.2227827071767,4.601575927531166,-0.6489851550199695,282.27245271424607,274.29123281916156,1.8720126739561094,-0.44677742343055843,-0.008860484556833014,-0.017616982810530164,101305.23325622619,109.26545375004257,0.34579959129884175,0.0,0.0,0.0,0.0,0.0,0.0,0.0,0.00012339979035672424,0.0,2.8967758796788323,-0.4258899730292153,95964.82054959012,476.70417641761594,277.7155433457849,59.14346750887905,0.03165683449851393,0.0,21.167035580743544,0.04681729873711885,278.17929926560646,281.69055436998525,0.004821519292622786,272.28443745373573,63.57101882047926,5.165348678479267e-10,1.7235174613943811,-0.4939112909384739,4.516599929296279,-0.49391194705788977,-50.0,0.0,0.0,1.3783189100789216e-05,0.0,0.0,0.0,0.0,0.0,0.0,0.18840563632822976,0.21164786403386068,-7.516943890242245,52.07843548937673,11.754995509518718,0.333941359195986,24.93197616344407,11.692248850172595,13.67589079583436,1.920553719296017,-5.248867669112155,10.43031345651559,38.45580930755256,27.167333196510565,14.212220162882081,12.345473992038736,1981.6640301687676,75611.98418076597,74535.48680473868,0.0,272.186054435516,0.0,324.30419438255774,0.00611916213375633,0.0,0.0,139.76139123910863,74.68646572615884,7.9157694269817,-6.196505449110521,16.736323461549024,-1.654297801617166,36.09398866890517,4134.074503321976,5608.521203067559,8.896302705853968,7.9630536532466625,-6.582060680373089,424.91901527191663,3.1054588610501797,-2.9610823205911445,10.000418166774358,-7.099657015762438,75253.18692947135,742.1500203921914,0.6304929661374145,0.008483011668602656,240.20759633522246,274.00193066568966,236.4037166703058,274.0777095578582
2025-01-29 04:45:00,-8.864011672889303,38.12243025581834,0.0014620186610859777,29041.049980027725,-9.40181916817443,-9.83797548481976,0.370164531129192,6.8674387547247315,31.268759049877247,-2.562876640117602,28.550312574363232,-2.01548314595711,5591.206500840117,254.65949283124365,237.2903947754808,18.7701412861219,-2.0943071959988693,3003.4802365972664,270.2522896069281,251.83341344943057,-0.01843680304598576,11.445083174810534,-2.2968338980514,1447.0574152516924,276.50597264504876,263.31865310255864,6.531304735849084,-1.359448944518753,278.8930690628088,270.2265053018168,4.600171301566446,-0.6526502600911275,282.2568032086605,274.29447349805264,1.8716073532670987,-0.4406848387368218,-0.008898494183040458,-0.019485187753550723,101306.25089140385,109.345985555449,0.3462963502438927,0.0,0.0,0.0,0.0,0.0,0.0,0.0,0.0001213202854801823,0.0,2.8969508130529107,-0.42116313667594446,95965.5501364466,476.70417641761594,277.6888447591558,59.16568861569826,0.03166129173641216,0.0,21.153777725638157,0.04682124538288768,278.1578292770391,281.6678674077609,0.004820942875094284,272.2808282178904,63.62364386677942,5.166855083167075e-10,1.7223933611099693,-0.4878992486797772,4.513946696726648,-0.4878999130006857,-50.0,0.0,0.0,1.3558929234109182e-05,0.0,0.0,0.0,0.0,0.0,0.0,0.18840896580620542,0.21137427754691124,-7.497633508490972,52.086684528861646,11.754995509518718,0.333941359195986,24.92213174772891,11.692250862272136,13.682633831301725,1.928275820529819,-5.320914042582675,10.428566764535327,38.55392816069782,27.273603633536837,14.216527543105734,12.376581838299632,1980.4931010233954,75646.80350401331,74538.37726446494,0.0,272.2082181843759,0.0,324.1934555847446,0.006118720346683003,0.0,0.0,139.60038495838367,74.45221088622836,7.924033373875562,-6.186006134588802,16.739799288439414,-1.631021301739239,36.109576404056185,4133.363453151236,5606.925723607859,8.888644213210465,7.976597270228292,-6.704206407819684,424.3309894008429,3.102049927013276,-3.009285139525106,10.044172583551559,-7.2035277178959465,75270.80578287906,741.8733390336988,0.6304929661374145,0.008482574255658766,240.21043195807943,273.9811693787343,236.40988890485812,274.0620100868695
2025-01-29 04:50:00,-8.862328004856334,38.13143268660954,0.0014569180107929024,28977.152504722748,-9.401391413855109,-9.839106052386674,0.37219323049230124,6.858530221202121,31.265457283173276,-2.545666966442539,28.548405051421,-2.000611223063206,5591.198798880647,254.65069950386734,237.29921780354374,18.778055739456796,-2.0731817714519942,3003.5270286209707,270.24839651217314,251.83288544597,-0.019508468217892427,11.4495961468609,-2.2737740257079313,1447.1217588894772,276.5031822284892,263.31184680890686,6.52497641421703,-1.3502292353668266,278.88422680811163,270.23022789645694,4.598766675601725,-0.6563153651622856,282.2411537030748,274.29771417694377,1.8712020325780883,-0.4345922540430852,-0.0089365038092479,-0.021353392696571286,101307.2685265815,109.42651736085543,0.3467931091889437,0.0,0.0,0.0,0.0,0.0,0.0,0.0,0.00011924078060364035,0.0,2.897125746426989,-0.41643630032267365,95966.27972330307,476.70417641761594,277.6621461725267,59.187909722517475,0.03166574897431039,0.0,21.140519870532767,0.0468251920286565,278.13635928847185,281.6451804455366,0.0048203664575657825,272.27721898204516,63.676268913079575,5.168361487854882e-10,1.7212692608255578,-0.48188720642108046,4.511293464157017,-0.4818878789434817,-50.0,0.0,0.0,1.3334669367429148e-05,0.0,0.0,0.0,0.0,0.0,0.0,0.18841229528418107,0.2111006910599618,-7.4783231267397,52.09493356834656,11.754995509518718,0.333941359195986,24.912287332013747,11.692252874371677,13.689376866769091,1.935997921763621,-5.392960416053195,10.426820072555063,38.652047013843074,27.379874070563105,14.220834923329384,12.40768968456053,1979.3221718780235,75681.62282726064,74541.2677241912,0.0,272.2303819332358,0.0,324.08271678693137,0.006118278559609675,0.0,0.0,139.43937867765868,74.21795604629789,7.932297320769425,-6.175506820067083,16.74327511532981,-1.6077448018613116,36.12516413920719,4132.652402980497,5605.330244148158,8.880985720566965,7.990140887209923,-6.826352135266278,423.74296352976916,3.0986409929763727,-3.0574879584590677,10.08792700032876,-7.307398420029454,75288.42463628676,741.5966576752062,0.6304929661374145,0.008482136842714878,240.21326758093642,273.960408091779,236.41606113941043,274.0463106158808
2025-01-29 04:55:00,-8.860644336823363,38.140435117400756,0.0014518173604998268,28913.25502941777,-9.400963659535787,-9.84023661995359,0.37422192985541053,6.84962168767951,31.262155516469303,-2.5284572927674764,28.546497528478767,-1.9857393001693013,5591.191096921178,254.641906176491,237.3080408316067,18.785970192791694,-2.0520563469051196,3003.573820644675,270.2445034174181,251.83235744250942,-0.0205801333897991,11.454109118911266,-2.250714153364463,1447.1861025272622,276.50039181192966,263.30504051525503,6.518648092584977,-1.3410095262149002,278.8753845534144,270.23395049109706,4.597362049637004,-0.6599804702334436,282.2255041974892,274.30095485583485,1.8707967118890778,-0.4284996693493486,-0.008974513435455342,-0.023221597639591845,101308.28616175916,109.50704916626185,0.34728986813399465,0.0,0.0,0.0,0.0,0.0,0.0,0.0,0.0001171612757270984,0.0,2.8973006798010674,-0.4117094639694029,95967.00931015954,476.70417641761594,277.6354475858977,59.21013082933669,0.03167020621220862,0.0,21.12726201542738,0.04682913867442533,278.1148892999045,281.6224934833122,0.004819790040037282,272.27360974619984,63.72889395937974,5.169867892542688e-10,1.7201451605411462,-0.47587516416238373,4.5086402315873855,-0.47587584488627765,-50.0,0.0,0.0,1.3110409500749114e-05,0.0,0.0,0.0,0.0,0.0,0.0,0.1884156247621567,0.21082710457301237,-7.459012744988429,52.10318260783148,11.754995509518718,0.333941359195986,24.902442916298583,11.69225488647122,13.696119902236457,1.9437200229974227,-5.4650067895237155,10.425073380574801,38.750165866988326,27.486144507589376,14.225142303553035,12.438797530821429,1978.1512427326516,75716.44215050798,74544.15818391745,0.0,272.2525456820956,0.0,323.9719779891182,0.006117836772536347,0.0,0.0,139.27837239693372,73.9837012063674,7.940561267663288,-6.165007505545364,16.7467509422202,-1.5844683019833845,36.14075187435821,4131.9413528097575,5603.734764688457,8.873327227923463,8.003684504191552,-6.948497862712873,423.1549376586954,3.0952320589394695,-3.105690777393029,10.13168141710596,-7.411269122162961,75306.04348969446,741.3199763167136,0.6304929661374145,0.008481699429770988,240.2161032037934,273.9396468048237,236.42223337396274,274.0306111448922
2025-01-29 05:00:00,-8.858960668790393,38.14943754819197,0.0014467167102067515,28849.357554112794,-9.400535905216465,-9.841367187520504,0.37625062921851976,6.840713154156899,31.25885374976533,-2.5112476190924133,28.544590005536538,-1.9708673772753968,5591.183394961708,254.6331128491147,237.31686385966964,18.793884646126592,-2.0309309223582446,3003.620612668379,270.24061032266314,251.83182943904887,-0.021651798561705772,11.458622090961631,-2.227654281020994,1447.2504461650472,276.4976013953701,263.2982342216032,6.512319770952923,-1.3317898170629738,278.8665422987172,270.2376730857372,4.595957423672283,-0.6636455753046018,282.20985469190356,274.304195534726,1.8703913912000671,-0.42240708465561194,-0.009012523061662784,-0.025089802582612408,101309.30379693682,109.58758097166827,0.3477866270790456,0.0,0.0,0.0,0.0,0.0,0.0,0.0,0.00011508177085055646,0.0,2.897475613175146,-0.4069826276161321,95967.73889701602,476.70417641761594,277.6087489992686,59.23235193615591,0.031674663450106846,0.0,21.114004160321993,0.04683308532019415,278.09341931133724,281.5998065210879,0.00481921362250878,272.2700005103545,63.7815190056799,5.171374297230496e-10,1.7190210602567344,-0.46986312190368695,4.505986999017754,-0.4698638108290736,-50.0,0.0,0.0,1.288614963406908e-05,0.0,0.0,0.0,0.0,0.0,0.0,0.18841895424013236,0.21055351808606293,-7.439702363237156,52.111431647316394,11.754995509518718,0.333941359195986,24.89259850058342,11.692256898570761,13.702862937703824,1.9514421242312248,-5.537053162994235,10.423326688594539,38.84828472013358,27.592414944615648,14.229449683776686,12.469905377082327,1976.9803135872796,75751.26147375532,74547.0486436437,0.0,272.2747094309555,0.0,323.861239191305,0.006117394985463019,0.0,0.0,139.11736611620873,73.74944636643691,7.94882521455715,-6.154508191023645,16.750226769110593,-1.5611918021054572,36.15633960950922,4131.230302639017,5602.139285228757,8.86566873527996,8.017228121173183,-7.070643590159468,422.5669117876217,3.0918231249025663,-3.153893596326991,10.175435833883162,-7.51513982429647,75323.66234310216,741.0432949582209,0.6304929661374145,0.0084812620168271,240.2189388266504,273.9188855178684,236.42840560851505,274.0149116739035
2025-01-29 05:05:00,-8.853080105575737,38.16177623685946,0.0014473861273260093,28796.589071360075,-9.401080875269425,-9.841558421725741,0.37676254725590735,6.834097600593422,31.25685996537421,-2.5076594062605544,28.546751334549732,-1.9658828407927924,5591.121088666848,254.6254608430127,237.31822241363741,18.809333866806302,-2.0133410707424444,3003.631956961567,270.2354737061654,251.83419064983048,-0.021409683623974576,11.471051047785812,-2.2111995314795916,1447.2857052333275,276.49149468622414,263.29827283974254,6.508389593018801,-1.3210936156479796,278.8557486574141,270.2411121208321,4.59274970269775,-0.665655329019514,282.19400739216195,274.30490449253216,1.8718762080408793,-0.4173349384838694,-0.012203160533854474,-0.024890713613649824,101310.09982332017,109.64915706075642,0.3500202161327342,0.0,0.0,0.0,0.0,0.0,0.0,0.0,0.00011765301535861825,0.0,2.8996997708494554,-0.40340603860284213,95968.26899994978,476.70417641761594,277.5870748613236,59.254495209715884,0.03168146084725488,0.0,21.108067416882356,0.046836872091531985,278.07503175711787,281.58044930190397,0.004818878155212658,272.26580223350163,63.83417986297778,5.172075230477256e-10,1.7198410837522837,-0.46482229280947995,4.50437233967003,-0.4648229899363593,-50.0,0.0,0.0,1.2336283596157276e-05,0.0,0.0,0.0,0.0,0.0,0.0,0.1884195316295924,0.21038190830319997,-7.391457552660581,52.11445819495775,11.754995509518718,0.333941359195986,24.856242048926212,11.692256898570761,13.709328189707044,1.951562977053492,-5.545538799140501,10.423355078856595,38.933470016130045,27.692787524212992,14.19704014033607,12.52126456781939,1975.2212332727781,75811.55748721321,74553.31441347387,0.0,272.2757534175511,0.0,323.7722929022955,0.00611802048597278,0.0,0.0,139.03408387270724,73.52111016105019,7.961118180295185,-6.148049487458385,16.76297985617375,-1.544302709138018,36.18964641812163,4130.3940906911,5600.759483156365,8.85932830780854,8.04042325476172,-7.090060306997399,422.2222986948105,3.1026944549860964,-3.198335844958457,10.234449838620868,-7.534563539741503,75337.37725974087,740.8563982928298,0.6304929661374145,0.008481305758121489,240.2230611358193,273.8963436934476,236.43522516102047,273.9965899586428
2025-01-29 05:10:00,-8.847199542361082,38.17411492552694,0.0014480555444452673,28743.820588607352,-9.401625845322386,-9.841749655930979,0.377274465293295,6.827482047029945,31.254866180983093,-2.5040711934286954,28.548912663562923,-1.9608983043101882,5591.058782371987,254.61780883691065,237.3195809676052,18.82478308748601,-1.9957512191266442,3003.6433012547545,270.23033708966767,251.83655186061205,-0.021167568686243383,11.483480004609993,-2.194744781938189,1447.3209643016075,276.4853879770782,263.2983114578819,6.50445941508468,-1.3103974142329853,278.844955016111,270.24455115592707,4.589541981723216,-0.6676650827344262,282.1781600924204,274.30561345033834,1.8733610248816914,-0.4122627923121268,-0.015393798006046164,-0.02469162464468724,101310.89584970352,109.71073314984457,0.3522538051864228,0.0,0.0,0.0,0.0,0.0,0.0,0.0,0.00012022425986668003,0.0,2.901923928523765,-0.3998294495895522,95968.79910288355,476.70417641761594,277.56540072337856,59.27663848327587,0.03168825824440291,0.0,21.10213067344272,0.04684065886286982,278.0566442028985,281.56109208272005,0.004818542687916537,272.26160395664874,63.88684072027565,5.172776163724016e-10,1.720661107247833,-0.45978146371527295,4.502757680322306,-0.459782169043645,-50.0,0.0,0.0,1.1786417558245471e-05,0.0,0.0,0.0,0.0,0.0,0.0,0.18842010901905248,0.210210298520337,-7.343212742084006,52.1174847425991,11.754995509518718,0.333941359195986,24.819885597269003,11.692256898570761,13.715793441710264,1.9516838298757588,-5.554024435286767,10.423383469118653,39.018655312126505,27.79316010381034,14.164630596895453,12.572623758556453,1973.4621529582769,75871.85350067112,74559.58018330403,0.0,272.27679740414663,0.0,323.6833466132859,0.006118645986482541,0.0,0.0,138.95080162920576,73.29277395566346,7.973411146033219,-6.141590783893125,16.77573294323691,-1.5274136161705787,36.22295322673405,4129.557878743183,5599.379681083972,8.852987880337116,8.063618388350259,-7.109477023835331,421.8776856019993,3.1135657850696266,-3.2427780935899233,10.293463843358577,-7.553987255186537,75351.09217637959,740.6695016274386,0.6304929661374145,0.008481349499415878,240.22718344498819,273.87380186902675,236.44204471352592,273.97826824338205
2025-01-29 05:15:00,-8.841318979146426,38.186453614194434,0.001448724961564525,28691.052105854633,-9.402170815375346,-9.841940890136216,0.3777863833306826,6.820866493466468,31.252872396591975,-2.5004829805968365,28.551073992576118,-1.9559137678275837,5590.996476077127,254.61015683080865,237.32093952157297,18.840232308165724,-1.978161367510844,3003.6546455479424,270.22520047316993,251.83891307139365,-0.020925453748512186,11.495908961434173,-2.1782900323967866,1447.3562233698876,276.4792812679322,263.29835007602117,6.500529237150559,-1.2997012128179908,278.8341613748079,270.247990191022,4.586334260748682,-0.6696748364493383,282.1623127926788,274.3063224081445,1.8748458417225038,-0.40719064614038425,-0.018584435478237852,-0.024492535675724656,101311.69187608686,109.7723092389327,0.3544873942401114,0.0,0.0,0.0,0.0,0.0,0.0,0.0,0.00012279550437474182,0.0,2.9041480861980746,-0.3962528605762622,95969.32920581731,476.70417641761594,277.54372658543355,59.29878175683585,0.031695055641550944,0.0,21.096193930003082,0.04684444563420766,278.0382566486792,281.54173486353613,0.004818207220620416,272.25740567979585,63.93950157757352,5.173477096970778e-10,1.7214811307433826,-0.45474063462106595,4.501143020974582,-0.4547413481509307,-50.0,0.0,0.0,1.1236551520333667e-05,0.0,0.0,0.0,0.0,0.0,0.0,0.18842068640851256,0.21003868873747403,-7.294967931507431,52.12051129024046,11.754995509518718,0.333941359195986,24.783529145611794,11.692256898570761,13.722258693713485,1.951804682698026,-5.562510071433033,10.42341185938071,39.10384060812297,27.893532683407685,14.132221053454835,12.623982949293516,1971.7030726437756,75932.149514129,74565.84595313418,0.0,272.2778413907422,0.0,323.5944003242763,0.006119271486992302,0.0,0.0,138.86751938570427,73.06443775027674,7.985704111771254,-6.135132080327866,16.788486030300067,-1.5105245232031392,36.256260035346465,4128.721666795266,5597.99987901158,8.846647452865692,8.086813521938796,-7.128893740673263,421.5330725091881,3.1244371151531567,-3.2872203422213895,10.352477848096283,-7.573410970631571,75364.8070930183,740.4826049620474,0.6304929661374145,0.008481393240710268,240.23130575415706,273.85126004460597,236.44886426603136,273.95994652812135
2025-01-29 05:20:00,-8.835438415931769,38.198792302861925,0.0014493943786837828,28638.283623101914,-9.402715785428306,-9.842132124341454,0.3782983013680702,6.8142509399029905,31.250878612200857,-2.4968947677649775,28.553235321589312,-1.9509292313449795,5590.9341697822665,254.60250482470664,237.32229807554074,18.855681528845434,-1.960571515895044,3003.6659898411303,270.2200638566722,251.84127428217525,-0.02068333881078099,11.508337918258354,-2.1618352828553844,1447.391482438168,276.47317455878624,263.2983886941605,6.496599059216438,-1.2890050114029965,278.8233677335047,270.2514292261169,4.583126539774149,-0.6716845901642504,282.14646549293724,274.30703136595076,1.876330658563316,-0.40211849996864163,-0.02177507295042954,-0.024293446706762072,101312.48790247021,109.83388532802086,0.3567209832938,0.0,0.0,0.0,0.0,0.0,0.0,0.0,0.0001253667488828036,0.0,2.9063722438723842,-0.39267627156297225,95969.85930875108,476.70417641761594,277.52205244748853,59.32092503039583,0.03170185303869898,0.0,21.090257186563445,0.04684823240554549,278.0198690944598,281.5223776443522,0.004817871753324295,272.253207402943,63.9921624348714,5.174178030217538e-10,1.722301154238932,-0.44969980552685895,4.499528361626858,-0.4497005272582164,-50.0,0.0,0.0,1.0686685482421862e-05,0.0,0.0,0.0,0.0,0.0,0.0,0.1884212637979726,0.20986707895461107,-7.246723120930857,52.12353783788182,11.754995509518718,0.333941359195986,24.747172693954585,11.692256898570761,13.728723945716704,1.9519255355202931,-5.570995707579299,10.423440249642766,39.18902590411943,27.99390526300503,14.099811510014218,12.675342140030581,1969.9439923292741,75992.4455275869,74572.11172296434,0.0,272.27888537733776,0.0,323.5054540352668,0.006119896987502063,0.0,0.0,138.78423714220278,72.83610154489003,7.997997077509289,-6.128673376762607,16.801239117363224,-1.4936354302357,36.28956684395888,4127.885454847349,5596.620076939187,8.84030702539427,8.110008655527333,-7.148310457511194,421.18845941637693,3.135308445236687,-3.3316625908528557,10.41149185283399,-7.592834686076604,75378.52200965703,740.2957082966562,0.6304929661374145,0.008481436982004657,240.23542806332597,273.8287182201851,236.45568381853678,273.94162481286065
2025-01-29 05:25:00,-8.829557852717112,38.21113099152941,0.0014500637958030408,28585.51514034919,-9.403260755481266,-9.842323358546691,0.37881021940545784,6.807635386339514,31.24888482780974,-2.4933065549331186,28.555396650602507,-1.945944694862375,5590.871863487407,254.5948528186046,237.32365662950852,18.871130749525143,-1.942981664279244,3003.677334134318,270.21492724017446,251.84363549295682,-0.020441223873049797,11.520766875082534,-2.145380533313982,1447.4267415064483,276.4670678496403,263.29842731229985,6.492668881282317,-1.2783088099880022,278.8125740922016,270.25486826121187,4.579918818799616,-0.6736943438791626,282.13061819319563,274.30774032375695,1.877815475404128,-0.39704635379689907,-0.024965710422621232,-0.02409435773779949,101313.28392885356,109.895461417109,0.35895457234748857,0.0,0.0,0.0,0.0,0.0,0.0,0.0,0.0001279379933908654,0.0,2.908596401546694,-0.3890996825496823,95970.38941168484,476.70417641761594,277.5003783095435,59.3430683039558,0.03170865043584701,0.0,21.084320443123808,0.04685201917688332,278.00148154024043,281.5030204251683,0.004817536286028173,272.24900912609013,64.04482329216928,5.174878963464299e-10,1.7231211777344813,-0.44465897643265195,4.497913702279134,-0.4446597063655021,-50.0,0.0,0.0,1.0136819444510058e-05,0.0,0.0,0.0,0.0,0.0,0.0,0.18842184118743266,0.2096954691717481,-7.1984783103542815,52.126564385523174,11.754995509518718,0.333941359195986,24.710816242297376,11.692256898570761,13.735189197719924,1.9520463883425603,-5.579481343725565,10.423468639904822,39.2742112001159,28.094277842602377,14.067401966573602,12.726701330767645,1968.1849120147726,76052.7415410448,74578.3774927945,0.0,272.2799293639333,0.0,323.41650774625725,0.006120522488011824,0.0,0.0,138.7009548987013,72.6077653395033,8.010290043247323,-6.122214673197347,16.81399220442638,-1.4767463372682608,36.322873652571296,4127.049242899432,5595.240274866795,8.83396659792285,8.133203789115871,-7.167727174349125,420.84384632356574,3.146179775320217,-3.376104839484322,10.470505857571696,-7.612258401521638,75392.23692629574,740.1088116312651,0.6304929661374145,0.008481480723299045,240.23955037249488,273.80617639576434,236.4625033710422,273.9233030975999
2025-01-29 05:30:00,-8.823677289502456,38.2234696801969,0.0014507332129222986,28532.74665759647,-9.403805725534227,-9.842514592751929,0.37932213744284543,6.801019832776037,31.24689104341862,-2.4897183421012596,28.5575579796157,-1.9409601583797707,5590.809557192546,254.5872008125026,237.3250151834763,18.886579970204853,-1.9253918126634437,3003.6886784275057,270.2097906236768,251.84599670373842,-0.0201991089353186,11.533195831906715,-2.12892578377258,1447.4620005747283,276.4609611404943,263.2984659304392,6.488738703348195,-1.2676126085730077,278.8017804508985,270.2583072963068,4.576711097825082,-0.6757040975940748,282.1147708934541,274.3084492815631,1.8793002922449402,-0.3919742076251565,-0.02815634789481292,-0.0238952687688369,101314.0799552369,109.95703750619714,0.36118816140117715,0.0,0.0,0.0,0.0,0.0,0.0,0.0,0.00013050923789892718,0.0,2.910820559221004,-0.38552309353639236,95970.91951461861,476.70417641761594,277.4787041715985,59.36521157751579,0.03171544783299504,0.0,21.07838369968417,0.046855805948221155,277.9830939860211,281.4836632059844,0.0048172008187320516,272.24481084923724,64.09748414946716,5.175579896711059e-10,1.7239412012300306,-0.43961814733844495,4.49629904293141,-0.4396188854727878,-50.0,0.0,0.0,9.586953406598254e-06,0.0,0.0,0.0,0.0,0.0,0.0,0.18842241857689274,0.20952385938888513,-7.150233499777706,52.12959093316453,11.754995509518718,0.333941359195986,24.674459790640167,11.692256898570761,13.741654449723145,1.9521672411648274,-5.587966979871831,10.42349703016688,39.35939649611237,28.19465042219972,14.034992423132985,12.778060521504708,1966.4258317002714,76113.03755450269,74584.64326262465,0.0,272.28097335052894,0.0,323.32756145724767,0.006121147988521585,0.0,0.0,138.61767265519978,72.37942913411658,8.022583008985357,-6.115755969632088,16.826745291489537,-1.4598572443008213,36.35618046118371,4126.213030951515,5593.860472794402,8.827626170451426,8.156398922704408,-7.187143891187056,420.4992332307546,3.157051105403747,-3.4205470881157876,10.529519862309403,-7.631682116966671,75405.95184293445,739.9219149658738,0.6304929661374145,0.008481524464593434,240.24367268166375,273.78363457134355,236.46932292354765,273.9049813823392
2025-01-29 05:35:00,-8.817796726287801,38.23580836886439,0.0014514026300415563,28479.978174843753,-9.404350695587185,-9.842705826957165,0.379834055480233,6.79440427921256,31.2448972590275,-2.4861301292694007,28.559719308628893,-1.9359756218971664,5590.747250897686,254.5795488064006,237.32637373744407,18.902029190884562,-1.9078019610476435,3003.7000227206936,270.20465400717904,251.84835791452002,-0.019956993997587404,11.545624788730896,-2.112471034231177,1447.4972596430084,276.4548544313484,263.29850454857853,6.484808525414074,-1.2569164071580134,278.7909868095954,270.2617463314017,4.573503376850548,-0.677713851308987,282.09892359371247,274.3091582393693,1.8807851090857524,-0.38690206145341394,-0.031346985367004615,-0.023696179799874317,101314.87598162025,110.01861359528529,0.36342175045486574,0.0,0.0,0.0,0.0,0.0,0.0,0.0,0.00013308048240698897,0.0,2.9130447168953135,-0.3819465045231024,95971.44961755237,476.70417641761594,277.4570300336535,59.38735485107577,0.03172224523014307,0.0,21.072446956244534,0.04685959271955899,277.96470643180174,281.4643059868005,0.004816865351435931,272.24061257238435,64.15014500676503,5.17628082995782e-10,1.72476122472558,-0.43457731824423795,4.494684383583687,-0.43457806458007353,-50.0,0.0,0.0,9.037087368686448e-06,0.0,0.0,0.0,0.0,0.0,0.0,0.1884229959663528,0.20935224960602217,-7.101988689201131,52.132617480805884,11.754995509518718,0.333941359195986,24.63810333898296,11.692256898570761,13.748119701726365,1.9522880939870944,-5.596452616018097,10.423525420428938,39.44458179210883,28.295023001797066,14.002582879692369,12.829419712241771,1964.66675138577,76173.33356796058,74590.90903245482,0.0,272.2820173371245,0.0,323.2386151682381,0.006121773489031346,0.0,0.0,138.5343904116983,72.15109292872985,8.034875974723391,-6.109297266066828,16.839498378552697,-1.442968151333382,36.38948726979613,4125.376819003598,5592.48067072201,8.821285742980002,8.179594056292945,-7.206560608024988,420.1546201379434,3.1679224354872773,-3.464989336747254,10.588533867047111,-7.651105832411704,75419.66675957317,739.7350183004827,0.6304929661374145,0.008481568205887823,240.24779499083263,273.7610927469227,236.4761424760531,273.8866596670785
2025-01-29 05:40:00,-8.811916163073144,38.248147057531874,0.0014520720471608143,28427.20969209103,-9.404895665640145,-9.842897061162402,0.3803459735176207,6.787788725649083,31.242903474636382,-2.4825419164375417,28.561880637642087,-1.930991085414562,5590.684944602826,254.57189680029856,237.32773229141185,18.91747841156427,-1.8902121094318434,3003.711367013881,270.1995173906813,251.8507191253016,-0.01971487905985621,11.558053745555076,-2.096016284689775,1447.5325187112887,276.4487477222024,263.2985431667179,6.480878347479953,-1.2462202057430192,278.78019316829227,270.26518536649667,4.570295655876015,-0.6797236050238992,282.08307629397086,274.3098671971755,1.8822699259265645,-0.3818299152816714,-0.0345376228391963,-0.023497090830911734,101315.6720080036,110.08018968437344,0.36565533950855433,0.0,0.0,0.0,0.0,0.0,0.0,0.0,0.00013565172691505073,0.0,2.915268874569623,-0.37836991550981247,95971.97972048612,476.70417641761594,277.4353558957085,59.409498124635746,0.0317290426272911,0.0,21.066510212804896,0.04686337949089682,277.94631887758237,281.4449487676166,0.004816529884139809,272.23641429553146,64.20280586406291,5.17698176320458e-10,1.7255812482211292,-0.429536489150031,4.493069724235963,-0.4295372436873592,-50.0,0.0,0.0,8.487221330774643e-06,0.0,0.0,0.0,0.0,0.0,0.0,0.18842357335581286,0.2091806398231592,-7.053743878624556,52.13564402844724,11.754995509518718,0.333941359195986,24.60174688732575,11.692256898570761,13.754584953729585,1.9524089468093615,-5.604938252164363,10.423553810690994,39.529767088105295,28.395395581394414,13.970173336251753,12.880778902978834,1962.9076710712686,76233.62958141849,74597.17480228498,0.0,272.28306132372006,0.0,323.14966887922856,0.006122398989541107,0.0,0.0,138.4511081681968,71.92275672334313,8.047168940461427,-6.102838562501568,16.852251465615854,-1.4260790583659428,36.42279407840854,4124.540607055681,5591.100868649617,8.81494531550858,8.202789189881484,-7.225977324862919,419.81000704513224,3.1787937655708074,-3.50943158537872,10.647547871784818,-7.670529547856738,75433.38167621188,739.5481216350915,0.6304929661374145,0.008481611947182211,240.25191730000154,273.73855092250193,236.48296202855852,273.86833795181775
2025-01-29 05:45:00,-8.806035599858488,38.260485746199365,0.001452741464280072,28374.44120933831,-9.405440635693106,-9.84308829536764,0.38085789155500827,6.781173172085605,31.240909690245264,-2.478953703605683,28.56404196665528,-1.9260065489319578,5590.622638307966,254.56424479419655,237.32909084537962,18.93292763224398,-1.8726222578160434,3003.722711307069,270.19438077418357,251.8530803360832,-0.019472764122125015,11.570482702379257,-2.0795615351483727,1447.567777779569,276.44264101305646,263.2985817848572,6.476948169545832,-1.235524004328025,278.7693995269891,270.2686244015916,4.5670879349014815,-0.6817333587388112,282.0672289942293,274.31057615498173,1.8837547427673766,-0.37675776910992875,-0.037728260311387984,-0.02329800186194915,101316.46803438695,110.14176577346159,0.3678889285622429,0.0,0.0,0.0,0.0,0.0,0.0,0.0,0.00013822297142311252,0.0,2.9174930322439327,-0.3747933264965225,95972.5098234199,476.70417641761594,277.41368175776347,59.43164139819572,0.03173584002443913,0.0,21.06057346936526,0.04686716626223465,277.927931323363,281.4255915484327,0.004816194416843688,272.2322160186786,64.25546672136079,5.17768269645134e-10,1.7264012717166786,-0.424495660055824,4.491455064888239,-0.4244964227946449,-50.0,0.0,0.0,7.937355292862839e-06,0.0,0.0,0.0,0.0,0.0,0.0,0.1884241507452729,0.20900903004029625,-7.005499068047982,52.1386705760886,11.754995509518718,0.333941359195986,24.56539043566854,11.692256898570761,13.761050205732804,1.9525297996316286,-5.613423888310629,10.42358220095305,39.614952384101755,28.49576816099176,13.937763792811136,12.9321380937159,1961.1485907567671,76293.92559487637,74603.44057211514,0.0,272.2841053103156,0.0,323.06072259021903,0.006123024490050868,0.0,0.0,138.36782592469532,71.69442051795642,8.059461906199461,-6.096379858936309,16.86500455267901,-1.4091899653985036,36.45610088702096,4123.704395107764,5589.7210665772245,8.80860488803716,8.225984323470021,-7.24539404170085,419.46539395232105,3.1896650956543375,-3.553873834010186,10.706561876522525,-7.6899532633017715,75447.0965928506,739.3612249697004,0.6304929661374145,0.0084816556884766,240.25603960917044,273.7160090980811,236.48978158106394,273.85001623655705
2025-01-29 05:50:00,-8.800155036643833,38.272824434866855,0.0014534108813993299,28321.67272658559,-9.405985605746066,-9.843279529572877,0.38136980959239586,6.774557618522128,31.238915905854146,-2.475365490773824,28.566203295668473,-1.9210220124493533,5590.560332013106,254.55659278809455,237.3304493993474,18.948376852923694,-1.8550324062002432,3003.734055600257,270.18924415768583,251.8554415468648,-0.01923064918439382,11.582911659203438,-2.06310678560697,1447.6030368478491,276.4365343039105,263.2986204029965,6.4730179916117105,-1.2248278029130306,278.758605885686,270.2720634366865,4.563880213926947,-0.6837431124537234,282.0513816944877,274.3112851127879,1.885239559608189,-0.3716856229381862,-0.04091889778357968,-0.023098912892986566,101317.2640607703,110.20334186254973,0.3701225176159315,0.0,0.0,0.0,0.0,0.0,0.0,0.0,0.0001407942159311743,0.0,2.9197171899182424,-0.37121673748323253,95973.03992635365,476.70417641761594,277.39200761981846,59.453784671755706,0.031742637421587165,0.0,21.054636725925622,0.04687095303357249,277.9095437691436,281.4062343292488,0.0048158589495475666,272.22801774182574,64.30812757865866,5.178383629698102e-10,1.7272212952122281,-0.419454830961617,4.489840405540515,-0.4194556019019306,-50.0,0.0,0.0,7.387489254951034e-06,0.0,0.0,0.0,0.0,0.0,0.0,0.188424728134733,0.2088374202574333,-6.957254257471407,52.141697123729955,11.754995509518718,0.333941359195986,24.52903398401133,11.692256898570761,13.767515457736025,1.9526506524538956,-5.621909524456894,10.423610591215107,39.70013768009822,28.596140740589103,13.905354249370518,12.983497284452962,1959.3895104422659,76354.22160833426,74609.7063419453,0.0,272.2851492969112,0.0,322.97177630120945,0.006123649990560629,0.0,0.0,138.28454368119384,71.46608431256969,8.071754871937495,-6.08992115537105,16.87775763974217,-1.3923008724310644,36.489407695633375,4122.868183159847,5588.341264504832,8.802264460565736,8.249179457058558,-7.264810758538782,419.12078085950986,3.2005364257378677,-3.5983160826416523,10.765575881260233,-7.709376978746805,75460.81150948931,739.1743283043093,0.6304929661374145,0.00848169942977099,240.26016191833932,273.6934672736603,236.49660113356938,273.83169452129636
2025-01-29 05:55:00,-8.794274473429176,38.28516312353434,0.0014540802985185878,28268.90424383287,-9.406530575799026,-9.843470763778114,0.3818817276297835,6.7679420649586515,31.236922121463028,-2.471777277941965,28.568364624681667,-1.9160374759667491,5590.498025718245,254.5489407819925,237.33180795331518,18.963826073603403,-1.837442554584443,3003.7453998934443,270.1841075411881,251.85780275764637,-0.018988534246662626,11.595340616027618,-2.046652036065568,1447.6382959161292,276.4304275947645,263.29865902113585,6.469087813677589,-1.2141316014980361,278.7478122443829,270.27550247178146,4.560672492952413,-0.6857528661686356,282.03553439474615,274.3119940705941,1.8867243764490012,-0.3666134767664436,-0.04410953525577137,-0.022899823924023982,101318.06008715364,110.26491795163787,0.3723561066696201,0.0,0.0,0.0,0.0,0.0,0.0,0.0,0.0001433654604392361,0.0,2.921941347592552,-0.3676401484699426,95973.57002928742,476.70417641761594,277.37033348187344,59.47592794531569,0.0317494348187352,0.0,21.048699982485985,0.046874739804910324,277.8911562149243,281.38687711006486,0.004815523482251446,272.22381946497285,64.36078843595654,5.179084562944862e-10,1.7280413187077774,-0.41441400186741,4.488225746192791,-0.4144147810092163,-50.0,0.0,0.0,6.83762321703923e-06,0.0,0.0,0.0,0.0,0.0,0.0,0.18842530552419307,0.2086658104745703,-6.9090094468948315,52.14472367137131,11.754995509518718,0.333941359195986,24.492677532354122,11.692256898570761,13.773980709739245,1.9527715052761627,-5.630395160603161,10.423638981477165,39.78532297609468,28.69651332018645,13.872944705929902,13.034856475190026,1957.6304301277646,76414.51762179217,74615.97211177545,0.0,272.28619328350675,0.0,322.88283001219986,0.00612427549107039,0.0,0.0,138.20126143769235,71.23774810718297,8.08404783767553,-6.08346245180579,16.890510726805328,-1.375411779463625,36.52271450424579,4122.03197121193,5586.9614624324395,8.795924033094312,8.272374590647097,-7.284227475376714,418.7761677666987,3.211407755821398,-3.6427583312731184,10.82458988599794,-7.728800694191839,75474.52642612804,738.987431638918,0.6304929661374145,0.008481743171065379,240.2642842275082,273.67092544923946,236.50342068607483,273.8133728060356
2025-01-29 06:00:00,-8.78839391021452,38.29750181220183,0.0014547497156378456,28216.13576108015,-9.407075545851987,-9.843661997983352,0.3823936456671711,6.761326511395175,31.23492833707191,-2.468189065110106,28.57052595369486,-1.9110529394841447,5590.435719423385,254.5412887758905,237.33316650728295,18.979275294283113,-1.8198527029686429,3003.756744186632,270.17897092469036,251.86016396842797,-0.01874641930893143,11.607769572851799,-2.0301972865241655,1447.6735549844095,276.42432088561856,263.2986976392752,6.465157635743468,-1.2034354000830418,278.7370186030798,270.2789415068764,4.55746477197788,-0.6877626198835478,282.01968709500454,274.3127030284003,1.8882091932898133,-0.36154133059470106,-0.04730017272796306,-0.022700734955061398,101318.856113537,110.32649404072602,0.3745896957233087,0.0,0.0,0.0,0.0,0.0,0.0,0.0,0.00014593670494729788,0.0,2.9241655052668616,-0.36406355945665264,95974.10013222118,476.70417641761594,277.34865934392843,59.498071218875666,0.03175623221588323,0.0,21.042763239046348,0.04687852657624816,277.87276866070493,281.36751989088094,0.004815188014955324,272.21962118811996,64.41344929325442,5.179785496191623e-10,1.7288613422033268,-0.409373172773203,4.486611086845067,-0.409373960116502,-50.0,0.0,0.0,6.287757179127425e-06,0.0,0.0,0.0,0.0,0.0,0.0,0.18842588291365311,0.20849420069170735,-6.860764636318256,52.147750219012664,11.754995509518718,0.333941359195986,24.456321080696913,11.692256898570761,13.780445961742465,1.9528923580984299,-5.638880796749427,10.42366737173922,39.87050827209115,28.796885899783796,13.840535162489285,13.086215665927089,1955.8713498132631,76474.81363525006,74622.23788160562,0.0,272.2872372701023,0.0,322.79388372319033,0.006124900991580151,0.0,0.0,138.11797919419087,71.00941190179624,8.096340803413565,-6.07700374824053,16.903263813868485,-1.3585226864961857,36.556021312858206,4121.195759264013,5585.581660360047,8.78958360562289,8.295569724235634,-7.3036441922146444,418.4315546738875,3.222279085904928,-3.6872005799045846,10.883603890735646,-7.748224409636872,75488.24134276675,738.8005349735269,0.6304929661374145,0.008481786912359767,240.2684065366771,273.6483836248187,236.51024023858025,273.7950510907749
2025-01-29 06:05:00,-8.776018295146308,38.302689249772065,0.0014591521558421838,28159.053651846938,-9.405280638239724,-9.844699232563364,0.3822062634296709,6.751183098469709,31.239944402657414,-2.465997916258209,28.578813006735345,-1.9058877883527534,5590.381419093237,254.54266795787322,237.34808855330314,18.996043011537257,-1.8088507503634832,3003.7086719264807,270.176328279237,251.86367123016083,-0.019213361932287235,11.62453298697301,-2.019504601677038,1447.652169811125,276.416803868318,263.2874867739022,6.464198201363577,-1.1927344451083592,278.7228756900931,270.2730440224278,4.553485561777412,-0.6902273754011499,281.99995926201507,274.31040398641704,1.8865183165824353,-0.3573451309072542,-0.04544788744018574,-0.023362629903565166,101319.17165212442,110.346615251366,0.3791870670596035,0.0,0.0,0.0,0.0,0.0,0.0,0.0,0.00015115031730809778,0.0,2.9229164245361163,-0.36240711287208405,95974.13422768534,476.70417641761594,277.3268803531931,59.520714472927025,0.03176544850661097,0.0,21.039637354925436,0.04688168566001151,277.85124314346746,281.34545932441654,0.004814399055415496,272.2122548325947,64.47188409764247,5.182245501339098e-10,1.7263385993271454,-0.40534142577620375,4.482517343833894,-0.4053421994503483,-50.0,0.0,0.0,6.832146457051387e-06,0.0,0.0,0.0,0.0,0.0,0.0,0.1884258831061148,0.20826255904418625,-6.792225177384071,52.1136190619662,11.754995509518718,0.333941359195986,24.43382712005743,11.692256898570761,13.800544561618626,1.9450852587813714,-5.618415469861111,10.424568960658748,39.91434767820335,28.944048979401874,13.8464978007752,13.08978193739991,1954.5990262406656,76609.54882398584,74628.49181504152,0.0,272.312589111952,0.0,322.7048283936501,0.0061244242114713125,0.0,0.0,138.02144482569355,70.83108358733902,8.109373600658186,-6.071729209358969,16.917788920820676,-1.343652753351454,36.571142065950326,4121.152355215004,5585.5008168249315,8.795041552480019,8.357327620370356,-7.318633677682299,417.85604552492305,3.2286874042393716,-3.7584607910910535,10.984579794006498,-7.749482103074436,75483.43447195421,738.7832565498651,0.6304929661374145,0.008481786912359767,240.26917669574436,273.62081869913834,236.51384979883383,273.7690922895356
2025-01-29 06:10:00,-8.763642680078098,38.3078766873423,0.0014635545960465222,28101.97154261373,-9.403485730627462,-9.845736467143377,0.38201888119217076,6.741039685544243,31.24496046824292,-2.4638067674063118,28.587100059775832,-1.9007226372213624,5590.32711876309,254.54404713985593,237.36301059932333,19.0128107287914,-1.7978487977583235,3003.6605996663297,270.17368563378363,251.8671784918937,-0.01968030455564304,11.641296401094221,-2.0088119168299103,1447.6307846378406,276.4092868510175,263.27627590852916,6.463238766983686,-1.1820334901336766,278.7087327771064,270.2671465379793,4.549506351576944,-0.6926921309187519,281.98023142902565,274.3081049444338,1.8848274398750573,-0.35314893121980745,-0.043595602152408416,-0.024024524852068935,101319.48719071186,110.366736462006,0.38378443839589826,0.0,0.0,0.0,0.0,0.0,0.0,0.0,0.00015636392966889766,0.0,2.921667343805371,-0.36075066628751545,95974.16832314948,476.70417641761594,277.3051013624577,59.54335772697839,0.0317746647973387,0.0,21.036511470804523,0.04688484474377487,277.82971762623,281.3233987579522,0.004813610095875669,272.2048884770694,64.53031890203053,5.184705506486574e-10,1.7238158564509638,-0.40130967877920454,4.478423600822722,-0.40131043878419453,-50.0,0.0,0.0,7.376535734975347e-06,0.0,0.0,0.0,0.0,0.0,0.0,0.1884258832985765,0.20803091739666513,-6.723685718449885,52.07948790491972,11.754995509518718,0.333941359195986,24.411333159417946,11.692256898570761,13.820643161494784,1.937278159464313,-5.5979501429727945,10.425470549578275,39.95818708431555,29.091212059019952,13.852460439061115,13.09334820887273,1953.326702668068,76744.28401272162,74634.7457484774,0.0,272.33794095380165,0.0,322.6157730641098,0.006123947431362474,0.0,0.0,137.92491045719623,70.65275527288182,8.122406397902807,-6.066454670477407,16.93231402777287,-1.3287828202067222,36.58626281904244,4121.108951165995,5585.419973289816,8.800499499337144,8.419085516505078,-7.333623163149954,417.28053637595866,3.235095722573815,-3.829721002277522,11.08555569727735,-7.750739796512,75478.62760114168,738.7659781262034,0.6304929661374145,0.008481786912359767,240.26994685481162,273.59325377345795,236.5174593590874,273.7431334882962
2025-01-29 06:15:00,-8.751267065009888,38.31306412491254,0.0014679570362508606,28044.889433380522,-9.4016908230152,-9.84677370172339,0.38183149895467056,6.730896272618778,31.249976533828423,-2.461615618554415,28.595387112816315,-1.895557486089971,5590.272818432942,254.54542632183862,237.3779326453435,19.02957844604554,-1.7868468451531638,3003.6125274061783,270.1710429883302,251.87068575362656,-0.020147247178998844,11.658059815215433,-1.9981192319827827,1447.6093994645562,276.40176983371697,263.26506504315614,6.462279332603796,-1.171332535158994,278.6945898641197,270.2612490535307,4.545527141376476,-0.695156886436354,281.96050359603623,274.30580590245063,1.8831365631676795,-0.3489527315323606,-0.0417433168646311,-0.0246864198005727,101319.80272929929,110.38685767264599,0.38838180973219305,0.0,0.0,0.0,0.0,0.0,0.0,0.0,0.00016157754202969754,0.0,2.920418263074626,-0.35909421970294686,95974.20241861363,476.70417641761594,277.2833223717224,59.56600098102975,0.03178388108806644,0.0,21.033385586683607,0.04688800382753822,277.8081921089925,281.3013381914878,0.004812821136335841,272.1975221215442,64.58875370641859,5.187165511634049e-10,1.7212931135747822,-0.3972779317822053,4.474329857811549,-0.3972786781180408,-50.0,0.0,0.0,7.92092501289931e-06,0.0,0.0,0.0,0.0,0.0,0.0,0.1884258834910382,0.20779927574914403,-6.6551462595157,52.04535674787326,11.754995509518718,0.333941359195986,24.388839198778463,11.692256898570761,13.840741761370944,1.9294710601472547,-5.577484816084478,10.426372138497802,40.002026490427745,29.238375138638034,13.85842307734703,13.09691448034555,1952.0543790954705,76879.0192014574,74640.99968191331,0.0,272.3632927956513,0.0,322.52671773456956,0.006123470651253635,0.0,0.0,137.82837608869895,70.4744269584246,8.135439195147427,-6.0611801315958465,16.94683913472506,-1.3139128870619905,36.60138357213455,4121.065547116985,5585.3391297547005,8.80595744619427,8.4808434126398,-7.348612648617609,416.7050272269942,3.2415040409082585,-3.9009812134639903,11.1865316005482,-7.751997489949563,75473.82073032914,738.7486997025417,0.6304929661374145,0.008481786912359767,240.27071701387888,273.56568884777755,236.52106891934096,273.7171746870569
2025-01-29 06:20:00,-8.738891449941676,38.31825156248278,0.0014723594764551988,27987.80732414731,-9.399895915402936,-9.847810936303402,0.38164411671717036,6.720752859693312,31.254992599413924,-2.459424469702518,28.6036741658568,-1.89039233495858,5590.2185181027935,254.54680550382133,237.39285469136368,19.046346163299685,-1.7758448925480042,3003.5644551460273,270.16840034287685,251.8741930153594,-0.02061418980235465,11.674823229336644,-1.9874265471356551,1447.5880142912717,276.39425281641644,263.2538541777831,6.461319898223905,-1.1606315801843117,278.680446951133,270.25535156908217,4.541547931176007,-0.6976216419539559,281.94077576304676,274.3035068604674,1.8814456864603015,-0.3447565318449138,-0.039891031576853773,-0.025348314749076468,101320.11826788673,110.40697888328599,0.39297918106848784,0.0,0.0,0.0,0.0,0.0,0.0,0.0,0.00016679115439049744,0.0,2.9191691823438806,-0.3574377731183782,95974.23651407778,476.70417641761594,277.26154338098706,59.58864423508111,0.03179309737879418,0.0,21.030259702562695,0.046891162911301576,277.786666591755,281.2792776250234,0.0048120321767960135,272.1901557660189,64.64718851080664,5.189625516781525e-10,1.7187703706986008,-0.393246184785206,4.470236114800376,-0.39324691745188706,-50.0,0.0,0.0,8.46531429082327e-06,0.0,0.0,0.0,0.0,0.0,0.0,0.1884258836834999,0.20756763410162293,-6.586606800581514,52.01122559082679,11.754995509518718,0.333941359195986,24.36634523813898,11.692256898570761,13.860840361247103,1.9216639608301962,-5.557019489196162,10.42727372741733,40.045865896539944,29.385538218256112,13.864385715632945,13.100480751818369,1950.782055522873,77013.75439019318,74647.25361534921,0.0,272.38864463750105,0.0,322.4376624050293,0.006122993871144796,0.0,0.0,137.73184172020163,70.29609864396738,8.148471992392048,-6.055905592714285,16.961364241677256,-1.2990429539172588,36.61650432522667,4121.022143067976,5585.258286219585,8.811415393051398,8.54260130877452,-7.363602134085264,416.12951807802983,3.2479123592427017,-3.972241424650459,11.287507503819052,-7.753255183387127,75469.0138595166,738.7314212788799,0.6304929661374145,0.008481786912359767,240.27148717294614,273.5381239220972,236.52467847959454,273.6912158858176
2025-01-29 06:25:00,-8.726515834873464,38.323439000053014,0.001476761916659537,27930.7252149141,-9.398101007790675,-9.848848170883414,0.3814567344796702,6.7106094467678465,31.26000866499943,-2.4572333208506207,28.611961218897285,-1.8852271838271888,5590.164217772646,254.54818468580405,237.40777673738387,19.06311388055383,-1.7648429399428445,3003.516382885876,270.1657576974235,251.87770027709226,-0.021081132425710455,11.691586643457855,-1.9767338622885275,1447.5666291179873,276.3867357991159,263.2426433124101,6.4603604638440135,-1.149930625209629,278.6663040381463,270.2494540846336,4.537568720975539,-0.700086397471558,281.9210479300573,274.30120781848416,1.8797548097529235,-0.340560332157467,-0.038038746289076455,-0.026010209697580236,101320.43380647416,110.42710009392597,0.3975765524047826,0.0,0.0,0.0,0.0,0.0,0.0,0.0,0.00017200476675129734,0.0,2.9179201016131353,-0.3557813265338096,95974.27060954194,476.70417641761594,277.2397643902517,59.61128748913248,0.03180231366952192,0.0,21.027133818441783,0.046894321995064936,277.76514107451754,281.257217058559,0.004811243217256186,272.1827894104936,64.7056233151947,5.192085521929e-10,1.7162476278224195,-0.38921443778820675,4.4661423717892035,-0.3892151567857333,-50.0,0.0,0.0,9.009703568747233e-06,0.0,0.0,0.0,0.0,0.0,0.0,0.1884258838759616,0.20733599245410184,-6.5180673416473285,51.977094433780316,11.754995509518718,0.333941359195986,24.343851277499496,11.692256898570761,13.880938961123263,1.9138568615131377,-5.536554162307846,10.428175316336857,40.08970530265214,29.53270129787419,13.87034835391886,13.104047023291189,1949.5097319502754,77148.48957892896,74653.5075487851,0.0,272.4139964793507,0.0,322.34860707548904,0.0061225170910359575,0.0,0.0,137.6353073517043,70.11777032951017,8.16150478963667,-6.050631053832723,16.975889348629448,-1.284173020772527,36.63162507831879,4120.978739018967,5585.1774426844695,8.816873339908526,8.604359204909242,-7.378591619552918,415.5540089290654,3.2543206775771454,-4.043501635836928,11.388483407089904,-7.75451287682469,75464.20698870407,738.7141428552183,0.6304929661374145,0.008481786912359767,240.2722573320134,273.5105589964169,236.52828803984812,273.66525708457823
2025-01-29 06:30:00,-8.714140219805254,38.32862643762326,0.0014811643568638753,27873.64310568089,-9.396306100178412,-9.849885405463429,0.38126935224217,6.700466033842382,31.265024730584933,-2.455042171998724,28.62024827193777,-1.8800620326957977,5590.109917442498,254.54956386778673,237.42269878340406,19.079881597807972,-1.7538409873376848,3003.4683106257244,270.1631150519701,251.88120753882512,-0.02154807504906626,11.708350057579068,-1.9660411774414,1447.545243944703,276.3792187818154,263.23143244703704,6.459401029464123,-1.1392296702349465,278.6521611251595,270.243556600185,4.533589510775071,-0.70255115298916,281.90132009706787,274.2989087765009,1.8780639330455455,-0.33636413247002017,-0.03618646100129913,-0.026672104646084004,101320.7493450616,110.44722130456597,0.4021739237410774,0.0,0.0,0.0,0.0,0.0,0.0,0.0,0.00017721837911209722,0.0,2.91667102088239,-0.354124879949241,95974.30470500608,476.70417641761594,277.21798539951635,59.63393074318384,0.03181152996024966,0.0,21.02400793432087,0.04689748107882829,277.74361555728,281.2351564920946,0.004810454257716358,272.1754230549684,64.76405811958276,5.194545527076476e-10,1.7137248849462379,-0.3851826907912075,4.462048628778032,-0.3851833961195795,-50.0,0.0,0.0,9.554092846671193e-06,0.0,0.0,0.0,0.0,0.0,0.0,0.1884258840684233,0.20710435080658074,-6.449527882713143,51.94296327673385,11.754995509518718,0.333941359195986,24.32135731686001,11.692256898570761,13.901037560999423,1.9060497621960792,-5.516088835419531,10.429076905256384,40.13354470876434,29.67986437749227,13.876310992204775,13.10761329476401,1948.2374083776779,77283.22476766474,74659.761482221,0.0,272.4393483212004,0.0,322.2595517459488,0.006122040310927118,0.0,0.0,137.53877298320702,69.93944201505295,8.174537586881291,-6.0453565149511626,16.99041445558164,-1.2693030876277953,36.646745831410904,4120.935334969958,5585.096599149354,8.822331286765651,8.666117101043964,-7.393581105020573,414.97849978010095,3.260728995911589,-4.114761847023397,11.489459310360754,-7.7557705702622535,75459.40011789154,738.6968644315565,0.6304929661374145,0.008481786912359767,240.27302749108065,273.4829940707365,236.5318976001017,273.6392982833389
2025-01-29 06:35:00,-8.701764604737043,38.33381387519349,0.0014855667970682137,27816.560996447683,-9.39451119256615,-9.850922640043441,0.3810819700046698,6.690322620916916,31.270040796170438,-2.452851023146827,28.62853532497825,-1.8748968815644065,5590.05561711235,254.55094304976944,237.43762082942425,19.096649315062116,-1.7428390347325253,3003.4202383655734,270.16047240651676,251.884714800558,-0.022015017672422067,11.72511347170028,-1.9553484925942726,1447.5238587714186,276.37170176451485,263.220221581664,6.458441595084232,-1.1285287152602639,278.6380182121728,270.23765911573645,4.5296103005746025,-0.7050159085067621,281.88159226407845,274.2966097345177,1.8763730563381675,-0.33216793278257334,-0.03433417571352181,-0.027333999594587773,101321.06488364903,110.46734251520596,0.4067712950773722,0.0,0.0,0.0,0.0,0.0,0.0,0.0,0.0001824319914728971,0.0,2.915421940151645,-0.35246843336467243,95974.33880047023,476.70417641761594,277.196206408781,59.6565739972352,0.031820746250977396,0.0,21.02088205019996,0.04690064016259164,277.72209004004253,281.2130959256302,0.004809665298176531,272.1680566994431,64.82249292397081,5.197005532223951e-10,1.7112021420700563,-0.3811509437942083,4.457954885766859,-0.3811516354534258,-50.0,0.0,0.0,1.0098482124595154e-05,0.0,0.0,0.0,0.0,0.0,0.0,0.188425884260885,0.20687270915905961,-6.380988423778957,51.90883211968738,11.754995509518718,0.333941359195986,24.298863356220526,11.692256898570761,13.921136160875582,1.8982426628790208,-5.495623508531215,10.429978494175913,40.17738411487654,29.827027457110347,13.882273630490692,13.11117956623683,1946.9650848050803,77417.95995640052,74666.0154156569,0.0,272.46470016305005,0.0,322.1704964164086,0.006121563530818279,0.0,0.0,137.4422386147097,69.76111370059574,8.187570384125912,-6.040081976069601,17.00493956253383,-1.2544331544830636,36.66186658450302,4120.891930920949,5585.015755614239,8.827789233622777,8.727874997178686,-7.408570590488228,414.40299063113656,3.2671373142460323,-4.186022058209865,11.590435213631606,-7.757028263699818,75454.593247079,738.6795860078947,0.6304929661374145,0.008481786912359767,240.27379765014794,273.4554291450561,236.53550716035528,273.6133394820996
2025-01-29 06:40:00,-8.689388989668831,38.33900131276373,0.001489969237272552,27759.47888721447,-9.392716284953888,-9.851959874623454,0.38089458776716967,6.680179207991451,31.275056861755942,-2.4506598742949297,28.63682237801874,-1.8697317304330152,5590.001316782203,254.55232223175216,237.45254287544444,19.11341703231626,-1.7318370821273656,3003.372166105422,270.1578297610634,251.88822206229085,-0.022481960295777873,11.74187688582149,-1.944655807747145,1447.5024735981342,276.3641847472143,263.209010716291,6.457482160704341,-1.1178277602855813,278.6238752991861,270.2317616312879,4.525631090374135,-0.7074806640243642,281.861864431089,274.29431069253445,1.8746821796307895,-0.32797173309512656,-0.03248189042574449,-0.02799589454309154,101321.38042223646,110.48746372584594,0.41136866641366704,0.0,0.0,0.0,0.0,0.0,0.0,0.0,0.000187645603833697,0.0,2.9141728594208995,-0.35081198678010383,95974.37289593439,476.70417641761594,277.17442741804564,59.679217251286566,0.031829962541705135,0.0,21.017756166079046,0.046903799246355,277.70056452280505,281.1910353591658,0.004808876338636703,272.16069034391785,64.88092772835887,5.199465537371426e-10,1.708679399193875,-0.377119196797209,4.453861142755686,-0.37711987478727205,-50.0,0.0,0.0,1.0642871402519116e-05,0.0,0.0,0.0,0.0,0.0,0.0,0.18842588445334668,0.20664106751153852,-6.312448964844772,51.87470096264091,11.754995509518718,0.333941359195986,24.276369395581042,11.692256898570761,13.941234760751742,1.8904355635619623,-5.4751581816428985,10.43088008309544,40.22122352098874,29.974190536728425,13.888236268776607,13.11474583770965,1945.6927612324828,77552.6951451363,74672.26934909279,0.0,272.4900520048997,0.0,322.0814410868683,0.00612108675070944,0.0,0.0,137.3457042462124,69.58278538613853,8.200603181370534,-6.034807437188039,17.019464669486023,-1.2395632213383319,36.676987337595136,4120.84852687194,5584.934912079124,8.833247180479905,8.789632893313408,-7.423560075955883,413.8274814821721,3.273545632580476,-4.257282269396334,11.691411116902458,-7.758285957137381,75449.78637626646,738.6623075842331,0.6304929661374145,0.008481786912359767,240.2745678092152,273.42786421937575,236.53911672060886,273.58738068086024
2025-01-29 06:45:00,-8.67701337460062,38.34418875033396,0.00149437167747689,27702.39677798126,-9.390921377341625,-9.852997109203466,0.38070720552966947,6.670035795065985,31.280072927341443,-2.448468725443033,28.645109431059222,-1.8645665793016242,5589.947016452054,254.55370141373487,237.46746492146463,19.130184749570404,-1.720835129522206,3003.324093845271,270.15518711561003,251.8917293240237,-0.02294890291913368,11.758640299942702,-1.9339631229000174,1447.4810884248498,276.3566677299138,263.197799850918,6.45652272632445,-1.107126805310899,278.6097323861994,270.22586414683934,4.521651880173666,-0.7099454195419661,281.8421365980995,274.2920116505512,1.8729913029234115,-0.3237755334076797,-0.03062960513796717,-0.02865778949159531,101321.6959608239,110.50758493648594,0.4159660377499618,0.0,0.0,0.0,0.0,0.0,0.0,0.0,0.0001928592161944969,0.0,2.9129237786901543,-0.3491555401955352,95974.40699139854,476.70417641761594,277.1526484273103,59.701860505337926,0.031839178832432875,0.0,21.014630281958134,0.046906958330118355,277.6790390055676,281.1689747927014,0.004808087379096875,272.1533239883926,64.93936253274693,5.201925542518903e-10,1.7061566563176935,-0.37308744980020975,4.4497673997445135,-0.3730881141211183,-50.0,0.0,0.0,1.1187260680443077e-05,0.0,0.0,0.0,0.0,0.0,0.0,0.1884258846458084,0.20640942586401742,-6.243909505910586,51.84056980559444,11.754995509518718,0.333941359195986,24.25387543494156,11.692256898570761,13.9613333606279,1.8826284642449038,-5.454692854754582,10.431781672014967,40.265062927100935,30.121353616346504,13.894198907062522,13.118312109182469,1944.4204376598852,77687.43033387208,74678.5232825287,0.0,272.51540384674945,0.0,321.99238575732807,0.006120609970600602,0.0,0.0,137.24916987771508,69.4044570716813,8.213635978615155,-6.029532898306478,17.03398977643822,-1.2246932881936001,36.692108090687256,4120.805122822931,5584.854068544008,8.838705127337033,8.851390789448129,-7.438549561423538,413.25197233320773,3.279953950914919,-4.3285424805828026,11.79238702017331,-7.759543650574945,75444.97950545393,738.6450291605713,0.6304929661374145,0.008481786912359767,240.27533796828246,273.4002992936954,236.54272628086244,273.5614218796209
2025-01-29 06:50:00,-8.66463775953241,38.3493761879042,0.0014987741176812285,27645.31466874805,-9.389126469729362,-9.854034343783479,0.38051982329216927,6.659892382140519,31.285088992926948,-2.446277576591136,28.653396484099705,-1.859401428170233,5589.892716121906,254.55508059571758,237.48238696748479,19.146952466824544,-1.7098331769170463,3003.2760215851195,270.1525444701566,251.89523658575655,-0.02341584554248948,11.775403714063913,-1.9232704380528898,1447.4597032515653,276.34915071261327,263.186588985545,6.455563291944559,-1.0964258503362163,278.5955894732127,270.2199666623908,4.517672669973198,-0.7124101750595682,281.8224087651101,274.28971260856804,1.8713004262160338,-0.3195793337202329,-0.028777319850189848,-0.029319684440099074,101322.01149941132,110.52770614712593,0.4205634090862566,0.0,0.0,0.0,0.0,0.0,0.0,0.0,0.00019807282855529678,0.0,2.911674697959409,-0.3474990936109666,95974.44108686269,476.70417641761594,277.130869436575,59.724503759389286,0.03184839512316061,0.0,21.011504397837218,0.04691011741388171,277.6575134883301,281.1469142262371,0.004807298419557048,272.1459576328673,64.99779733713498,5.204385547666378e-10,1.703633913441512,-0.36905570280321054,4.445673656733341,-0.36905635345496457,-50.0,0.0,0.0,1.1731649958367038e-05,0.0,0.0,0.0,0.0,0.0,0.0,0.18842588483827008,0.2061777842164963,-6.175370046976401,51.806438648547974,11.754995509518718,0.333941359195986,24.231381474302076,11.692256898570761,13.981431960504061,1.8748213649278456,-5.434227527866266,10.432683260934494,40.30890233321313,30.268516695964585,13.900161545348437,13.12187838065529,1943.1481140872877,77822.16552260786,74684.7772159646,0.0,272.5407556885991,0.0,321.9033304277878,0.006120133190491763,0.0,0.0,137.15263550921776,69.2261287572241,8.226668775859775,-6.024258359424916,17.04851488339041,-1.2098233550488684,36.70722884377937,4120.761718773921,5584.773225008893,8.844163074194158,8.91314868558285,-7.453539046891192,412.6764631842433,3.286362269249363,-4.3998026917692705,11.893362923444162,-7.760801344012508,75440.17263464139,738.6277507369095,0.6304929661374145,0.008481786912359767,240.27610812734972,273.372734368015,236.546335841116,273.5354630783816
2025-01-29 06:55:00,-8.6522621444642,38.35456362547444,0.001503176557885567,27588.232559514843,-9.387331562117101,-9.855071578363491,0.3803324410546691,6.649748969215054,31.290105058512452,-2.4440864277392387,28.661683537140192,-1.8542362770388419,5589.838415791759,254.55645977770027,237.49730901350497,19.163720184078688,-1.6988312243118866,3003.2279493249684,270.14990182470325,251.8987438474894,-0.023882788165845287,11.792167128185124,-1.9125777532057622,1447.4383180782809,276.34163369531274,263.17537812017196,6.454603857564669,-1.0857248953615337,278.581446560226,270.21406917794224,4.513693459772729,-0.7148749305771702,281.80268093212067,274.2874135665848,1.8696095495086558,-0.3153831340327861,-0.026925034562412527,-0.029981579388602842,101322.32703799877,110.54782735776593,0.4251607804225514,0.0,0.0,0.0,0.0,0.0,0.0,0.0,0.00020328644091609666,0.0,2.9104256172286638,-0.345842647026398,95974.47518232683,476.70417641761594,277.1090904458396,59.74714701344065,0.03185761141388835,0.0,21.008378513716305,0.04691327649764507,277.6359879710926,281.12485365977267,0.00480650946001722,272.1385912773421,65.05623214152304,5.206845552813854e-10,1.7011111705653303,-0.3650239558062113,4.441579913722168,-0.36502459278881083,-50.0,0.0,0.0,1.2276039236291e-05,0.0,0.0,0.0,0.0,0.0,0.0,0.1884258850307318,0.2059461425689752,-6.1068305880422145,51.7723074915015,11.754995509518718,0.333941359195986,24.208887513662592,11.692256898570761,14.00153056038022,1.867014265610787,-5.41376220097795,10.433584849854022,40.35274173932533,30.415679775582664,13.906124183634352,13.12544465212811,1941.8757905146902,77956.90071134364,74691.03114940049,0.0,272.5661075304488,0.0,321.81427509824755,0.006119656410382924,0.0,0.0,137.05610114072047,69.04780044276688,8.239701573104396,-6.0189838205433555,17.063039990342602,-1.1949534219041367,36.72234959687148,4120.718314724912,5584.6923814737775,8.849621021051284,8.974906581717573,-7.468528532358848,412.1009540352789,3.292770587583806,-4.471062902955739,11.994338826715012,-7.762059037450072,75435.36576382886,738.6104723132479,0.6304929661374145,0.008481786912359767,240.27687828641697,273.3451694423346,236.54994540136957,273.50950427714224
2025-01-29 07:00:00,-8.639886529395987,38.359751063044676,0.001507578998089905,27531.15045028163,-9.385536654504838,-9.856108812943503,0.3801450588171689,6.639605556289588,31.295121124097957,-2.441895278887342,28.669970590180675,-1.8490711259074506,5589.784115461611,254.55783895968298,237.51223105952516,19.18048790133283,-1.687829271706727,3003.179877064817,270.1472591792499,251.90225110922228,-0.024349730789201093,11.808930542306335,-1.9018850683586346,1447.4169329049964,276.3341166780122,263.16416725479894,6.453644423184778,-1.0750239403868511,278.5673036472393,270.2081716934937,4.509714249572261,-0.7173396860947723,281.7829530991312,274.28511452460157,1.8679186728012778,-0.3111869343453393,-0.025072749274635205,-0.03064347433710661,101322.6425765862,110.56794856840591,0.4297581517588462,0.0,0.0,0.0,0.0,0.0,0.0,0.0,0.00020850005327689657,0.0,2.9091765364979185,-0.3441862004418294,95974.50927779099,476.70417641761594,277.08731145510427,59.76979026749201,0.03186682770461609,0.0,21.005252629595393,0.04691643558140842,277.61446245385514,281.10279309330826,0.0048057205004773925,272.1312249218168,65.1146669459111,5.209305557961329e-10,1.698588427689149,-0.360992208809212,4.437486170710995,-0.3609928321226571,-50.0,0.0,0.0,1.2820428514214961e-05,0.0,0.0,0.0,0.0,0.0,0.0,0.18842588522319348,0.2057145009214541,-6.038291129108029,51.738176334455034,11.754995509518718,0.333941359195986,24.18639355302311,11.692256898570761,14.02162916025638,1.8592071662937286,-5.393296874089634,10.434486438773549,40.39658114543753,30.562842855200742,13.912086821920267,13.12901092360093,1940.6034669420926,78091.63590007942,74697.28508283639,0.0,272.59145937229846,0.0,321.7252197687073,0.006119179630274085,0.0,0.0,136.95956677222316,68.86947212830967,8.252734370349017,-6.013709281661794,17.077565097294794,-1.180083488759405,36.7374703499636,4120.6749106759025,5584.611537938662,8.855078967908412,9.036664477852295,-7.483518017826502,411.52544488631446,3.2991789059182497,-4.542323114142208,12.095314729985864,-7.763316730887635,75430.55889301632,738.5931938895861,0.6304929661374145,0.008481786912359767,240.27764844548423,273.3176045166543,236.55355496162315,273.48354547590293
2025-01-29 07:05:00,-8.6317716389933,38.362626895682084,0.0015012137950244453,27477.424326248467,-9.38570650468478,-9.856992526515535,0.3793074184972836,6.632193625813362,31.297962172887377,-2.4472710367287265,28.677667245618412,-1.8541749933429232,5589.693935718091,254.55126243880963,237.50596900804317,19.19776076236034,-1.691683503019624,3003.125488116291,270.14738207505314,251.90758787871482,-0.02318974935186062,11.823954446562972,-1.904589196911476,1447.3530432171144,276.33411793883283,263.16322048248315,6.454517840409369,-1.067928276075514,278.5593587725722,270.2159977076107,4.506491849378104,-0.7228140112078221,281.7690019129873,274.28858010250207,1.867294982321009,-0.30944348278000167,-0.024217700345826442,-0.0296957586615359,101321.94367350412,110.5067157056721,0.43341738715139716,0.0,0.0,0.0,0.0,0.0,0.0,0.0,0.00020327743020945256,0.0,2.9088320066028244,-0.34595057308191773,95973.81303054909,476.70417641761594,277.06626174004776,59.79153010634558,0.03187663012868864,0.0,21.006385791567833,0.04691969002119354,277.5969792987707,281.0855064033789,0.004806845995913163,272.12909758525615,65.17561469641005,5.212550285429444e-10,1.6975948822929605,-0.3590399964799027,4.432916840999489,-0.3590406361963332,-50.0,0.0,0.0,1.2980275895589883e-05,0.0,0.0,0.0,0.0,0.0,0.0,0.18842395820046917,0.2053772673518653,-6.0068080700238635,51.6690003959462,11.754995509518718,0.333941359195986,24.249727447994662,11.692247537933762,14.025391213388755,1.8654039036130836,-5.390559150215128,10.435916238866481,40.44819871600055,30.618576481565754,13.974712370370487,13.144165969867847,1939.3426680709765,78150.6347154061,74693.74272910334,0.0,272.61967797046697,0.0,321.6395938819208,0.006120378141740341,0.0,0.0,136.89563541491154,68.70418077542118,8.261739829051557,-6.015578732306634,17.093634030796306,-1.1788363587523296,36.74516326263166,4120.330528466572,5584.022305523144,8.84360295817125,9.143836641662393,-7.51439036095841,411.02181030431973,3.3363231382874026,-4.615829965691079,12.251357861001713,-7.779149942182757,75436.49464352857,738.3219259974284,0.6304929661374145,0.0084824430317756,240.2833918801739,273.2939241465267,236.55993214936873,273.4616443384641
2025-01-29 07:10:00,-8.623656748590612,38.3655027283195,0.0014948485919589853,27423.698202215302,-9.385876354864724,-9.857876240087567,0.37846977817739824,6.624781695337136,31.300803221676794,-2.4526467945701107,28.68536390105615,-1.8592788607783957,5589.603755974571,254.54468591793628,237.49970695656114,19.215033623387846,-1.6955377343325213,3003.071099167765,270.14750497085646,251.9129246482074,-0.022029767914520146,11.83897835081961,-1.9072933254643178,1447.2891535292324,276.3341191996535,263.16227371016737,6.45539125763396,-1.060832611764177,278.5514138979051,270.2238237217278,4.503269449183947,-0.7282883363208719,281.7550507268433,274.29204568040257,1.8666712918407402,-0.30770003121466405,-0.023362651417017682,-0.028748042985965193,101321.24477042207,110.44548284293828,0.4370766225439482,0.0,0.0,0.0,0.0,0.0,0.0,0.0,0.00019805480714200856,0.0,2.9084874767077302,-0.347714945722006,95973.1167833072,476.70417641761594,277.0452120249912,59.81326994519916,0.03188643255276119,0.0,21.00751895354027,0.04692294446097866,277.57949614368624,281.0682197134495,0.004807971491348934,272.12697024869556,65.236562446909,5.21579501289756e-10,1.696601336896772,-0.3570877841505934,4.428347511287983,-0.35708844027000924,-50.0,0.0,0.0,1.3140123276964804e-05,0.0,0.0,0.0,0.0,0.0,0.0,0.18842203117774486,0.20504003378227648,-5.975325010939698,51.59982445743736,11.754995509518718,0.333941359195986,24.313061342966215,11.692238177296764,14.029153266521131,1.8716006409324386,-5.387821426340622,10.437346038959415,40.499816286563565,30.67431010793077,14.037337918820707,13.159321016134763,1938.0818691998602,78209.63353073275,74690.20037537029,0.0,272.6478965686355,0.0,321.55396799513426,0.006121576653206596,0.0,0.0,136.83170405759995,68.53888942253269,8.270745287754098,-6.017448182951473,17.10970296429782,-1.1775892287452545,36.75285617529971,4119.986146257241,5583.433073107625,8.832126948434087,9.251008805472491,-7.545262704090319,410.51817572232505,3.373467370656555,-4.689336817239949,12.407400992017564,-7.7949831534778795,75442.43039404083,738.0506581052706,0.6304929661374145,0.008483099151191434,240.28913531486353,273.2702437763992,236.56630933711432,273.43974320102524
2025-01-29 07:15:00,-8.615541858187925,38.368378560956906,0.0014884833888935255,27369.972078182138,-9.386046205044666,-9.858759953659597,0.37763213785751293,6.61736976486091,31.303644270466215,-2.458022552411495,28.693060556493887,-1.8643827282138683,5589.51357623105,254.53810939706293,237.49344490507912,19.232306484415354,-1.6993919656454184,3003.016710219239,270.1476278666597,251.91826141769994,-0.020869786477179672,11.854002255076248,-1.9099974540171594,1447.2252638413506,276.33412046047414,263.1613269378516,6.45626467485855,-1.05373694745284,278.54346902323795,270.2316497358448,4.50004704898979,-0.7337626614339218,281.7410995406994,274.2955112583031,1.8660476013604712,-0.30595657964932643,-0.02250760248820892,-0.027800327310394484,101320.54586734,110.38424998020446,0.44073585793649916,0.0,0.0,0.0,0.0,0.0,0.0,0.0,0.00019283218407456455,0.0,2.908142946812636,-0.34947931836209434,95972.42053606531,476.70417641761594,277.0241623099347,59.83500978405273,0.031896234976833734,0.0,21.00865211551271,0.046926198900763785,277.56201298860174,281.0509330235201,0.004809096986784705,272.1248429121349,65.29751019740797,5.219039740365676e-10,1.6956077915005836,-0.3551355718212841,4.423778181576477,-0.35513624434368535,-50.0,0.0,0.0,1.3299970658339725e-05,0.0,0.0,0.0,0.0,0.0,0.0,0.18842010415502058,0.20470280021268766,-5.943841951855532,51.530648518928516,11.754995509518718,0.333941359195986,24.376395237937768,11.692228816659764,14.032915319653506,1.8777973782517936,-5.385083702466116,10.438775839052347,40.55143385712658,30.73004373429578,14.099963467270927,13.17447606240168,1936.821070328744,78268.63234605943,74686.65802163724,0.0,272.6761151668039,0.0,321.46834210834777,0.006122775164672851,0.0,0.0,136.76777270028833,68.37359806964419,8.279750746456639,-6.019317633596314,17.125771897799332,-1.1763420987381792,36.76054908796777,4119.64176404791,5582.843840692107,8.820650938696925,9.358180969282587,-7.576135047222227,410.0145411403303,3.410611603025708,-4.76284366878882,12.563444123033413,-7.810816364773001,75448.36614455309,737.7793902131128,0.6304929661374145,0.008483755270607268,240.2948787495532,273.2465634062716,236.57268652485993,273.4178420635864
2025-01-29 07:20:00,-8.607426967785237,38.37125439359431,0.0014821181858280655,27316.245954148973,-9.38621605522461,-9.859643667231628,0.37679449753762756,6.609957834384684,31.306485319255636,-2.4633983102528796,28.700757211931624,-1.8694865956493407,5589.42339648753,254.53153287618957,237.48718285359712,19.24957934544286,-1.7032461969583157,3002.9623212707133,270.14775076246303,251.9235981871925,-0.0197098050398392,11.869026159332886,-1.912701582570001,1447.1613741534686,276.3341217212948,263.1603801655358,6.457138092083142,-1.046641283141503,278.5355241485708,270.23947574996185,4.496824648795633,-0.7392369865469716,281.7271483545554,274.2989768362036,1.8654239108802024,-0.30421312808398876,-0.02165255355940016,-0.026852611634823775,101319.84696425794,110.32301711747066,0.4443950933290502,0.0,0.0,0.0,0.0,0.0,0.0,0.0,0.00018760956100712055,0.0,2.907798416917542,-0.35124369100218267,95971.72428882342,476.70417641761594,277.00311259487813,59.85674962290631,0.031906037400906286,0.0,21.009785277485147,0.046929453340548904,277.5445298335173,281.03364633359064,0.0048102224822204765,272.1227155755743,65.35845794790693,5.222284467833791e-10,1.6946142461043951,-0.35318335949197477,4.419208851864971,-0.35318404841736145,-50.0,0.0,0.0,1.3459818039714648e-05,0.0,0.0,0.0,0.0,0.0,0.0,0.18841817713229628,0.20436556664309885,-5.912358892771366,51.46147258041968,11.754995509518718,0.333941359195986,24.43972913290932,11.692219456022764,14.036677372785881,1.8839941155711486,-5.38234597859161,10.44020563914528,40.60305142768961,30.785777360660795,14.162589015721146,13.189631108668596,1935.560271457628,78327.6311613861,74683.11566790419,0.0,272.70433376497243,0.0,321.3827162215613,0.006123973676139107,0.0,0.0,136.70384134297672,68.2083067167557,8.288756205159178,-6.021187084241154,17.141840831300847,-1.1750949687311039,36.76824200063582,4119.29738183858,5582.2546082765875,8.809174928959763,9.465353133092686,-7.607007390354135,409.5109065583356,3.4477558353948607,-4.83635052033769,12.719487254049263,-7.826649576068124,75454.30189506533,737.5081223209551,0.6304929661374145,0.008484411390023101,240.30062218424285,273.2228830361441,236.57906371260552,273.3959409261476
2025-01-29 07:25:00,-8.59931207738255,38.37413022623173,0.0014757529827626058,27262.51983011581,-9.386385905404552,-9.86052738080366,0.37595685721774225,6.6025459039084575,31.309326368045053,-2.4687740680942643,28.70845386736936,-1.8745904630848134,5589.33321674401,254.52495635531622,237.48092080211512,19.266852206470368,-1.7071004282712128,3002.907932322187,270.1478736582663,251.92893495668505,-0.018549823602498725,11.884050063589523,-1.9154057111228424,1447.0974844655866,276.33412298211545,263.15943339322,6.458011509307733,-1.039545618830166,278.5275792739037,270.24730176407894,4.493602248601476,-0.7447113116600214,281.7131971684115,274.3024424141041,1.8648002203999337,-0.30246967651865114,-0.020797504630591396,-0.025904895959253067,101319.14806117587,110.26178425473684,0.44805432872160117,0.0,0.0,0.0,0.0,0.0,0.0,0.0,0.00018238693793967654,0.0,2.907453887022448,-0.35300806364227094,95971.02804158152,476.70417641761594,276.9820628798216,59.87848946175988,0.03191583982497884,0.0,21.010918439457587,0.046932707780334024,277.52704667843284,281.01635964366125,0.004811347977656247,272.12058823901367,65.41940569840588,5.225529195301907e-10,1.6936207007082067,-0.35123114716266546,4.414639522153465,-0.3512318524910375,-50.0,0.0,0.0,1.361966542108957e-05,0.0,0.0,0.0,0.0,0.0,0.0,0.18841625010957197,0.20402833307351004,-5.880875833687201,51.392296641910846,11.754995509518718,0.333941359195986,24.503063027880874,11.692210095385766,14.040439425918256,1.8901908528905036,-5.3796082547171045,10.441635439238214,40.654668998252625,30.841510987025806,14.225214564171367,13.204786154935514,1934.299472586512,78386.62997671276,74679.57331417114,0.0,272.73255236314094,0.0,321.29709033477474,0.006125172187605362,0.0,0.0,136.6399099856651,68.04301536386721,8.297761663861717,-6.023056534885994,17.15790976480236,-1.1738478387240285,36.77593491330388,4118.952999629249,5581.665375861069,8.7976989192226,9.572525296902784,-7.637879733486043,409.0072719763409,3.484900067764013,-4.90985737188656,12.875530385065112,-7.842482787363245,75460.23764557758,737.2368544287973,0.6304929661374145,0.008485067509438934,240.30636561893252,273.1992026660165,236.5854409003511,273.3740397887087
2025-01-29 07:30:00,-8.591197186979862,38.377006058869135,0.0014693877796971458,27208.793706082644,-9.386555755584496,-9.861411094375692,0.3751192168978569,6.595133973432231,31.312167416834473,-2.4741498259356485,28.716150522807098,-1.879694330520286,5589.2430370004895,254.5183798344429,237.4746587506331,19.284125067497875,-1.71095465958411,3002.8535433736615,270.14799655406955,251.9342717261776,-0.017389842165158247,11.89907396784616,-1.918109839675684,1447.0335947777048,276.3341242429361,263.1584866209042,6.458884926532324,-1.032449954518829,278.51963439923657,270.25512777819597,4.49037984840732,-0.7501856367730713,281.6992459822676,274.3059079920047,1.8641765299196646,-0.3007262249533135,-0.019942455701782637,-0.024957180283682358,101318.4491580938,110.20055139200302,0.4517135641141522,0.0,0.0,0.0,0.0,0.0,0.0,0.0,0.00017716431487223256,0.0,2.9071093571273536,-0.35477243628235927,95970.33179433964,476.70417641761594,276.96101316476506,59.90022930061345,0.03192564224905138,0.0,21.012051601430024,0.04693596222011914,277.5095635233484,280.99907295373185,0.004812473473092018,272.1184609024531,65.48035344890484,5.228773922770023e-10,1.6926271553120182,-0.34927893483335615,4.4100701924419585,-0.3492796565647136,-50.0,0.0,0.0,1.3779512802464491e-05,0.0,0.0,0.0,0.0,0.0,0.0,0.18841432308684766,0.20369109950392122,-5.849392774603034,51.323120703402004,11.754995509518718,0.333941359195986,24.566396922852427,11.692200734748766,14.044201479050631,1.8963875902098586,-5.376870530842599,10.443065239331146,40.70628656881564,30.897244613390818,14.287840112621586,13.219941201202431,1933.0386737153958,78445.62879203944,74676.0309604381,0.0,272.76077096130945,0.0,321.21146444798825,0.006126370699071617,0.0,0.0,136.57597862835348,67.87772401097871,8.306767122564258,-6.0249259855308335,17.17397869830387,-1.1726007087169532,36.783627825971934,4118.608617419918,5581.076143445551,8.786222909485438,9.67969746071288,-7.668752076617951,408.5036373943462,3.522044300133166,-4.983364223435431,13.031573516080961,-7.858315998658368,75466.17339608984,736.9655865366395,0.6304929661374145,0.008485723628854767,240.31210905362218,273.175522295889,236.5918180880967,273.3521386512699
2025-01-29 07:35:00,-8.583082296577173,38.37988189150654,0.001463022576631686,27155.067582049483,-9.386725605764438,-9.862294807947723,0.37428157657797156,6.587722042956006,31.315008465623894,-2.4795255837770327,28.72384717824483,-1.8847981979557584,5589.15285725697,254.51180331356954,237.46839669915107,19.301397928525386,-1.7148088908970072,3002.7991544251354,270.14811944987287,251.93960849567017,-0.016229860727817774,11.914097872102799,-1.9208139682285257,1446.9697050898228,276.33412550375675,263.1575398485884,6.459758343756915,-1.025354290207492,278.5116895245694,270.262953792313,4.487157448213163,-0.7556599618861211,281.6852947961236,274.3093735699052,1.8635528394393959,-0.2989827733879759,-0.019087406772973874,-0.02400946460811165,101317.75025501175,110.1393185292692,0.4553727995067032,0.0,0.0,0.0,0.0,0.0,0.0,0.0,0.00017194169180478856,0.0,2.906764827232259,-0.3565368089224476,95969.63554709774,476.70417641761594,276.93996344970856,59.92196913946702,0.03193544467312393,0.0,21.013184763402464,0.04693921665990426,277.49208036826394,280.98178626380246,0.004813598968527789,272.11633356589243,65.54130119940379,5.232018650238139e-10,1.69163360991583,-0.3473267225040469,4.405500862730452,-0.3473274606383897,-50.0,0.0,0.0,1.3939360183839412e-05,0.0,0.0,0.0,0.0,0.0,0.0,0.18841239606412336,0.20335386593433244,-5.817909715518868,51.25394476489316,11.754995509518718,0.333941359195986,24.629730817823983,11.692191374111767,14.047963532183008,1.9025843275292138,-5.374132806968094,10.444495039424078,40.75790413937866,30.952978239755833,14.350465661071805,13.235096247469347,1931.7778748442795,78504.62760736611,74672.48860670505,0.0,272.78898955947795,0.0,321.12583856120176,0.006127569210537873,0.0,0.0,136.5120472710419,67.71243265809022,8.315772581266799,-6.026795436175673,17.190047631805385,-1.171353578709878,36.791320738639996,4118.264235210588,5580.486911030032,8.774746899748278,9.786869624522978,-7.699624419749859,408.00000281235145,3.559188532502319,-5.0568710749843016,13.187616647096812,-7.874149209953489,75472.1091466021,736.6943186444818,0.6304929661374145,0.0084863797482706,240.31785248831181,273.1518419257614,236.59819527584227,273.3302375138311
2025-01-29 07:40:00,-8.574967406174485,38.38275772414396,0.0014566573735662262,27101.34145801632,-9.38689545594438,-9.863178521519755,0.37344393625808625,6.58031011247978,31.31784951441331,-2.4849013416184174,28.73154383368257,-1.889902065391231,5589.06267751345,254.5052267926962,237.46213464766907,19.318670789552893,-1.7186631222099042,3002.7447654766092,270.1482423456761,251.94494526516272,-0.0150698792904773,11.929121776359436,-1.9235180967813672,1446.9058154019408,276.3341267645774,263.1565930762726,6.4606317609815065,-1.0182586258961548,278.50374464990233,270.2707798064301,4.483935048019006,-0.7611342869991709,281.6713436099797,274.3128391478057,1.862929148959127,-0.2972393218226383,-0.018232357844165114,-0.02306174893254094,101317.05135192968,110.07808566653539,0.45903203489925415,0.0,0.0,0.0,0.0,0.0,0.0,0.0,0.00016671906873734455,0.0,2.906420297337165,-0.3583011815625359,95968.93929985585,476.70417641761594,276.91891373465205,59.94370897832059,0.03194524709719648,0.0,21.014317925374904,0.04694247109968938,277.4745972131795,280.96449957387307,0.00481472446396356,272.1142062293318,65.60224894990274,5.235263377706254e-10,1.6906400645196415,-0.3453745101747376,4.400931533018946,-0.34537526471206575,-50.0,0.0,0.0,1.4099207565214335e-05,0.0,0.0,0.0,0.0,0.0,0.0,0.18841046904139905,0.20301663236474363,-5.786426656434703,51.18476882638433,11.754995509518718,0.333941359195986,24.693064712795536,11.692182013474769,14.051725585315383,1.9087810648485688,-5.371395083093588,10.445924839517012,40.80952170994168,31.008711866120844,14.413091209522026,13.250251293736264,1930.5170759731634,78563.62642269277,74668.946252972,0.0,272.81720815764646,0.0,321.0402126744152,0.006128767722004128,0.0,0.0,136.44811591373028,67.54714130520173,8.324778039969338,-6.028664886820513,17.206116565306896,-1.1701064487028028,36.79901365130805,4117.919853001256,5579.897678614514,8.763270890011116,9.894041788333077,-7.730496762881767,407.4963682303568,3.5963327648714714,-5.130377926533172,13.343659778112661,-7.889982421248611,75478.04489711435,736.423050752324,0.6304929661374145,0.008487035867686434,240.32359592300148,273.1281615556338,236.60457246358786,273.3083363763922
2025-01-29 07:45:00,-8.566852515771798,38.385633556781364,0.0014502921705007662,27047.615333983154,-9.387065306124324,-9.864062235091787,0.3726062959382009,6.572898182003554,31.32069056320273,-2.490277099459802,28.739240489120306,-1.8950059328267035,5588.97249776993,254.49865027182284,237.45587259618708,19.3359436505804,-1.7225173535228016,3002.6903765280836,270.14836524147944,251.9502820346553,-0.013909897853136826,11.944145680616074,-1.9262222253342087,1446.8419257140588,276.33412802539806,263.1556463039568,6.461505178206098,-1.0111629615848179,278.4957997752352,270.2786058205471,4.480712647824849,-0.7666086121122206,281.65739242383574,274.3163047257062,1.8623054584788583,-0.2954958702573006,-0.01737730891535635,-0.02211403325697023,101316.35244884763,110.01685280380158,0.4626912702918052,0.0,0.0,0.0,0.0,0.0,0.0,0.0,0.00016149644566990055,0.0,2.9060757674420707,-0.3600655542026242,95968.24305261395,476.70417641761594,276.8978640195955,59.96544881717417,0.031955049521269034,0.0,21.01545108734734,0.0469457255394745,277.45711405809504,280.9472128839436,0.004815849959399331,272.1120788927712,65.6631967004017,5.238508105174369e-10,1.689646519123453,-0.34342229784542827,4.39636220330744,-0.34342306878574186,-50.0,0.0,0.0,1.4259054946589257e-05,0.0,0.0,0.0,0.0,0.0,0.0,0.18840854201867474,0.2026793987951548,-5.754943597350537,51.11559288787549,11.754995509518718,0.333941359195986,24.75639860776709,11.692172652837769,14.055487638447758,1.9149778021679238,-5.368657359219082,10.447354639609944,40.8611392805047,31.06444549248586,14.475716757972245,13.26540634000318,1929.2562771020473,78622.62523801945,74665.40389923895,0.0,272.84542675581497,0.0,320.9545867876287,0.006129966233470383,0.0,0.0,136.38418455641866,67.38184995231325,8.333783498671878,-6.030534337465353,17.22218549880841,-1.1688593186957275,36.80670656397611,4117.575470791926,5579.308446198995,8.751794880273954,10.001213952143175,-7.761369106013675,406.99273364836205,3.6334769972406242,-5.203884778082042,13.49970290912851,-7.905815632543733,75483.9806476266,736.1517828601662,0.6304929661374145,0.008487691987102267,240.32933935769114,273.1044811855063,236.61094965133344,273.2864352389534
2025-01-29 07:50:00,-8.55873762536911,38.38850938941877,0.0014439269674353065,26993.88920994999,-9.387235156304266,-9.864945948663816,0.37176865561831557,6.565486251527328,31.323531611992152,-2.4956528573011862,28.746937144558043,-1.9001098002621761,5588.88231802641,254.4920737509495,237.44961054470505,19.353216511607908,-1.7263715848356986,3002.6359875795574,270.1484881372827,251.95561880414783,-0.012749916415796352,11.959169584872711,-1.9289263538870505,1446.7780360261768,276.3341292862187,263.15469953164103,6.462378595430688,-1.0040672972734808,278.48785490056804,270.28643183466414,4.477490247630692,-0.7720829372252704,281.64344123769183,274.3197703036067,1.8616817679985895,-0.293752418691963,-0.01652225998654759,-0.021166317581399523,101315.65354576556,109.95561994106777,0.46635050568435615,0.0,0.0,0.0,0.0,0.0,0.0,0.0,0.00015627382260245654,0.0,2.9057312375469766,-0.36182992684271253,95967.54680537205,476.70417641761594,276.876814304539,59.98718865602774,0.031964851945341585,0.0,21.01658424931978,0.04694897997925963,277.43963090301054,280.92992619401423,0.004816975454835102,272.10995155621055,65.72414445090067,5.241752832642485e-10,1.6886529737272646,-0.34147008551611896,4.391792873595934,-0.34147087285941796,-50.0,0.0,0.0,1.4418902327964178e-05,0.0,0.0,0.0,0.0,0.0,0.0,0.18840661499595046,0.202342165225566,-5.723460538266371,51.04641694936665,11.754995509518718,0.333941359195986,24.819732502738642,11.69216329220077,14.059249691580135,1.9211745394872788,-5.365919635344576,10.448784439702877,40.91275685106772,31.12017911885087,14.538342306422464,13.280561386270097,1927.995478230931,78681.62405334612,74661.8615455059,0.0,272.8736453539834,0.0,320.86896090084224,0.006131164744936639,0.0,0.0,136.32025319910707,67.21655859942476,8.342788957374419,-6.0324037881101935,17.238254432309922,-1.1676121886886524,36.81439947664416,4117.2310885825955,5578.719213783476,8.740318870536791,10.108386115953273,-7.792241449145584,406.4890990663673,3.670621229609777,-5.2773916296309125,13.655746040144361,-7.921648843838855,75489.91639813886,735.8805149680085,0.6304929661374145,0.008488348106518101,240.33508279238077,273.0808008153787,236.61732683907906,273.2645341015146
2025-01-29 07:55:00,-8.550622734966423,38.391385222056186,0.0014375617643698465,26940.163085916825,-9.38740500648421,-9.865829662235848,0.3709310152984302,6.558074321051102,31.32637266078157,-2.5010286151425705,28.75463379999578,-1.9052136676976485,5588.792138282889,254.48549723007613,237.44334849322303,19.370489372635415,-1.730225816148596,3002.5815986310317,270.148611033086,251.9609555736404,-0.011589934978455877,11.97419348912935,-1.931630482439892,1446.714146338295,276.33413054703936,263.15375275932524,6.463252012655279,-0.9969716329621438,278.47991002590095,270.2942578487812,4.474267847436535,-0.7775572623383203,281.62949005154786,274.32323588150723,1.8610580775183205,-0.2920089671266254,-0.015667211057738828,-0.020218601905828814,101314.9546426835,109.89438707833395,0.4700097410769072,0.0,0.0,0.0,0.0,0.0,0.0,0.0,0.00015105119953501254,0.0,2.9053867076518824,-0.3635942994828008,95966.85055813017,476.70417641761594,276.8557645894824,60.00892849488132,0.03197465436941413,0.0,21.017717411292217,0.046952234419044746,277.4221477479261,280.91263950408484,0.004818100950270873,272.10782421964996,65.78509220139962,5.244997560110601e-10,1.6876594283310762,-0.33951787318680965,4.387223543884428,-0.339518676933094,-50.0,0.0,0.0,1.4578749709339099e-05,0.0,0.0,0.0,0.0,0.0,0.0,0.18840468797322615,0.2020049316559772,-5.6919774791822055,50.97724101085781,11.754995509518718,0.333941359195986,24.883066397710195,11.692153931563771,14.06301174471251,1.9273712768066338,-5.36318191147007,10.45021423979581,40.96437442163074,31.175912745215886,14.600967854872685,13.295716432537013,1926.734679359815,78740.62286867278,74658.31919177285,0.0,272.9018639521519,0.0,320.7833350140557,0.006132363256402894,0.0,0.0,136.25632184179545,67.05126724653626,8.35179441607696,-6.034273238755033,17.254323365811437,-1.166365058681577,36.82209238931222,4116.886706373264,5578.129981367958,8.72884286079963,10.21555827976337,-7.823113792277492,405.98546448437264,3.7077654619789295,-5.350898481179783,13.81178917116021,-7.9374820551339775,75495.85214865112,735.6092470758507,0.6304929661374145,0.008489004225933934,240.34082622707044,273.0571204452512,236.62370402682464,273.2426329640757
2025-01-29 08:00:00,-8.542507844563735,38.394261054693594,0.0014311965613043867,26886.43696188366,-9.387574856664152,-9.86671337580788,0.3700933749785449,6.5506623905748755,31.32921370957099,-2.506404372983955,28.762330455433517,-1.9103175351331212,5588.701958539369,254.47892070920278,237.43708644174103,19.387762233662922,-1.734080047461493,3002.5272096825056,270.14873392888927,251.96629234313295,-0.010429953541115403,11.989217393385987,-1.9343346109927335,1446.650256650413,276.33413180786,263.15280598700946,6.4641254298798705,-0.9898759686508067,278.4719651512338,270.30208386289826,4.471045447242378,-0.7830315874513701,281.61553886540395,274.32670145940773,1.8604343870380518,-0.29026551556128777,-0.014812162128930067,-0.019270886230258105,101314.25573960143,109.83315421560013,0.47366897646945816,0.0,0.0,0.0,0.0,0.0,0.0,0.0,0.00014582857646756853,0.0,2.9050421777567883,-0.36535867212288914,95966.15431088828,476.70417641761594,276.8347148744259,60.03066833373489,0.03198445679348668,0.0,21.018850573264658,0.046955488858829865,277.40466459284164,280.89535281415544,0.004819226445706644,272.1056968830893,65.84603995189858,5.248242287578717e-10,1.6866658829348877,-0.33756566085750034,4.382654214172922,-0.3375664810067701,-50.0,0.0,0.0,1.4738597090714022e-05,0.0,0.0,0.0,0.0,0.0,0.0,0.18840276095050185,0.20166769808638838,-5.66049442009804,50.908065072348975,11.754995509518718,0.333941359195986,24.946400292681748,11.692144570926772,14.066773797844885,1.9335680141259888,-5.360444187595564,10.451644039888743,41.015991992193754,31.231646371580897,14.663593403322905,13.31087147880393,1925.4738804886988,78799.62168399946,74654.7768380398,0.0,272.93008255032044,0.0,320.6977091272692,0.006133561767869149,0.0,0.0,136.19239048448384,66.88597589364777,8.360799874779499,-6.036142689399873,17.27039229931295,-1.1651179286745017,36.82978530198027,4116.542324163934,5577.54074895244,8.717366851062467,10.322730443573468,-7.8539861354094,405.4818299023779,3.7449096943480824,-5.424405332728654,13.96783230217606,-7.953315266429099,75501.78789916336,735.3379791836929,0.6304929661374145,0.008489660345349767,240.3465696617601,273.0334400751236,236.63008121457023,273.2207318266369
2025-01-29 08:05:00,-8.53694243190749,38.400579274709855,0.0014377939921507124,26838.689533565583,-9.38814787855597,-9.867208920932011,0.3686938039188001,6.550229037032213,31.336410889973145,-2.5120854108650956,28.767285252474974,-1.928175125034689,5588.524554689031,254.47792438272992,237.4465465805625,19.40184495504398,-1.7485414378156732,3002.3652847971366,270.14626216009594,251.96430264655172,-0.011212434603202733,12.000961780749037,-1.9453390773065986,1446.508952186751,276.32715452777177,263.14829023986255,6.466704030963818,-0.9869983549534522,278.45791971345767,270.29818200177743,4.464948229263956,-0.7904295802287905,281.5987660653055,274.3254798728042,1.8602143297784495,-0.2911287002490035,-0.01630719013796809,-0.018687044053158988,101313.09968767842,109.73375171091149,0.47658933665102304,0.0,0.0,0.0,0.0,0.0,0.0,0.0,0.0001478084386754926,0.0,2.9044363364675547,-0.36947547229953204,95964.85229264745,476.70417641761594,276.81597819303374,60.05317033402428,0.03199448667229005,0.0,21.02450483542513,0.046958888694677535,277.3869041887794,280.8783025243439,0.004818078401633615,272.1004217921043,65.90088829820645,5.253983360461686e-10,1.6868205484666647,-0.3378957677156528,4.383993190002042,-0.33789656052661354,-50.0,0.0,0.0,1.610378836352095e-05,0.0,0.0,0.0,0.0,0.0,0.0,0.18840108902263228,0.2016812976922268,-5.6178729028455106,50.96694155445712,11.754995509518718,0.333941359195986,24.909576246587523,11.692149732399509,14.080438455736347,1.9417982404801886,-5.392093113668053,10.446817508106342,41.05400308953511,31.32915376517189,14.652458969353624,13.300134915648412,1924.2843642965502,78860.54224139253,74656.53420140556,0.0,272.9083566999328,0.0,320.6212451489258,0.006131204112101589,0.0,0.0,136.06195586923315,66.71647544722411,8.365868262038877,-6.046078448712348,17.285150562455033,-1.1722281086856567,36.84729769782569,4116.2440168470475,5577.369609825904,8.720588471754409,10.35900391799522,-7.9137694620328185,405.24041624740386,3.759793325883316,-5.439706037505886,14.035785277835078,-8.015051948036042,75492.6270986417,735.1925563952134,0.6304929661374145,0.008488523071695656,240.34771980730596,273.0014466686473,236.63396161765806,273.1877464398607
2025-01-29 08:10:00,-8.531377019251243,38.40689749472612,0.0014443914229970382,26790.9421052475,-9.388720900447789,-9.867704466056143,0.3672942328590552,6.54979568348955,31.343608070375296,-2.5177664487462357,28.77224004951643,-1.946032714936257,5588.347150838694,254.47692805625707,237.456006719384,19.41592767642504,-1.7630028281698533,3002.203359911767,270.14379039130256,251.96231294997045,-0.011994915665290063,12.012706168112086,-1.9563435436204637,1446.367647723089,276.3201772476835,263.14377449271564,6.469282632047767,-0.9841207412560977,278.4438742756816,270.2942801406566,4.4588510112855335,-0.7978275730062109,281.581993265207,274.3242582862006,1.8599942725188474,-0.29199188493671924,-0.017802218147006117,-0.01810320187605987,101311.9436357554,109.63434920622284,0.4795096968325879,0.0,0.0,0.0,0.0,0.0,0.0,0.0,0.00014978830088341666,0.0,2.9038304951783216,-0.37359227247617494,95963.55027440663,476.70417641761594,276.7972415116416,60.07567233431367,0.032004516551093425,0.0,21.030159097585603,0.046962288530525205,277.36914378471715,280.86125223453234,0.004816930357560587,272.0951467011193,65.95573664451433,5.259724433344656e-10,1.686975213998442,-0.3382258745738052,4.385332165831162,-0.33822664004645697,-50.0,0.0,0.0,1.746897963632788e-05,0.0,0.0,0.0,0.0,0.0,0.0,0.18839941709476274,0.20169489729806528,-5.575251385592982,51.02581803656527,11.754995509518718,0.333941359195986,24.872752200493295,11.692154893872248,14.094103113627812,1.9500284668343886,-5.4237420397405405,10.441990976323941,41.092014186876455,31.426661158762876,14.641324535384346,13.289398352492896,1923.0948481044015,78921.4627987856,74658.29156477132,0.0,272.8866308495452,0.0,320.5447811705824,0.006128846456334028,0.0,0.0,135.93152125398242,66.54697500080047,8.370936649298255,-6.0560142080248225,17.299908825597118,-1.1793382886968118,36.86481009367111,4115.945709530161,5577.198470699369,8.723810092446351,10.395277392416974,-7.973552788656238,404.99900259242986,3.7746769574185497,-5.455006742283117,14.103738253494098,-8.076788629642985,75483.46629812001,735.047133606734,0.6304929661374145,0.008487385798041546,240.3488699528518,272.969453262171,236.6378420207459,273.1547610530845
2025-01-29 08:15:00,-8.525811606594997,38.41321571474238,0.001450988853843364,26743.194676929423,-9.389293922339606,-9.868200011180274,0.3658946617993104,6.549362329946887,31.350805250777448,-2.5234474866273757,28.777194846557883,-1.963890304837825,5588.169746988356,254.47593172978424,237.4654668582055,19.4300103978061,-1.7774642185240332,3002.041435026398,270.14131862250923,251.96032325338922,-0.012777396727377393,12.024450555475136,-1.9673480099343288,1446.2263432594273,276.31319996759527,263.1392587455688,6.4718612331317145,-0.9812431275587432,278.42982883790546,270.2903782795358,4.45275379330711,-0.8052255657836311,281.5652204651086,274.323036699597,1.8597742152592451,-0.29285506962443497,-0.01929724615604414,-0.017519359698960756,101310.78758383238,109.5349467015342,0.48243005701415276,0.0,0.0,0.0,0.0,0.0,0.0,0.0,0.00015176816309134074,0.0,2.903224653889088,-0.37770907265281783,95962.24825616583,476.70417641761594,276.7785048302494,60.098174334603065,0.03201454642989679,0.0,21.03581335974608,0.04696568836637288,277.3513833806549,280.8442019447208,0.004815782313487558,272.0898716101343,66.0105849908222,5.265465506227625e-10,1.687129879530219,-0.33855598143195764,4.386671141660282,-0.33855671956630046,-50.0,0.0,0.0,1.883417090913481e-05,0.0,0.0,0.0,0.0,0.0,0.0,0.18839774516689317,0.20170849690390372,-5.532629868340454,51.08469451867342,11.754995509518718,0.333941359195986,24.83592815439907,11.692160055344985,14.107767771519274,1.9582586931885884,-5.455390965813029,10.43716444454154,41.13002528421781,31.524168552353867,14.630190101415067,13.278661789337377,1921.905331912253,78982.38335617867,74660.04892813708,0.0,272.86490499915755,0.0,320.46831719223894,0.006126488800566467,0.0,0.0,135.80108663873173,66.37747455437682,8.376005036557633,-6.065949967337297,17.314667088739206,-1.1864484687079668,36.882322489516525,4115.647402213275,5577.027331572834,8.727031713138292,10.431550866838727,-8.033336115279656,404.7575889374558,3.7895605889537833,-5.470307447060349,14.171691229153119,-8.138525311249929,75474.30549759834,734.9017108182544,0.6304929661374145,0.008486248524387435,240.35002009839764,272.93745985569467,236.64172242383373,273.1217756663083
2025-01-29 08:20:00,-8.520246193938751,38.41953393475864,0.0014575862846896899,26695.447248611345,-9.389866944231423,-9.868695556304406,0.36449509073956554,6.548928976404224,31.358002431179603,-2.529128524508516,28.78214964359934,-1.981747894739393,5587.992343138018,254.47493540331138,237.47492699702698,19.44409311918716,-1.7919256088782134,3001.8795101410287,270.1388468537159,251.958333556808,-0.013559877789464722,12.036194942838186,-1.9783524762481939,1446.0850387957653,276.306222687507,263.13474299842187,6.474439834215663,-0.9783655138613888,278.4157834001294,270.28647641841496,4.446656575328688,-0.8126235585610515,281.54844766501014,274.3218151129935,1.8595541579996429,-0.29371825431215065,-0.020792274165082166,-0.016935517521861638,101309.63153190937,109.43554419684554,0.48535041719571764,0.0,0.0,0.0,0.0,0.0,0.0,0.0,0.00015374802529926482,0.0,2.9026188125998544,-0.3818258728294608,95960.946237925,476.70417641761594,276.75976814885723,60.12067633489246,0.03202457630870016,0.0,21.041467621906552,0.04696908820222055,277.33362297659266,280.8271516549093,0.00481463426941453,272.08459651914933,66.06543333713007,5.271206579110595e-10,1.687284545061996,-0.3388860882901101,4.388010117489403,-0.3388867990861439,-50.0,0.0,0.0,2.019936218194174e-05,0.0,0.0,0.0,0.0,0.0,0.0,0.1883960732390236,0.20172209650974218,-5.4900083510879245,51.14357100078157,11.754995509518718,0.333941359195986,24.799104108304842,11.692165216817722,14.121432429410739,1.9664889195427884,-5.487039891885518,10.43233791275914,41.16803638155916,31.621675945944858,14.619055667445787,13.267925226181859,1920.7158157201043,79043.30391357174,74661.80629150283,0.0,272.84317914876993,0.0,320.39185321389556,0.006124131144798906,0.0,0.0,135.67065202348104,66.20797410795316,8.381073423817009,-6.075885726649772,17.32942535188129,-1.1935586487191219,36.89983488536194,4115.349094896388,5576.856192446298,8.730253333830234,10.467824341260481,-8.093119441903076,404.51617528248175,3.804444220489017,-5.485608151837581,14.239644204812137,-8.200261992856872,75465.14469707666,734.7562880297749,0.6304929661374145,0.008485111250733323,240.3511702439435,272.90546644921835,236.64560282692156,273.08879027953213
2025-01-29 08:25:00,-8.514680781282506,38.4258521547749,0.0014641837155360156,26647.699820293266,-9.390439966123242,-9.869191101428537,0.36309551967982073,6.548495622861561,31.365199611581758,-2.5348095623896567,28.787104440640796,-1.9996054846409608,5587.81493928768,254.47393907683852,237.48438713584846,19.458175840568217,-1.8063869992323935,3001.7175852556597,270.1363750849225,251.95634386022675,-0.01434235885155205,12.047939330201235,-1.989356942562059,1445.9437343321033,276.29924540741877,263.13022725127496,6.477018435299611,-0.9754879001640343,278.40173796235325,270.28257455729414,4.440559357350265,-0.8200215513384719,281.5316748649117,274.32059352638987,1.8593341007400408,-0.2945814389998664,-0.022287302174120192,-0.01635167534476252,101308.47547998634,109.3361416921569,0.48827077737728247,0.0,0.0,0.0,0.0,0.0,0.0,0.0,0.00015572788750718887,0.0,2.9020129713106213,-0.3859426730061037,95959.64421968418,476.70417641761594,276.74103146746506,60.14317833518185,0.032034606187503534,0.0,21.047121884067025,0.04697248803806822,277.3158625725304,280.81010136509775,0.004813486225341501,272.0793214281643,66.12028168343795,5.276947651993564e-10,1.687439210593773,-0.3392161951482625,4.389349093318523,-0.3392168786059873,-50.0,0.0,0.0,2.156455345474867e-05,0.0,0.0,0.0,0.0,0.0,0.0,0.18839440131115406,0.20173569611558062,-5.447386833835395,51.20244748288972,11.754995509518718,0.333941359195986,24.762280062210618,11.692170378290461,14.135097087302201,1.9747191458969882,-5.518688817958006,10.427511380976739,41.20604747890051,31.71918333953585,14.607921233476507,13.25718866302634,1919.5262995279556,79104.22447096481,74663.56365486859,0.0,272.8214532983823,0.0,320.3153892355522,0.006121773489031345,0.0,0.0,135.54021740823032,66.03847366152951,8.386141811076387,-6.085821485962247,17.344183615023375,-1.200668828730277,36.917347281207356,4115.050787579502,5576.685053319763,8.733474954522176,10.504097815682234,-8.152902768526493,404.27476162750776,3.8193278520242506,-5.500908856614812,14.307597180471156,-8.261998674463815,75455.98389655499,734.6108652412953,0.6304929661374145,0.008483973977079211,240.35232038948936,272.87347304274203,236.6494832300094,273.05580489275593
2025-01-29 08:30:00,-8.509115368626258,38.43217037479116,0.0014707811463823414,26599.95239197519,-9.39101298801506,-9.869686646552669,0.3616959486200759,6.5480622693188995,31.37239679198391,-2.5404906002707968,28.792059237682253,-2.017463074542529,5587.637535437343,254.47294275036566,237.49384727466995,19.472258561949275,-1.8208483895865737,3001.5556603702908,270.1339033161292,251.95435416364552,-0.01512483991363938,12.059683717564285,-2.000361408875924,1445.8024298684413,276.29226812733054,263.12571150412805,6.479597036383559,-0.9726102864666798,278.3876925245771,270.2786726961733,4.434462139371843,-0.8274195441158922,281.5149020648132,274.3193719397863,1.8591140434804385,-0.2954446236875821,-0.023782330183158215,-0.015767833167663406,101307.31942806333,109.23673918746826,0.49119113755884736,0.0,0.0,0.0,0.0,0.0,0.0,0.0,0.00015770774971511295,0.0,2.9014071300213877,-0.3900594731827466,95958.34220144336,476.70417641761594,276.7222947860729,60.16568033547124,0.032044636066306906,0.0,21.052776146227497,0.04697588787391589,277.2981021684682,280.7930510752862,0.0048123381812684735,272.0740463371793,66.17513002974583,5.282688724876533e-10,1.68759387612555,-0.33954630200641495,4.390688069147643,-0.3395469581258308,-50.0,0.0,0.0,2.29297447275556e-05,0.0,0.0,0.0,0.0,0.0,0.0,0.1883927293832845,0.2017492957214191,-5.404765316582867,51.26132396499787,11.754995509518718,0.333941359195986,24.72545601611639,11.692175539763198,14.148761745193664,1.9829493722511882,-5.550337744030495,10.422684849194338,41.24405857624186,31.81669073312684,14.596786799507228,13.246452099870822,1918.336783335807,79165.14502835787,74665.32101823435,0.0,272.79972744799466,0.0,320.23892525720873,0.006119415833263784,0.0,0.0,135.40978279297963,65.86897321510585,8.391210198335765,-6.095757245274721,17.35894187816546,-1.207779008741432,36.93485967705277,4114.752480262616,5576.513914193228,8.736696575214118,10.540371290103987,-8.212686095149913,404.0333479725337,3.8342114835594847,-5.516209561392044,14.375550156130176,-8.323735356070758,75446.8230960333,734.4654424528158,0.6304929661374145,0.0084828367034251,240.3534705350352,272.8414796362657,236.65336363309723,273.0228195059797
2025-01-29 08:35:00,-8.503549955970012,38.438488594807424,0.001477378577228667,26552.204963657106,-9.391586009906877,-9.870182191676802,0.36029637756033106,6.547628915776237,31.37959397238606,-2.546171638151937,28.79701403472371,-2.0353206644440966,5587.460131587005,254.4719464238928,237.50330741349143,19.486341283330333,-1.8353097799407538,3001.3937354849213,270.13143154733586,251.95236446706426,-0.01590732097572671,12.071428104927335,-2.011365875189789,1445.6611254047793,276.28529084724227,263.12119575698114,6.482175637467507,-0.9697326727693253,278.37364708680104,270.2747708350525,4.42836492139342,-0.8348175368933126,281.49812926471475,274.3181503531828,1.8588939862208362,-0.29630780837529785,-0.025277358192196245,-0.015183990990564288,101306.16337614032,109.1373366827796,0.49411149774041224,0.0,0.0,0.0,0.0,0.0,0.0,0.0,0.00015968761192303703,0.0,2.900801288732154,-0.3941762733593895,95957.04018320254,476.70417641761594,276.70355810468067,60.18818233576063,0.03205466594511028,0.0,21.05843040838797,0.04697928770976356,277.280341764406,280.77600078547465,0.004811190137195445,272.06877124619433,66.22997837605371,5.288429797759502e-10,1.6877485416573272,-0.3398764088645674,4.392027044976763,-0.33987703764567423,-50.0,0.0,0.0,2.4294936000362532e-05,0.0,0.0,0.0,0.0,0.0,0.0,0.18839105745541493,0.20176289532725752,-5.3621437993303385,51.32020044710602,11.754995509518718,0.333941359195986,24.688631970022165,11.692180701235936,14.162426403085128,1.991179598605388,-5.5819866701029826,10.417858317411937,41.282069673583216,31.914198126717828,14.58565236553795,13.235715536715306,1917.1472671436582,79226.06558575094,74667.0783816001,0.0,272.77800159760704,0.0,320.1624612788653,0.006117058177496223,0.0,0.0,135.27934817772893,65.69947276868221,8.396278585595143,-6.105693004587196,17.373700141307545,-1.2148891887525872,36.95237207289819,4114.45417294573,5576.342775066692,8.73991819590606,10.57664476452574,-8.272469421773332,403.79193431755965,3.8490951150947184,-5.531510266169276,14.443503131789196,-8.385472037677701,75437.66229551163,734.3200196643363,0.6304929661374145,0.00848169942977099,240.35462068058104,272.80948622978946,236.65724403618503,272.9898341192035
2025-01-29 08:40:00,-8.497984543313766,38.444806814823686,0.0014839760080749928,26504.45753533903,-9.392159031798696,-9.870677736800934,0.35889680650058625,6.547195562233574,31.386791152788216,-2.5518526760330773,28.801968831765166,-2.0531782543456645,5587.282727736667,254.47095009741994,237.5127675523129,19.50042400471139,-1.849771170294934,3001.2318105995523,270.1289597785425,251.95037477048302,-0.01668980203781404,12.083172492290384,-2.0223703415036542,1445.5198209411174,276.27831356715404,263.1166800098342,6.484754238551455,-0.9668550590719708,278.3596016490249,270.27086897393167,4.422267703414998,-0.842215529670733,281.4813564646163,274.31692876657917,1.8586739289612342,-0.2971709930630136,-0.026772386201234268,-0.01460014881346517,101305.0073242173,109.03793417809096,0.49703185792197707,0.0,0.0,0.0,0.0,0.0,0.0,0.0,0.00016166747413096108,0.0,2.900195447442921,-0.3982930735360324,95955.73816496172,476.70417641761594,276.6848214232885,60.21068433605002,0.03206469582391365,0.0,21.064084670548443,0.04698268754561123,277.26258136034375,280.7589504956631,0.0048100420931224165,272.0634961552093,66.28482672236159,5.294170870642472e-10,1.6879032071891042,-0.3402065157227198,4.393366020805884,-0.34020711716551766,-50.0,0.0,0.0,2.566012727316946e-05,0.0,0.0,0.0,0.0,0.0,0.0,0.1883893855275454,0.20177649493309596,-5.319522282077809,51.379076929214165,11.754995509518718,0.333941359195986,24.65180792392794,11.692185862708675,14.17609106097659,1.9994098249595877,-5.613635596175471,10.413031785629537,41.32008077092456,32.01170552030882,14.57451793156867,13.224978973559788,1915.9577509515095,79286.98614314401,74668.83574496587,0.0,272.75627574721943,0.0,320.0859973005219,0.006114700521728663,0.0,0.0,135.1489135624782,65.52997232225856,8.40134697285452,-6.115628763899671,17.38845840444963,-1.2219993687637423,36.96988446874361,4114.1558656288435,5576.171635940157,8.743139816598003,10.612918238947493,-8.33225274839675,403.55052066258565,3.863978746629952,-5.546810970946507,14.511456107448215,-8.447208719284644,75428.50149498996,734.1745968758568,0.6304929661374145,0.008480562156116879,240.3557708261269,272.77749282331314,236.66112443927287,272.9568487324273
2025-01-29 08:45:00,-8.49241913065752,38.45112503483995,0.0014905734389213188,26456.71010702095,-9.392732053690514,-9.871173281925065,0.3574972354408414,6.546762208690911,31.39398833319037,-2.557533713914218,28.806923628806622,-2.0710358442472323,5587.10532388633,254.4699537709471,237.5222276911344,19.51450672609245,-1.8642325606491141,3001.069885714183,270.12648800974915,251.9483850739018,-0.01747228309990137,12.094916879653434,-2.0333748078175193,1445.3785164774554,276.27133628706576,263.1121642626873,6.487332839635403,-0.9639774453746164,278.34555621124883,270.26696711281085,4.4161704854365755,-0.8496135224481534,281.4645836645178,274.3157071799756,1.858453871701632,-0.29803417775072927,-0.02826741421027229,-0.014016306636366053,101303.85127229428,108.93853167340231,0.49995221810354196,0.0,0.0,0.0,0.0,0.0,0.0,0.0,0.00016364733633888516,0.0,2.8995896061536874,-0.40240987371267534,95954.4361467209,476.70417641761594,276.6660847418963,60.233186336339415,0.03207472570271702,0.0,21.069738932708916,0.0469860873814589,277.2448209562815,280.7419002058516,0.004808894049049388,272.0582210642243,66.33967506866946,5.299911943525441e-10,1.6880578727208813,-0.34053662258087225,4.394704996635004,-0.3405371966853611,-50.0,0.0,0.0,2.7025318545976387e-05,0.0,0.0,0.0,0.0,0.0,0.0,0.18838771359967582,0.20179009453893443,-5.27690076482528,51.43795341132231,11.754995509518718,0.333941359195986,24.614983877833712,11.692191024181412,14.189755718868055,2.0076400513137878,-5.64528452224796,10.408205253847136,41.358091868265916,32.10921291389981,14.56338349759939,13.21424241040427,1914.768234759361,79347.90670053707,74670.59310833161,0.0,272.7345498968318,0.0,320.0095333221785,0.006112342865961102,0.0,0.0,135.01847894722752,65.3604718758349,8.406415360113897,-6.125564523212145,17.403216667591714,-1.2291095487748973,36.98739686458902,4113.857558311956,5576.000496813622,8.746361437289945,10.649191713369248,-8.392036075020169,403.3091070076116,3.8788623781651856,-5.562111675723739,14.579409083107233,-8.508945400891587,75419.34069446828,734.0291740873772,0.6304929661374145,0.008479424882462767,240.35692097167276,272.7454994168368,236.6650048423607,272.92386334565117
2025-01-29 08:50:00,-8.486853718001274,38.45744325485621,0.0014971708697676446,26408.96267870287,-9.393305075582331,-9.871668827049197,0.3560976643810966,6.546328855148248,31.401185513592523,-2.563214751795358,28.811878425848075,-2.0888934341488006,5586.9279200359915,254.46895744447426,237.5316878299559,19.52858944747351,-1.878693951003294,3000.907960828814,270.1240162409558,251.94639537732053,-0.0182547641619887,12.106661267016484,-2.0443792741313844,1445.2372120137936,276.26435900697754,263.10764851554046,6.489911440719351,-0.9610998316772619,278.3315107734727,270.26306525169,4.410073267458152,-0.8570115152255736,281.4478108644194,274.31448559337207,1.8582338144420296,-0.298897362438445,-0.02976244221931032,-0.013432464459266937,101302.69522037127,108.83912916871367,0.5028725782851068,0.0,0.0,0.0,0.0,0.0,0.0,0.0,0.00016562719854680923,0.0,2.898983764864454,-0.40652667388931824,95953.13412848009,476.70417641761594,276.64734806050416,60.25568833662881,0.03208475558152039,0.0,21.075393194869392,0.04698948721730658,277.22706055221926,280.72484991604006,0.0048077460049763595,272.05294597323933,66.39452341497733,5.305653016408411e-10,1.6882125382526585,-0.3408667294390247,4.396043972464124,-0.3408672762052045,-50.0,0.0,0.0,2.8390509818783318e-05,0.0,0.0,0.0,0.0,0.0,0.0,0.18838604167180625,0.20180369414477287,-5.2342792475727515,51.49682989343046,11.754995509518718,0.333941359195986,24.578159831739487,11.692196185654149,14.203420376759517,2.0158702776679878,-5.676933448320447,10.403378722064735,41.39610296560727,32.2067203074908,14.55224906363011,13.203505847248753,1913.5787185672123,79408.82725793016,74672.35047169737,0.0,272.7128240464442,0.0,319.9330693438351,0.0061099852101935415,0.0,0.0,134.88804433197683,65.19097142941126,8.411483747373275,-6.13550028252462,17.417974930733802,-1.2362197287860524,37.004909260434445,4113.55925099507,5575.8293576870865,8.749583057981885,10.685465187791001,-8.451819401643588,403.06769335263755,3.8937460097004193,-5.577412380500971,14.647362058766253,-8.57068208249853,75410.17989394661,733.8837512988978,0.6304929661374145,0.008478287608808657,240.3580711172186,272.7135060103605,236.66888524544854,272.89087795887497
2025-01-29 08:55:00,-8.481288305345029,38.46376147487247,0.0015037683006139703,26361.21525038479,-9.39387809747415,-9.872164372173328,0.3546980933213517,6.545895501605585,31.408382693994675,-2.568895789676498,28.81683322288953,-2.1067510240503684,5586.750516185654,254.4679611180014,237.54114796877738,19.54267216885457,-1.8931553413574742,3000.7460359434444,270.12154447216244,251.9444056807393,-0.01903724522407603,12.118405654379533,-2.0553837404452495,1445.0959075501316,276.25738172688926,263.10313276839355,6.4924900418033,-0.9582222179799074,278.3174653356966,270.2591633905692,4.40397604947973,-0.864409508002994,281.43103806432094,274.31326400676846,1.8580137571824276,-0.29976054712616074,-0.03125747022834834,-0.012848622282167821,101301.53916844825,108.73972666402501,0.5057929384666717,0.0,0.0,0.0,0.0,0.0,0.0,0.0,0.00016760706075473329,0.0,2.8983779235752207,-0.41064347406596113,95951.83211023927,476.70417641761594,276.628611379112,60.2781903369182,0.03209478546032376,0.0,21.081047457029864,0.04699288705315425,277.209300148157,280.7077996262285,0.004806597960903331,272.0476708822543,66.4493717612852,5.31139408929138e-10,1.6883672037844355,-0.3411968362971771,4.397382948293244,-0.341197355725048,-50.0,0.0,0.0,2.975570109159025e-05,0.0,0.0,0.0,0.0,0.0,0.0,0.1883843697439367,0.20181729375061133,-5.191657730320223,51.55570637553861,11.754995509518718,0.333941359195986,24.54133578564526,11.692201347126888,14.217085034650982,2.0241005040221873,-5.708582374392936,10.398552190282334,41.434114062948616,32.30422770108179,14.541114629660832,13.192769284093234,1912.3892023750636,79469.74781532322,74674.10783506313,0.0,272.69109819605654,0.0,319.85660536549165,0.00610762755442598,0.0,0.0,134.7576097167261,65.02147098298761,8.416552134632653,-6.145436041837095,17.432733193875887,-1.2433299087972074,37.02242165627986,4113.260943678184,5575.658218560551,8.752804678673828,10.721738662212754,-8.511602728267006,402.82627969766355,3.908629641235653,-5.592713085278202,14.715315034425274,-8.632418764105473,75401.01909342493,733.7383285104182,0.6304929661374145,0.008477150335154546,240.35922126276444,272.6815126038842,236.67276564853637,272.85789257209876
2025-01-29 09:00:00,-8.475722892688783,38.47007969488873,0.001510365731460296,26313.467822066712,-9.394451119365968,-9.87265991729746,0.3532985222616069,6.5454621480629225,31.41557987439683,-2.5745768275576384,28.821788019930988,-2.1246086139519362,5586.573112335316,254.46696479152854,237.55060810759886,19.556754890235627,-1.9076167317116544,3000.5841110580755,270.1190727033691,251.94241598415806,-0.01981972628616336,12.130150041742583,-2.0663882067591146,1444.9546030864697,276.25040444680104,263.09861702124664,6.495068642887247,-0.9553446042825529,278.3034198979205,270.2552615294484,4.397878831501307,-0.8718075007804144,281.4142652642225,274.3120424201649,1.8577936999228253,-0.30062373181387647,-0.032752498237386365,-0.012264780105068703,101300.38311652523,108.64032415933637,0.5087132986482366,0.0,0.0,0.0,0.0,0.0,0.0,0.0,0.00016958692296265736,0.0,2.897772082285987,-0.41476027424260403,95950.53009199844,476.70417641761594,276.6098746977198,60.30069233720759,0.03210481533912713,0.0,21.086701719190337,0.04699628688900192,277.19153974409477,280.69074933641696,0.0048054499168303025,272.0423957912693,66.50422010759308,5.31713516217435e-10,1.6885218693162125,-0.34152694315532955,4.3987219241223645,-0.34152743524489143,-50.0,0.0,0.0,3.112089236439718e-05,0.0,0.0,0.0,0.0,0.0,0.0,0.18838269781606715,0.20183089335644977,-5.149036213067694,51.61458285764676,11.754995509518718,0.333941359195986,24.504511739551035,11.692206508599625,14.230749692542444,2.0323307303763873,-5.740231300465425,10.393725658499934,41.47212516028997,32.40173509467278,14.529980195691552,13.182032720937716,1911.199686182915,79530.66837271629,74675.86519842889,0.0,272.66937234566893,0.0,319.78014138714826,0.006105269898658419,0.0,0.0,134.62717510147542,64.85197053656395,8.42162052189203,-6.1553718011495695,17.44749145701797,-1.2504400888083624,37.039934052125275,4112.962636361298,5575.487079434016,8.75602629936577,10.758012136634507,-8.571386054890425,402.5848660426895,3.9235132727708866,-5.608013790055434,14.783268010084292,-8.694155445712417,75391.85829290326,733.5929057219387,0.6304929661374145,0.008476013061500434,240.3603714083103,272.64951919740787,236.6766460516242,272.82490718532256
2025-01-29 09:05:00,-8.471885356844979,38.50145432367824,0.0015088493950491503,26265.287831714293,-9.39582769890785,-9.87410844853478,0.35315009164676003,6.538279712731211,31.420102413353813,-2.578244494799677,28.824276555388334,-2.141520811516621,5586.629759693785,254.46779853793413,237.55278479661644,19.56588622233299,-1.922509079407781,3000.6212512075535,270.1227738273056,251.95484990363786,-0.019040894708764605,12.136393776856917,-2.07769851390832,1444.963644993557,276.2520537755705,263.1124348318784,6.495183403163978,-0.9557491509664525,278.29288286643,270.281493261992,4.382453856623546,-0.8748826220727995,281.4035557421339,274.31937414121165,1.8569627028496105,-0.3012012765402082,-0.03279019263039842,-0.013665015236172815,101300.45306375399,108.64643820966027,0.5119217882036028,0.0,0.0,0.0,0.0,0.0,0.0,0.0,0.00017427909535304737,0.0,2.8938929100114548,-0.41797880020204287,95950.77478123667,476.70417641761594,276.5930549882308,60.323261979034626,0.0321157331662066,0.0,21.09586184609608,0.04699988985942073,277.1791171389693,280.67784181177245,0.004806657454312655,272.0433653229943,66.55264803235036,5.323547102287968e-10,1.688784530536355,-0.3416107712374186,4.395850190792964,-0.3416112633269805,-50.0,0.0,0.0,3.10077651295451e-05,0.0,0.0,0.0,0.0,0.0,0.0,0.18838123251769814,0.201561721678343,-5.103202772568189,51.59094969873621,11.754995509518718,0.333941359195986,24.47238594588712,11.692206508599625,14.238110267603993,2.0561340779151434,-5.693475618515025,10.408141306686192,41.51546714040238,32.47940253066133,14.502800273925482,13.190962856117562,1909.0729991360145,79563.42059937061,74673.00860321274,0.0,272.7066794706184,0.0,319.7117787338732,0.006105965385239203,0.0,0.0,134.37753058697493,64.60936195798631,8.421178253047668,-6.16640598859414,17.46286273609139,-1.2593810156753888,37.07189708443277,4113.491531160511,5575.989371215394,8.746724958065222,10.98542137651054,-8.596488002725257,402.3592934817809,4.00224502193451,-5.6848456798385705,15.058868346227392,-8.690971998048088,75383.45382310286,733.5401272136813,0.6305127372024782,0.008463546792599603,240.3630505948009,272.63554585497747,236.6793463095584,272.8084790346043
2025-01-29 09:10:00,-8.468047821001175,38.53282895246774,0.0015073330586380046,26217.10784136187,-9.397204278449731,-9.875556979772101,0.35300166103191316,6.5310972773995,31.424624952310797,-2.5819121620417156,28.82676509084568,-2.158433009081305,5586.686407052252,254.46863228433972,237.554961485634,19.575017554430353,-1.937401427103908,3000.6583913570316,270.12647495124213,251.96728382311767,-0.01826206313136585,12.142637511971248,-2.0890088210575257,1444.9726869006442,276.25370310434005,263.1262526425101,6.495298163440709,-0.9561536976503522,278.28234583493946,270.30772499453565,4.367028881745785,-0.8779577433651847,281.3928462200454,274.32670586225845,1.8561317057763955,-0.30177882126653993,-0.03282788702341047,-0.015065250367276926,101300.52301098274,108.65255225998418,0.515130277758969,0.0,0.0,0.0,0.0,0.0,0.0,0.0,0.00017897126774343738,0.0,2.890013737736923,-0.42119732616148176,95951.01947047489,476.70417641761594,276.5762352787417,60.34583162086166,0.032126650993286064,0.0,21.105021973001822,0.047003492829839545,277.1666945338438,280.66493428712795,0.0048078649917950075,272.0443348547193,66.60107595710764,5.329959042401588e-10,1.689047191756497,-0.34169459931950763,4.392978457463563,-0.3416950914090695,-50.0,0.0,0.0,3.089463789469301e-05,0.0,0.0,0.0,0.0,0.0,0.0,0.18837976721932917,0.20129255000023624,-5.057369332068685,51.56731653982566,11.754995509518718,0.333941359195986,24.440260152223203,11.692206508599625,14.24547084266554,2.0799374254538994,-5.646719936564625,10.42255695487245,41.55880912051479,32.557069966649884,14.47562035215941,13.199892991297407,1906.9463120891137,79596.17282602495,74670.15200799661,0.0,272.74398659556783,0.0,319.6434160805982,0.006106660871819986,0.0,0.0,134.1278860724744,64.36675337940866,8.420735984203304,-6.17744017603871,17.478234015164812,-1.2683219425424155,37.103860116740265,4114.020425959723,5576.491662996772,8.737423616764675,11.212830616386574,-8.62158995056009,402.13372092087235,4.080976771098132,-5.761677569621706,15.33446868237049,-8.68778855038376,75375.04935330246,733.4873487054239,0.630532508267542,0.00845108052369877,240.36572978129152,272.62157251254706,236.68204656749262,272.79205088388613
2025-01-29 09:15:00,-8.464210285157371,38.564203581257246,0.0015058167222268587,26168.927851009452,-9.398580857991613,-9.877005511009422,0.3528532304170663,6.523914842067789,31.42914749126778,-2.5855798292837546,28.829253626303025,-2.1753452066459897,5586.743054410721,254.46946603074534,237.55713817465158,19.584148886527714,-1.9522937748000349,3000.6955315065097,270.1301760751786,251.97971774259747,-0.017483231553967093,12.148881247085582,-2.1003191282067313,1444.9817288077315,276.2553524331095,263.14007045314185,6.49541292371744,-0.9565582443342519,278.27180880344895,270.3339567270793,4.351603906868025,-0.8810328646575698,281.3821366979568,274.3340375833052,1.8553007087031808,-0.30235636599287163,-0.032865581416422526,-0.01646548549838104,101300.59295821149,108.65866631030806,0.5183387673143353,0.0,0.0,0.0,0.0,0.0,0.0,0.0,0.00018366344013382737,0.0,2.8861345654623904,-0.4244158521209206,95951.26415971312,476.70417641761594,276.5594155692527,60.36840126268869,0.03213756882036553,0.0,21.114182099907566,0.04700709580025836,277.1542719287183,280.6520267624834,0.004809072529277361,272.0453043864443,66.64950388186492,5.336370982515207e-10,1.6893098529766395,-0.3417784274015967,4.390106724134164,-0.3417789194911586,-50.0,0.0,0.0,3.0781510659840926e-05,0.0,0.0,0.0,0.0,0.0,0.0,0.18837830192096017,0.20102337832212946,-5.01153589156918,51.54368338091511,11.754995509518718,0.333941359195986,24.408134358559288,11.692206508599625,14.252831417727089,2.103740772992656,-5.599964254614225,10.43697260305871,41.6021511006272,32.634737402638436,14.44844043039334,13.208823126477252,1904.8196250422131,79628.92505267929,74667.29541278048,0.0,272.7812937205173,0.0,319.5750534273231,0.0061073563584007695,0.0,0.0,133.87824155797392,64.124144800831,8.420293715358941,-6.18847436348328,17.49360529423823,-1.277262869409442,37.13582314904776,4114.549320758935,5576.9939547781505,8.728122275464127,11.440239856262608,-8.646691898394922,401.9081483599638,4.159708520261755,-5.8385094594048415,15.61006901851359,-8.68460510271943,75366.64488350207,733.4345701971665,0.6305522793326058,0.008438614254797938,240.36840896778213,272.60759917011666,236.68474682542683,272.7756227331679
2025-01-29 09:20:00,-8.460372749313567,38.59557821004675,0.001504300385815713,26120.747860657033,-9.399957437533494,-9.878454042246743,0.35270479980221936,6.516732406736078,31.433670030224764,-2.5892474965257932,28.83174216176037,-2.1922574042106744,5586.79970176919,254.47029977715093,237.55931486366916,19.593280218625075,-1.9671861224961615,3000.732671655988,270.1338771991151,251.99215166207725,-0.01670439997656834,12.155124982199915,-2.111629435355937,1444.9907707148188,276.257001761879,263.1538882637736,6.495527683994171,-0.9569627910181515,278.2612717719585,270.3601884596229,4.336178931990264,-0.884107985949955,281.37142717586823,274.34136930435193,1.8544697116299658,-0.30293391071920334,-0.03290327580943458,-0.01786572062948515,101300.66290544024,108.66478036063197,0.5215472568697015,0.0,0.0,0.0,0.0,0.0,0.0,0.0,0.00018835561252421738,0.0,2.8822553931878585,-0.4276343780803595,95951.50884895134,476.70417641761594,276.54259585976365,60.39097090451573,0.03214848664744499,0.0,21.123342226813307,0.04701069877067717,277.1418493235928,280.6391192378389,0.004810280066759713,272.0462739181693,66.6979318066222,5.342782922628825e-10,1.6895725141967817,-0.34186225548368576,4.387234990804763,-0.34186274757324764,-50.0,0.0,0.0,3.066838342498885e-05,0.0,0.0,0.0,0.0,0.0,0.0,0.1883768366225912,0.2007542066440227,-4.965702451069675,51.52005022200457,11.754995509518718,0.333941359195986,24.376008564895372,11.692206508599625,14.260191992788638,2.127544120531412,-5.553208572663825,10.451388251244968,41.645493080739605,32.71240483862699,14.42126050862727,13.2177532616571,1902.6929379953126,79661.67727933361,74664.43881756434,0.0,272.81860084546673,0.0,319.506690774048,0.006108051844981552,0.0,0.0,133.6285970434734,63.88153622225336,8.419851446514578,-6.199508550927851,17.50897657331165,-1.2862037962764685,37.167786181355254,4115.078215558148,5577.496246559529,8.71882093416358,11.667649096138641,-8.671793846229754,401.68257579905526,4.238440269425378,-5.915341349187978,15.88566935465669,-8.681421655055102,75358.24041370167,733.3817916889091,0.6305720503976696,0.008426147985897107,240.37108815427274,272.59362582768625,236.687447083361,272.7591945824497
2025-01-29 09:25:00,-8.456535213469763,38.62695283883626,0.0015027840494045673,26072.56787030461,-9.401334017075376,-9.879902573484063,0.3525563691873725,6.5095499714043665,31.438192569181748,-2.592915163767832,28.834230697217716,-2.2091696017753586,5586.856349127657,254.47113352355652,237.56149155268673,19.60241155072244,-1.9820784701922882,3000.769811805466,270.1375783230516,252.00458558155705,-0.015925568399169584,12.161368717314248,-2.1229397425051424,1444.9998126219061,276.25865109064847,263.1677060744053,6.495642444270901,-0.9573673377020512,278.250734740468,270.38642019216655,4.320753957112503,-0.8871831072423402,281.36071765377966,274.3487010253987,1.853638714556751,-0.3035114554455351,-0.03294097020244663,-0.01926595576058926,101300.732852669,108.67089441095587,0.5247557464250677,0.0,0.0,0.0,0.0,0.0,0.0,0.0,0.0001930477849146074,0.0,2.878376220913326,-0.4308529040397983,95951.75353818956,476.70417641761594,276.52577615027457,60.413540546342766,0.03215940447452446,0.0,21.13250235371905,0.047014301741095985,277.1294267184673,280.6262117131944,0.004811487604242066,272.04724344989427,66.74635973137947,5.349194862742445e-10,1.689835175416924,-0.3419460835657748,4.384363257475362,-0.3419465756553367,-50.0,0.0,0.0,3.055525619013677e-05,0.0,0.0,0.0,0.0,0.0,0.0,0.1883753713242222,0.20048503496591594,-4.919869010570171,51.49641706309402,11.754995509518718,0.333941359195986,24.343882771231456,11.692206508599625,14.267552567850185,2.151347468070168,-5.506452890713426,10.465803899431226,41.688835060852014,32.79007227461554,14.3940805868612,13.226683396836945,1900.566250948412,79694.42950598794,74661.5822223482,0.0,272.8559079704162,0.0,319.43832812077295,0.006108747331562336,0.0,0.0,133.37895252897292,63.638927643675714,8.419409177670214,-6.210542738372421,17.52434785238507,-1.295144723143495,37.19974921366275,4115.607110357361,5577.998538340907,8.709519592863032,11.895058336014674,-8.696895794064586,401.4570032381467,4.317172018589,-5.992173238971114,16.161269690799788,-8.678238207390773,75349.83594390127,733.3290131806517,0.6305918214627334,0.008413681716996274,240.37376734076335,272.57965248525585,236.69014734129522,272.74276643173147
2025-01-29 09:30:00,-8.45269767762596,38.65832746762577,0.0015012677129934214,26024.38787995219,-9.402710596617258,-9.881351104721382,0.3524079385725256,6.502367536072656,31.442715108138735,-2.5965828310098704,28.836719232675065,-2.2260817993400432,5586.912996486126,254.47196726996214,237.5636682417043,19.6115428828198,-1.9969708178884151,3000.8069519549445,270.1412794469881,252.01701950103686,-0.015146736821770828,12.167612452428582,-2.134250049654348,1445.0088545289932,276.26030041941794,263.181523885037,6.495757204547632,-0.9577718843859508,278.24019770897746,270.4126519247102,4.305328982234742,-0.8902582285347254,281.3500081316911,274.35603274644546,1.852807717483536,-0.3040890001718668,-0.03297866459545868,-0.020666190891693373,101300.80279989775,108.67700846127977,0.527964235980434,0.0,0.0,0.0,0.0,0.0,0.0,0.0,0.0001977399573049974,0.0,2.874497048638794,-0.4340714299992372,95951.99822742779,476.70417641761594,276.50895644078554,60.4361101881698,0.032170322301603924,0.0,21.141662480624795,0.04701790471151479,277.11700411334175,280.6133041885499,0.004812695141724418,272.04821298161926,66.79478765613675,5.355606802856063e-10,1.6900978366370665,-0.3420299116478639,4.381491524145962,-0.34203040373742577,-50.0,0.0,0.0,3.044212895528468e-05,0.0,0.0,0.0,0.0,0.0,0.0,0.1883739060258532,0.20021586328780916,-4.874035570070666,51.47278390418347,11.754995509518718,0.333941359195986,24.31175697756754,11.692206508599625,14.274913142911734,2.175150815608924,-5.459697208763026,10.480219547617484,41.732177040964416,32.8677397106041,14.36690066509513,13.23561353201679,1898.4395639015115,79727.18173264228,74658.72562713207,0.0,272.8932150953657,0.0,319.3699654674979,0.006109442818143119,0.0,0.0,133.12930801447243,63.39631906509807,8.418966908825851,-6.221576925816992,17.53971913145849,-1.3040856500105216,37.23171224597024,4116.136005156573,5578.500830122285,8.700218251562482,12.12246757589071,-8.721997741899418,401.2314306772381,4.395903767752623,-6.06900512875425,16.436870026942888,-8.675054759726446,75341.43147410087,733.2762346723944,0.6306115925277971,0.008401215448095443,240.37644652725396,272.56567914282545,236.69284759922942,272.7263382810132
2025-01-29 09:35:00,-8.448860141782157,38.68970209641527,0.0014997513765822757,25976.207889599773,-9.40408717615914,-9.882799635958703,0.35225950795767874,6.495185100740945,31.44723764709572,-2.600250498251909,28.83920776813241,-2.242993996904728,5586.969643844594,254.47280101636773,237.56584493072185,19.620674214917162,-2.011863165584542,3000.8440921044225,270.1449805709246,252.02945342051666,-0.014367905244372071,12.173856187542913,-2.145560356803553,1445.0178964360805,276.2619497481875,263.19534169566873,6.495871964824364,-0.9581764310698505,278.22966067748695,270.4388836572539,4.289904007356981,-0.8933333498271105,281.33929860960257,274.3633644674922,1.8519767204103212,-0.3046665448981985,-0.03301635898847073,-0.022066426022797486,101300.8727471265,108.68312251160367,0.5311727255358003,0.0,0.0,0.0,0.0,0.0,0.0,0.0,0.0002024321296953874,0.0,2.870617876364262,-0.43728995595867604,95952.24291666601,476.70417641761594,276.4921367312965,60.45867982999683,0.03218124012868339,0.0,21.150822607530536,0.047021507681933604,277.10458150821626,280.60039666390537,0.004813902679206771,272.0491825133443,66.84321558089401,5.362018742969682e-10,1.6903604978572087,-0.3421137397299529,4.378619790816561,-0.3421142318195148,-50.0,0.0,0.0,3.0329001720432597e-05,0.0,0.0,0.0,0.0,0.0,0.0,0.1883724407274842,0.19994669160970238,-4.828202129571162,51.449150745272924,11.754995509518718,0.333941359195986,24.27963118390362,11.692206508599625,14.282273717973283,2.19895416314768,-5.4129415268126255,10.494635195803742,41.775519021076825,32.94540714659265,14.339720743329059,13.244543667196636,1896.3128768546107,79759.93395929661,74655.86903191594,0.0,272.93052222031514,0.0,319.30160281422286,0.0061101383047239026,0.0,0.0,132.8796634999719,63.15371048652042,8.418524639981488,-6.232611113261561,17.55509041053191,-1.313026576877548,37.263675278277745,4116.664899955786,5579.003121903664,8.690916910261935,12.349876815766741,-8.74709968973425,401.00585811632953,4.474635516916246,-6.145837018537385,16.712470363085988,-8.671871312062118,75333.02700430047,733.2234561641369,0.6306313635928609,0.008388749179194611,240.37912571374457,272.55170580039504,236.69554785716363,272.70991013029504
2025-01-29 09:40:00,-8.445022605938354,38.721076725204775,0.00149823504017113,25928.02789924735,-9.405463755701021,-9.884248167196024,0.35211107734283187,6.488002665409233,31.451760186052702,-2.6039181654939476,28.841696303589757,-2.259906194469412,5587.026291203062,254.47363476277332,237.56802161973943,19.629805547014527,-2.0267555132806687,3000.8812322539006,270.1486816948611,252.04188733999646,-0.013589073666973317,12.180099922657247,-2.1568706639527586,1445.0269383431678,276.26359907695695,263.20915950630047,6.495986725101094,-0.9585809777537502,278.21912364599643,270.4651153897975,4.27447903247922,-0.8964084711194957,281.328589087514,274.370696188539,1.8511457233371065,-0.30524408962453026,-0.03305405338148278,-0.023466661153901596,101300.94269435525,108.68923656192757,0.5343812150911665,0.0,0.0,0.0,0.0,0.0,0.0,0.0,0.00020712430208577742,0.0,2.8667387040897294,-0.44050848191811487,95952.48760590423,476.70417641761594,276.4753170218074,60.481249471823865,0.03219215795576286,0.0,21.15998273443628,0.04702511065235242,277.09215890309076,280.58748913926087,0.004815110216689123,272.0501520450693,66.89164350565129,5.368430683083301e-10,1.690623159077351,-0.34219756781204197,4.375748057487161,-0.34219805990160385,-50.0,0.0,0.0,3.0215874485580514e-05,0.0,0.0,0.0,0.0,0.0,0.0,0.1883709754291152,0.19967751993159563,-4.7823686890716575,51.425517586362375,11.754995509518718,0.333941359195986,24.247505390239706,11.692206508599625,14.28963429303483,2.222757510686436,-5.366185844862226,10.50905084399,41.818861001189234,33.0230745825812,14.312540821562989,13.253473802376481,1894.1861898077102,79792.68618595094,74653.01243669979,0.0,272.9678293452646,0.0,319.2332401609478,0.006110833791304686,0.0,0.0,132.63001898547142,62.91110190794277,8.418082371137125,-6.243645300706132,17.57046168960533,-1.3219675037445744,37.29563831058524,4117.193794754999,5579.505413685041,8.681615568961387,12.577286055642777,-8.772201637569083,400.78028555542096,4.553367266079868,-6.2226689083205216,16.988070699229088,-8.66868786439779,75324.62253450007,733.1706776558796,0.6306511346579247,0.008376282910293778,240.38180490023518,272.53773245796464,236.69824811509784,272.6934819795768
2025-01-29 09:45:00,-8.44118507009455,38.75245135399428,0.0014967187037599843,25879.84790889493,-9.406840335242903,-9.885696698433344,0.35196264672798494,6.480820230077522,31.456282725009686,-2.607585832735986,28.844184839047102,-2.2768183920340967,5587.082938561531,254.4744685091789,237.570198308757,19.63893687911189,-2.0416478609767954,3000.9183724033787,270.1523828187976,252.05432125947624,-0.012810242089574563,12.18634365777158,-2.168180971101964,1445.035980250255,276.2652484057264,263.2229773169322,6.4961014853778245,-0.9589855244376498,278.208586614506,270.49134712234115,4.259054057601459,-0.8994835924118809,281.3178795654254,274.37802790958574,1.8503147262638915,-0.30582163435086196,-0.033091747774494834,-0.024866896285005706,101301.012641584,108.69535061225147,0.5375897046465328,0.0,0.0,0.0,0.0,0.0,0.0,0.0,0.00021181647447616743,0.0,2.8628595318151975,-0.44372700787755376,95952.73229514246,476.70417641761594,276.4584973123184,60.503819113650906,0.032203075782842316,0.0,21.16914286134202,0.04702871362277123,277.07973629796527,280.57458161461636,0.004816317754171476,272.0511215767943,66.94007143040857,5.37484262319692e-10,1.6908858202974932,-0.34228139589413104,4.37287632415776,-0.3422818879836929,-50.0,0.0,0.0,3.010274725072843e-05,0.0,0.0,0.0,0.0,0.0,0.0,0.18836951013074624,0.19940834825348885,-4.736535248572153,51.40188442745183,11.754995509518718,0.333941359195986,24.21537959657579,11.692206508599625,14.296994868096379,2.246560858225192,-5.319430162911827,10.523466492176258,41.86220298130164,33.100742018569754,14.285360899796919,13.262403937556329,1892.0595027608097,79825.43841260526,74650.15584148365,0.0,273.00513647021404,0.0,319.1648775076727,0.006111529277885469,0.0,0.0,132.3803744709709,62.66849332936512,8.417640102292761,-6.254679488150702,17.58583296867875,-1.330908430611601,37.327601342892734,4117.722689554212,5580.00770546642,8.67231422766084,12.80469529551881,-8.797303585403915,400.55471299451244,4.632099015243491,-6.299500798103658,17.263671035372184,-8.66550441673346,75316.21806469967,733.1178991476221,0.6306709057229885,0.008363816641392947,240.3844840867258,272.52375911553423,236.70094837303202,272.6770538288586
2025-01-29 09:50:00,-8.437347534250746,38.78382598278378,0.0014952023673488386,25831.667918542513,-9.408216914784784,-9.887145229670665,0.35181421611313807,6.473637794745811,31.46080526396667,-2.6112534999780252,28.846673374504448,-2.2937305895987814,5587.139585919999,254.4753022555845,237.57237499777457,19.64806821120925,-2.0565402086729225,3000.955512552857,270.1560839427341,252.06675517895604,-0.012031410512175806,12.192587392885912,-2.1794912782511697,1445.0450221573424,276.26689773449596,263.23679512756394,6.496216245654556,-0.9593900711215495,278.19804958301546,270.5175788548848,4.243629082723698,-0.902558713704266,281.3071700433369,274.3853596306325,1.8494837291906767,-0.30639917907719366,-0.03312944216750689,-0.02626713141610982,101301.08258881276,108.70146466257536,0.540798194201899,0.0,0.0,0.0,0.0,0.0,0.0,0.0,0.0002165086468665574,0.0,2.858980359540665,-0.4469455338369926,95952.97698438069,476.70417641761594,276.4416776028294,60.52638875547794,0.03221399360992178,0.0,21.178302988247765,0.04703231659319004,277.0673136928398,280.5616740899718,0.004817525291653829,272.0520911085193,66.98849935516584,5.381254563310539e-10,1.6911484815176356,-0.34236522397622005,4.37000459082836,-0.3423657160657819,-50.0,0.0,0.0,2.9989620015876348e-05,0.0,0.0,0.0,0.0,0.0,0.0,0.18836804483237723,0.19913917657538208,-4.690701808072648,51.378251268541284,11.754995509518718,0.333941359195986,24.183253802911874,11.692206508599625,14.304355443157927,2.2703642057639484,-5.2726744809614265,10.537882140362518,41.90554496141405,33.178409454558306,14.258180978030847,13.271334072736174,1889.932815713909,79858.1906392596,74647.29924626752,0.0,273.0424435951635,0.0,319.0965148543977,0.006112224764466253,0.0,0.0,132.13072995647042,62.425884750787475,8.417197833448398,-6.265713675595272,17.601204247752168,-1.3398493574786274,37.35956437520023,4118.251584353424,5580.509997247798,8.663012886360292,13.032104535394843,-8.822405533238747,400.32914043360387,4.710830764407114,-6.376332687886793,17.539271371515284,-8.662320969069132,75307.81359489929,733.0651206393647,0.6306906767880522,0.008351350372492116,240.3871632732164,272.50978577310383,236.70364863096623,272.6606256781404
2025-01-29 09:55:00,-8.433509998406942,38.81520061157329,0.0014936860309376927,25783.48792819009,-9.409593494326666,-9.888593760907986,0.3516657854982912,6.4664553594141,31.465327802923653,-2.614921167220064,28.849161909961794,-2.3106427871634656,5587.196233278467,254.4761360019901,237.57455168679215,19.657199543306614,-2.071432556369049,3000.992652702335,270.1597850666706,252.07918909843585,-0.01125257893477705,12.198831128000245,-2.1908015854003753,1445.0540640644297,276.26854706326543,263.2506129381957,6.496331005931287,-0.9597946178054492,278.18751255152495,270.5438105874284,4.228204107845937,-0.9056338349966512,281.2964605212483,274.3926913516793,1.8486527321174617,-0.3069767238035254,-0.033167136560518944,-0.027667366547213933,101301.15253604151,108.70757871289926,0.5440066837572652,0.0,0.0,0.0,0.0,0.0,0.0,0.0,0.00022120081925694742,0.0,2.855101187266133,-0.4501640597964315,95953.2216736189,476.70417641761594,276.4248578933403,60.54895839730497,0.03222491143700125,0.0,21.187463115153506,0.047035919563608856,277.0548910877143,280.5487665653273,0.004818732829136182,272.05306064024427,67.03692727992312,5.387666503424158e-10,1.6914111427377778,-0.3424490520583091,4.36713285749896,-0.342449544147871,-50.0,0.0,0.0,2.9876492781024265e-05,0.0,0.0,0.0,0.0,0.0,0.0,0.18836657953400826,0.19887000489727533,-4.644868367573143,51.354618109630735,11.754995509518718,0.333941359195986,24.15112800924796,11.692206508599625,14.311716018219474,2.2941675533027044,-5.225918799011026,10.552297788548776,41.94888694152646,33.25607689054686,14.231001056264777,13.28026420791602,1887.8061286670084,79890.94286591394,74644.44265105139,0.0,273.07975072011294,0.0,319.0281522011226,0.006112920251047036,0.0,0.0,131.8810854419699,62.18327617220982,8.416755564604035,-6.276747863039843,17.61657552682559,-1.348790284345654,37.39152740750772,4118.780479152636,5581.012289029176,8.653711545059744,13.259513775270877,-8.84750748107358,400.1035678726953,4.789562513570736,-6.453164577669929,17.814871707658384,-8.659137521404803,75299.40912509889,733.0123421311073,0.630710447853116,0.008338884103591283,240.389842459707,272.4958124306734,236.70634888890044,272.6441975274222
2025-01-29 10:00:00,-8.429672462563138,38.846575240362796,0.001492169694526547,25735.30793783767,-9.410970073868548,-9.890042292145306,0.3515173548834443,6.459272924082389,31.469850341880637,-2.6185888344621024,28.85165044541914,-2.3275549847281503,5587.2528806369355,254.4769697483957,237.57672837580972,19.666330875403975,-2.086324904065176,3001.029792851813,270.1634861906071,252.09162301791565,-0.010473747357378296,12.205074863114579,-2.202111892549581,1445.063105971517,276.2701963920349,263.2644307488274,6.4964457662080175,-0.9601991644893488,278.17697552003443,270.57004231997206,4.212779132968176,-0.9087089562890364,281.28575099915975,274.400023072726,1.847821735044247,-0.3075542685298571,-0.033204830953530995,-0.029067601678318043,101301.22248327026,108.71369276322316,0.5472151733126315,0.0,0.0,0.0,0.0,0.0,0.0,0.0,0.00022589299164733743,0.0,2.8512220149916008,-0.4533825857558703,95953.46636285713,476.70417641761594,276.40803818385126,60.571528039132005,0.032235829264080716,0.0,21.19662324205925,0.04703952253402767,277.0424684825888,280.5358590406828,0.004819940366618534,272.05403017196926,67.0853552046804,5.394078443537777e-10,1.6916738039579202,-0.3425328801403982,4.364261124169559,-0.34253337222996005,-50.0,0.0,0.0,2.9763365546172182e-05,0.0,0.0,0.0,0.0,0.0,0.0,0.18836511423563926,0.19860083321916855,-4.599034927073639,51.330984950720186,11.754995509518718,0.333941359195986,24.119002215584043,11.692206508599625,14.319076593281023,2.3179709008414604,-5.179163117060627,10.566713436735034,41.99222892163887,33.33374432653541,14.203821134498707,13.289194343095865,1885.6794416201078,79923.69509256826,74641.58605583524,0.0,273.1170578450624,0.0,318.95978954784755,0.006113615737627819,0.0,0.0,131.6314409274694,61.94066759363218,8.416313295759672,-6.287782050484413,17.63194680589901,-1.3577312112126805,37.42349043981522,4119.309373951849,5581.514580810554,8.644410203759197,13.48692301514691,-8.872609428908412,399.8779953117867,4.868294262734359,-6.529996467453065,18.090472043801483,-8.655954073740475,75291.00465529849,732.9595636228499,0.6307302189181798,0.008326417834690451,240.39252164619762,272.481839088243,236.70904914683464,272.62776937670395
2025-01-29 10:05:00,-8.423177845388697,38.91319860314802,0.0015183488809139762,25709.948209432616,-9.405250965239143,-9.889088740129122,0.3553827922054063,6.452869239487516,31.46301090531536,-2.62584406028775,28.848332481801286,-2.347255571189497,5587.164071993442,254.46275291940734,237.6068059276841,19.672257014912415,-2.0989100901738262,3001.0144657737906,270.16103760882123,252.0947824024004,-0.011497040347964485,12.206383584541326,-2.217217446671204,1445.085270934344,276.2619095759247,263.2626359947769,6.4932975538886994,-0.9581542427904339,278.16274658769925,270.56645778851384,4.206504790285519,-0.9119229323027069,281.27216551775007,274.3953312575738,1.847888388836038,-0.3089629044916821,-0.03178031379115909,-0.028395110220508123,101301.99106413471,108.77496393901987,0.5478612869073732,0.0,0.0,0.0,0.0,0.0,0.0,0.0,0.00024100748973435567,0.0,2.8504954175863815,-0.45825925662916756,95954.0896098154,476.70417641761594,276.396857426764,60.59422289478836,0.03224659837075926,0.0,21.2041852370332,0.04704187354111848,277.02940798938437,280.52202665597054,0.004818682745791519,272.04750596700484,67.12912881513758,5.399465925794121e-10,1.6910319066282329,-0.34245012370016537,4.36192146248164,-0.3424506513295289,-50.0,0.0,0.0,3.103545616833611e-05,0.0,0.0,0.0,0.0,0.0,0.0,0.1883638777611036,0.1984562524943473,-4.527398497014131,51.27445864461826,11.754995509518718,0.333941359195986,23.974596455940357,11.692196185654149,14.319030376229373,2.3555005683743797,-5.169545631180754,10.576705723500849,41.94289928322016,33.41480643689889,14.198079652197222,13.131312634252968,1883.9884720306438,80118.4625134503,74646.05231318837,0.0,273.1206444431147,0.0,318.91432515485536,0.006112229138595692,0.0,0.0,131.4761536897619,61.8494399889562,8.410992325169492,-6.298937016896418,17.64482663138604,-1.3627677464835226,37.49837256140097,4118.104130262975,5579.893818882697,8.630508293086969,13.729335081585388,-8.875016731045104,399.9209088445718,4.969549147980823,-6.516868961404956,18.22263680221044,-8.663070738596252,75290.5898872227,733.3185121206252,0.6307301751768855,0.00832689898892873,240.37042795399202,272.4216459460908,236.69270005803943,272.56021287688327
2025-01-29 10:10:00,-8.416683228214254,38.97982196593324,0.0015445280673014054,25684.588481027564,-9.399531856609737,-9.888135188112937,0.35924822952736835,6.446465554892642,31.456171468750085,-2.6330992861133975,28.845014518183433,-2.366956157650844,5587.075263349948,254.44853609041897,237.6368834795585,19.67818315442085,-2.1114952762824766,3000.999138695768,270.1585890270353,252.09794178688514,-0.012520333338550675,12.207692305968074,-2.2323230007928263,1445.1074358971712,276.2536227598144,263.26084124072634,6.490149341569381,-0.9561093210915191,278.148517655364,270.56287325705557,4.200230447602862,-0.9151369083163775,281.2585800363404,274.3906394424215,1.8479550426278288,-0.3103715404535071,-0.03035579662878718,-0.0277226187626982,101302.75964499915,108.83623511481659,0.5485074005021151,0.0,0.0,0.0,0.0,0.0,0.0,0.0,0.0002561219878213739,0.0,2.849768820181162,-0.46313592750246474,95954.71285677368,476.70417641761594,276.3856766696767,60.61691775044471,0.03225736747743781,0.0,21.21174723200715,0.04704422454820929,277.01634749617995,280.5081942712582,0.004817425124964504,272.0409817620405,67.17290242559476,5.404853408050465e-10,1.6903900092985453,-0.3423673672599325,4.359581800793722,-0.34236793042909774,-50.0,0.0,0.0,3.230754679050003e-05,0.0,0.0,0.0,0.0,0.0,0.0,0.18836264128656793,0.19831167176952608,-4.455762066954624,51.21793233851633,11.754995509518718,0.333941359195986,23.83019069629667,11.692185862708673,14.31898415917772,2.393030235907299,-5.159928145300881,10.586698010266662,41.893569644801445,33.495868547262376,14.192338169895738,12.97343092541007,1882.2975024411796,80313.22993433232,74650.5185705415,0.0,273.12423104116704,0.0,318.8688607618632,0.006110842539563564,0.0,0.0,131.3208664520544,61.75821238428022,8.40567135457931,-6.310091983308423,17.657706456873065,-1.367804281754365,37.57325468298672,4116.898886574099,5578.27305695484,8.61660638241474,13.971747148023864,-8.877424033181796,399.9638223773568,5.070804033227287,-6.503741455356848,18.3548015606194,-8.67018740345203,75290.17511914692,733.6774606184003,0.6307301314355911,0.008327380143167007,240.34833426178642,272.3614528039386,236.67635096924425,272.4926563770626
2025-01-29 10:15:00,-8.410188611039812,39.04644532871846,0.0015707072536888347,25659.22875262251,-9.393812747980332,-9.887181636096752,0.36311366684933033,6.440061870297769,31.44933203218481,-2.6403545119390452,28.841696554565576,-2.386656744112191,5586.986454706454,254.4343192614306,237.66696103143286,19.68410929392929,-2.1240804623911274,3000.9838116177452,270.15614044524943,252.10110117136992,-0.013543626329136867,12.209001027394821,-2.2474285549144493,1445.1296008599984,276.24533594370416,263.25904648667586,6.4870011292500624,-0.9540643993926042,278.1342887230288,270.55928872559736,4.193956104920204,-0.9183508843300481,281.2449945549307,274.3859476272693,1.8480216964196199,-0.3117801764153321,-0.02893127946641527,-0.02705012730488828,101303.5282258636,108.8975062906133,0.5491535140968569,0.0,0.0,0.0,0.0,0.0,0.0,0.0,0.00027123648590839214,0.0,2.8490422227759433,-0.468012598375762,95955.33610373196,476.70417641761594,276.3744959125894,60.63961260610107,0.03226813658411635,0.0,21.2193092269811,0.04704657555530011,277.0032870029756,280.4943618865459,0.004816167504137489,272.03445755707605,67.21667603605194,5.410240890306809e-10,1.689748111968858,-0.34228461081969963,4.357242139105804,-0.3422852095286666,-50.0,0.0,0.0,3.3579637412663956e-05,0.0,0.0,0.0,0.0,0.0,0.0,0.18836140481203228,0.1981670910447048,-4.384125636895117,51.161406032414405,11.754995509518718,0.333941359195986,23.685784936652983,11.692175539763198,14.31893794212607,2.4305599034402183,-5.150310659421009,10.596690297032477,41.84424000638273,33.576930657625866,14.186596687594252,12.815549216567172,1880.6065328517157,80507.99735521436,74654.98482789463,0.0,273.12781763921936,0.0,318.823396368871,0.006109455940531436,0.0,0.0,131.16557921434685,61.66698477960424,8.40035038398913,-6.321246949720429,17.670586282360095,-1.372840817025207,37.648136804572474,4115.693642885224,5576.652295026983,8.602704471742511,14.214159214462342,-8.879831335318489,400.00673591014186,5.17205891847375,-6.490613949308739,18.486966319028355,-8.677304068307805,75289.76035107113,734.0364091161756,0.6307300876942966,0.008327861297405283,240.3262405695808,272.3012596617864,236.66000188044904,272.4250998772419
2025-01-29 10:20:00,-8.403693993865371,39.11306869150368,0.001596886440076264,25633.869024217456,-9.388093639350927,-9.886228084080566,0.3669791041712923,6.433658185702896,31.442492595619534,-2.6476097377646926,28.838378590947723,-2.4063573305735377,5586.89764606296,254.42010243244223,237.69703858330723,19.69003543343773,-2.1366656484997777,3000.968484539723,270.15369186346356,252.10426055585467,-0.014566919319723055,12.210309748821569,-2.262534109036072,1445.1517658228254,276.2370491275939,263.2572517326253,6.483852916930744,-0.9520194776936893,278.1200597906936,270.5557041941391,4.187681762237546,-0.9215648603437188,281.2314090735211,274.38125581211705,1.848088350211411,-0.3131888123771571,-0.027506762304043364,-0.026377635847078362,101304.29680672805,108.95877746641001,0.5497996276915987,0.0,0.0,0.0,0.0,0.0,0.0,0.0,0.0002863509839954104,0.0,2.848315625370724,-0.4728892692490592,95955.95935069023,476.70417641761594,276.3633151555021,60.66230746175742,0.03227890569079489,0.0,21.22687122195505,0.04704892656239092,276.99022650977116,280.48052950183364,0.004814909883310474,272.0279333521117,67.26044964650912,5.415628372563153e-10,1.6891062146391707,-0.3422018543794668,4.354902477417886,-0.34220248862823544,-50.0,0.0,0.0,3.485172803482788e-05,0.0,0.0,0.0,0.0,0.0,0.0,0.18836016833749664,0.19802251031988358,-4.312489206835609,51.104879726312475,11.754995509518718,0.333941359195986,23.541379177009297,11.692165216817722,14.318891725074417,2.4680895709731376,-5.140693173541136,10.606682583798293,41.794910367964015,33.65799276798935,14.180855205292767,12.657667507724275,1878.9155632622515,80702.76477609639,74659.45108524777,0.0,273.1314042372717,0.0,318.7779319758788,0.006108069341499309,0.0,0.0,131.01029197663934,61.57575717492826,8.395029413398948,-6.332401916132434,17.68346610784712,-1.3778773522960492,37.723018926158225,4114.48839919635,5575.031533099125,8.588802561070283,14.45657128090082,-8.882238637455181,400.0496494429269,5.273313803720215,-6.47748644326063,18.619131077437313,-8.684420733163583,75289.34558299535,734.3953576139509,0.6307300439530023,0.008328342451643562,240.3041468773752,272.24106651963416,236.64365279165384,272.3575433774212
2025-01-29 10:25:00,-8.39719937669093,39.1796920542889,0.0016230656264636931,25608.5092958124,-9.382374530721522,-9.885274532064381,0.3708445414932543,6.427254501108023,31.435653159054258,-2.6548649635903403,28.83506062732987,-2.4260579170348846,5586.808837419467,254.40588560345387,237.7271161351816,19.695961572946167,-2.149250834608428,3000.9531574617004,270.1512432816777,252.1074199403394,-0.015590212310309246,12.211618470248316,-2.2776396631576947,1445.1739307856524,276.22876231148365,263.2554569785748,6.480704704611426,-0.9499745559947745,278.1058308583584,270.55211966268087,4.18140741955489,-0.9247788363573893,281.2178235921114,274.37656399696476,1.8481550040032018,-0.3145974483389821,-0.026082245141671456,-0.025705144389268443,101305.06538759249,109.02004864220672,0.5504457412863405,0.0,0.0,0.0,0.0,0.0,0.0,0.0,0.00030146548208242856,0.0,2.8475890279655047,-0.4777659401223564,95956.5825976485,476.70417641761594,276.3521343984148,60.685002317413776,0.03228967479747343,0.0,21.234433216929002,0.047051277569481735,276.97716601656674,280.4666971171214,0.004813652262483459,272.02140914714727,67.3042232569663,5.421015854819497e-10,1.688464317309483,-0.342119097939234,4.352562815729967,-0.3421197677278043,-50.0,0.0,0.0,3.61238186569918e-05,0.0,0.0,0.0,0.0,0.0,0.0,0.18835893186296096,0.19787792959506234,-4.2408527767761015,51.048353420210546,11.754995509518718,0.333941359195986,23.396973417365608,11.692154893872246,14.318845508022767,2.505619238506057,-5.131075687661263,10.616674870564106,41.7455807295453,33.73905487835283,14.175113722991282,12.499785798881378,1877.2245936727875,80897.53219697843,74663.9173426009,0.0,273.134990835324,0.0,318.7324675828866,0.006106682742467181,0.0,0.0,130.85500473893183,61.484529570252285,8.389708442808768,-6.343556882544439,17.69634593333415,-1.3829138875668916,37.79790104774398,4113.283155507475,5573.410771171268,8.574900650398055,14.698983347339295,-8.884645939591874,400.092562975712,5.374568688966678,-6.464358937212522,18.75129583584627,-8.69153739801936,75288.93081491957,734.7543061117261,0.6307300002117079,0.00832882360588184,240.2820531851696,272.18087337748193,236.62730370285863,272.28998687760054
2025-01-29 10:30:00,-8.390704759516488,39.24631541707412,0.0016492448128511226,25583.149567407345,-9.376655422092117,-9.884320980048196,0.3747099788152163,6.42085081651315,31.428813722488982,-2.6621201894159876,28.831742663712014,-2.4457585034962315,5586.720028775973,254.3916687744655,237.75719368705597,19.701887712454607,-2.1618360207170784,3000.9378303836775,270.1487946998918,252.1105793248242,-0.016613505300895434,12.212927191675064,-2.2927452172793177,1445.1960957484796,276.2204754953734,263.2536622245243,6.477556492292108,-0.9479296342958596,278.09160192602315,270.5485351312226,4.175133076872232,-0.9279928123710599,281.20423811070174,274.37187218181253,1.8482216577949928,-0.3160060843008071,-0.02465772797929955,-0.025032652931458524,101305.83396845692,109.08131981800344,0.5510918548810824,0.0,0.0,0.0,0.0,0.0,0.0,0.0,0.0003165799801694468,0.0,2.846862430560286,-0.48264261099565364,95957.20584460677,476.70417641761594,276.3409536413275,60.70769717307013,0.032300443904151974,0.0,21.241995211902953,0.047053628576572554,276.9641055233624,280.45286473240907,0.004812394641656444,272.0148849421829,67.34799686742346,5.426403337075841e-10,1.6878224199797958,-0.34203634149900114,4.350223154042048,-0.3420370468273731,-50.0,0.0,0.0,3.739590927915573e-05,0.0,0.0,0.0,0.0,0.0,0.0,0.1883576953884253,0.19773334887024108,-4.169216346716595,50.99182711410862,11.754995509518718,0.333941359195986,23.252567657721922,11.692144570926772,14.318799290971114,2.543148906038976,-5.12145820178139,10.626667157329921,41.696251091126584,33.82011698871632,14.169372240689796,12.34190409003848,1875.5336240833235,81092.29961786047,74668.38359995402,0.0,273.1385774333763,0.0,318.6870031898944,0.006105296143435053,0.0,0.0,130.6997175012243,61.3933019655763,8.384387472218588,-6.354711848956444,17.709225758821177,-1.3879504228377337,37.87278316932972,4112.0779118186,5571.79000924341,8.560998739725825,14.941395413777773,-8.887053241728566,400.13547650849705,5.475823574213142,-6.4512314311644126,18.88346059425523,-8.698654062875136,75288.51604684378,735.1132546095014,0.6307299564704134,0.008329304760120117,240.25995949296396,272.1206802353297,236.61095461406342,272.2224303777798
2025-01-29 10:35:00,-8.384210142342045,39.312938779859344,0.0016754239992385518,25557.789839002293,-9.370936313462714,-9.883367428032011,0.3785754161371783,6.414447131918276,31.42197428592371,-2.6693754152416354,28.82842470009416,-2.4654590899575783,5586.631220132479,254.37745194547713,237.78727123893037,19.707813851963042,-2.1744212068257287,3000.922503305655,270.1463461181059,252.11373870930893,-0.017636798291481626,12.214235913101811,-2.3078507714009406,1445.2182607113068,276.21218867926314,263.25186747047377,6.47440827997279,-0.9458847125969447,278.07737299368796,270.5449505997644,4.168858734189574,-0.9312067883847305,281.19065262929206,274.3671803666603,1.8482883115867839,-0.31741472026263207,-0.02323321081692764,-0.0243601614736486,101306.60254932137,109.14259099380014,0.5517379684758241,0.0,0.0,0.0,0.0,0.0,0.0,0.0,0.00033169447825646503,0.0,2.8461358331550666,-0.4875192818689509,95957.82909156504,476.70417641761594,276.3297728842402,60.73039202872648,0.03231121301083052,0.0,21.2495572068769,0.047055979583663365,276.95104503015796,280.43903234769675,0.004811137020829429,272.0083607372185,67.39177047788064,5.431790819332184e-10,1.6871805226501084,-0.3419535850587683,4.34788349235413,-0.341954325926942,-50.0,0.0,0.0,3.866799990131965e-05,0.0,0.0,0.0,0.0,0.0,0.0,0.18835645891388966,0.19758876814541984,-4.097579916657088,50.93530080800669,11.754995509518718,0.333941359195986,23.108161898078237,11.692134247981295,14.318753073919464,2.5806785735718956,-5.111840715901518,10.636659444095736,41.64692145270787,33.901179099079805,14.163630758388312,12.184022381195582,1873.8426544938593,81287.06703874249,74672.84985730716,0.0,273.14216403142865,0.0,318.6415387969022,0.006103909544402927,0.0,0.0,130.5444302635168,61.30207436090032,8.379066501628406,-6.365866815368449,17.722105584308206,-1.3929869581085759,37.947665290915474,4110.872668129725,5570.169247315554,8.547096829053597,15.18380748021625,-8.889460543865257,400.17839004128206,5.577078459459606,-6.4381039251163035,19.015625352664188,-8.705770727730913,75288.101278768,735.4722031072765,0.630729912729119,0.008329785914358394,240.23786580075836,272.0604870931775,236.59460552526824,272.1548738779591
2025-01-29 10:40:00,-8.377715525167604,39.379562142644566,0.001701603185625981,25532.430110597237,-9.365217204833309,-9.882413876015827,0.3824408534591403,6.408043447323403,31.415134849358434,-2.676630641067283,28.825106736476307,-2.485159676418925,5586.542411488986,254.36323511648877,237.81734879080474,19.71373999147148,-2.187006392934379,3000.9071762276326,270.14389753632,252.11689809379368,-0.018660091282067817,12.215544634528559,-2.322956325522563,1445.2404256741338,276.2039018631529,263.25007271642323,6.471260067653472,-0.9438397908980299,278.0631440613528,270.54136606830616,4.162584391506917,-0.934420764398401,281.1770671478824,274.362488551508,1.8483549653785747,-0.31882335622445707,-0.021808693654555733,-0.023687670015838682,101307.37113018581,109.20386216959685,0.5523840820705659,0.0,0.0,0.0,0.0,0.0,0.0,0.0,0.00034680897634348326,0.0,2.8454092357498473,-0.49239595274224807,95958.45233852332,476.70417641761594,276.3185921271529,60.75308688438283,0.032321982117509064,0.0,21.257119201850852,0.04705833059075418,276.93798453695354,280.4251999629845,0.004809879400002414,272.00183653225406,67.43554408833782,5.437178301588528e-10,1.6865386253204209,-0.34187082861853546,4.3455438306662115,-0.34187160502651087,-50.0,0.0,0.0,3.994009052348357e-05,0.0,0.0,0.0,0.0,0.0,0.0,0.188355222439354,0.1974441874205986,-4.02594348659758,50.87877450190476,11.754995509518718,0.333941359195986,22.963756138434547,11.692123925035819,14.318706856867813,2.6182082411048144,-5.102223230021645,10.64665173086155,41.59759181428916,33.98224120944329,14.157889276086827,12.026140672352685,1872.1516849043953,81481.83445962453,74677.31611466028,0.0,273.145750629481,0.0,318.59607440391,0.006102522945370799,0.0,0.0,130.3891430258093,61.21084675622434,8.373745531038226,-6.377021781780454,17.734985409795236,-1.3980234933794182,38.022547412501225,4109.6674244408505,5568.548485387696,8.53319491838137,15.426219546654726,-8.891867846001949,400.2213035740671,5.678333344706069,-6.424976419068195,19.147790111073146,-8.71288739258669,75287.68651069222,735.8311516050518,0.6307298689878247,0.008330267068596672,240.21577210855276,272.0002939510253,236.57825643647303,272.08731737813844
2025-01-29 10:45:00,-8.371220907993163,39.44618550542978,0.0017277823720134103,25507.070382192185,-9.359498096203904,-9.88146032399964,0.3863062907811023,6.40163976272853,31.40829541279316,-2.6838858668929304,28.821788772858454,-2.504860262880272,5586.453602845491,254.3490182875004,237.8474263426791,19.71966613097992,-2.1995915790430294,3000.89184914961,270.14144895453416,252.12005747827843,-0.019683384272654005,12.216853355955307,-2.338061879644186,1445.2625906369608,276.1956150470426,263.2482779623727,6.468111855334154,-0.941794869199115,278.04891512901753,270.5377815368479,4.15631004882426,-0.9376347404120717,281.16348166647276,274.3577967363558,1.8484216191703657,-0.32023199218628207,-0.020384176492183825,-0.023015178558028763,101308.13971105026,109.26513334539356,0.5530301956653078,0.0,0.0,0.0,0.0,0.0,0.0,0.0,0.0003619234744305015,0.0,2.844682638344628,-0.4972726236155453,95959.0755854816,476.70417641761594,276.3074113700656,60.775781740039186,0.032332751224187606,0.0,21.264681196824803,0.04706068159784499,276.9249240437491,280.41136757827223,0.0048086217791753995,271.9953123272897,67.479317698795,5.442565783844872e-10,1.6858967279907335,-0.34178807217830265,4.343204168978294,-0.3417888841260797,-50.0,0.0,0.0,4.12121811456475e-05,0.0,0.0,0.0,0.0,0.0,0.0,0.18835398596481834,0.19729960669577737,-3.9543070565380725,50.82224819580283,11.754995509518718,0.333941359195986,22.819350378790862,11.692113602090343,14.31866063981616,2.6557379086377337,-5.092605744141772,10.656644017627364,41.54826217587045,34.06330331980677,14.152147793785343,11.868258963509788,1870.4607153149311,81676.60188050655,74681.78237201342,0.0,273.1493372275333,0.0,318.5506100109178,0.006101136346338671,0.0,0.0,130.23385578810178,61.11961915154836,8.368424560448045,-6.388176748192459,17.747865235282262,-1.4030600286502604,38.09742953408698,4108.462180751976,5566.9277234598385,8.519293007709141,15.668631613093204,-8.894275148138641,400.2642171068522,5.779588229952534,-6.411848913020086,19.279954869482104,-8.720004057442468,75287.27174261643,736.190100102827,0.6307298252465303,0.00833074822283495,240.19367841634715,271.94010080887307,236.56190734767782,272.01976087831775
2025-01-29 10:50:00,-8.36472629081872,39.512808868215004,0.0017539615584008395,25481.71065378713,-9.353778987574499,-9.880506771983455,0.39017172810306433,6.395236078133657,31.401455976227883,-2.691141092718578,28.8184708092406,-2.524560849341619,5586.364794201998,254.33480145851203,237.8775038945535,19.725592270488356,-2.21217676515168,3000.8765220715877,270.1390003727482,252.12321686276317,-0.020706677263240193,12.218162077382054,-2.353167433765809,1445.284755599788,276.1873282309324,263.24648320832216,6.464963643014835,-0.9397499475002001,278.03468619668234,270.5341970053897,4.150035706141602,-0.9408487164257423,281.1498961850631,274.35310492120357,1.8484882729621568,-0.32164062814810707,-0.018959659329811918,-0.02234268710021884,101308.9082919147,109.32640452119027,0.5536763092600495,0.0,0.0,0.0,0.0,0.0,0.0,0.0,0.00037703797251751974,0.0,2.8439560409394087,-0.5021492944888425,95959.69883243987,476.70417641761594,276.2962306129783,60.79847659569554,0.032343520330866155,0.0,21.27224319179875,0.0470630326049358,276.9118635505447,280.3975351935599,0.0048073641583483845,271.9887881223253,67.52309130925218,5.447953266101216e-10,1.6852548306610462,-0.3417053157380698,4.340864507290375,-0.34170616322564856,-50.0,0.0,0.0,4.248427176781142e-05,0.0,0.0,0.0,0.0,0.0,0.0,0.1883527494902827,0.19715502597095613,-3.882670626478565,50.765721889700906,11.754995509518718,0.333941359195986,22.674944619147176,11.692103279144867,14.31861442276451,2.693267576170653,-5.082988258261899,10.66663630439318,41.498932537451736,34.144365430170254,14.146406311483858,11.710377254666891,1868.7697457254671,81871.3693013886,74686.24862936654,0.0,273.1529238255856,0.0,318.5051456179256,0.006099749747306544,0.0,0.0,130.07856855039424,61.028391546872385,8.363103589857865,-6.399331714604465,17.760745060769292,-1.4080965639211025,38.17231165567273,4107.256937063101,5565.306961531982,8.505391097036913,15.911043679531682,-8.896682450275334,400.3071306396372,5.8808431151989975,-6.398721406971977,19.41211962789106,-8.727120722298245,75286.85697454064,736.5490486006022,0.630729781505236,0.008331229377073228,240.17158472414155,271.8799076667209,236.54555825888264,271.9522043784971
2025-01-29 10:55:00,-8.358231673644278,39.579432231000226,0.0017801407447882688,25456.350925382078,-9.348059878945094,-9.87955321996727,0.3940371654250263,6.388832393538784,31.394616539662607,-2.6983963185442255,28.815152845622745,-2.544261435802966,5586.275985558504,254.32058462952367,237.90758144642788,19.731518409996795,-2.2247619512603305,3000.861194993565,270.13655179096236,252.12637624724795,-0.021729970253826385,12.219470798808802,-2.3682729878874316,1445.3069205626152,276.1790414148221,263.2446884542717,6.461815430695517,-0.9377050258012853,278.0204572643471,270.5306124739314,4.143761363458945,-0.9440626924394129,281.1363107036534,274.3484131060513,1.8485549267539476,-0.32304926410993207,-0.017535142167440013,-0.02167019564240892,101309.67687277915,109.38767569698699,0.5543224228547914,0.0,0.0,0.0,0.0,0.0,0.0,0.0,0.000392152470604538,0.0,2.84322944353419,-0.5070259653621397,95960.32207939815,476.70417641761594,276.28504985589103,60.821171451351894,0.032354289437544696,0.0,21.279805186772702,0.04706538361202662,276.89880305734033,280.3837028088476,0.0048061065375213695,271.9822639173609,67.56686491970936,5.45334074835756e-10,1.6846129333313586,-0.3416225592978369,4.338524845602457,-0.3416234423252174,-50.0,0.0,0.0,4.375636238997535e-05,0.0,0.0,0.0,0.0,0.0,0.0,0.188351513015747,0.19701044524613487,-3.8110341964190577,50.70919558359898,11.754995509518718,0.333941359195986,22.530538859503487,11.692092956199392,14.318568205712857,2.7307972437035724,-5.0733707723820265,10.676628591158993,41.44960289903302,34.225427540533744,14.140664829182372,11.552495545823993,1867.078776136003,82066.13672227062,74690.71488671968,0.0,273.15651042363794,0.0,318.45968122493343,0.006098363148274416,0.0,0.0,129.92328131268673,60.937163942196406,8.357782619267683,-6.41048668101647,17.773624886256318,-1.4131330991919449,38.24719377725848,4106.051693374226,5563.686199604124,8.491489186364683,16.15345574597016,-8.899089752412026,400.35004417242226,5.982098000445461,-6.385593900923869,19.544284386300017,-8.734237387154021,75286.44220646487,736.9079970983775,0.6307297377639415,0.008331710531311504,240.14949103193592,271.81971452456867,236.52920917008743,271.8846478786764
2025-01-29 11:00:00,-8.351737056469837,39.64605559378545,0.001806319931175698,25430.991196977022,-9.342340770315689,-9.878599667951086,0.3979026027469883,6.382428708943911,31.38777710309733,-2.705651544369873,28.81183488200489,-2.5639620222643127,5586.18717691501,254.3063678005353,237.93765899830225,19.737444549505234,-2.237347137368981,3000.8458679155424,270.1341032091765,252.1295356317327,-0.022753263244412576,12.22077952023555,-2.3833785420090545,1445.3290855254422,276.1707545987119,263.24289370022115,6.458667218376199,-0.9356601041023704,278.0062283320119,270.5270279424732,4.1374870207762875,-0.9472766684530834,281.12272522224373,274.34372129089905,1.8486215805457387,-0.32445790007175707,-0.016110625005068106,-0.020997704184599,101310.4454536436,109.4489468727837,0.5549685364495331,0.0,0.0,0.0,0.0,0.0,0.0,0.0,0.0004072669686915562,0.0,2.8425028461289705,-0.511902636235437,95960.94532635642,476.70417641761594,276.27386909880374,60.84386630700825,0.03236505854422324,0.0,21.287367181746653,0.04706773461911743,276.8857425641359,280.36987042413534,0.0048048489166943546,271.9757397123965,67.61063853016654,5.458728230613904e-10,1.6839710360016713,-0.3415398028576041,4.336185183914538,-0.34154072142478625,-50.0,0.0,0.0,4.502845301213927e-05,0.0,0.0,0.0,0.0,0.0,0.0,0.18835027654121136,0.19686586452131363,-3.7393977663595503,50.65266927749705,11.754995509518718,0.333941359195986,22.3861330998598,11.692082633253916,14.318521988661207,2.7683269112364917,-5.063753286502154,10.686620877924808,41.400273260614306,34.30648965089723,14.134923346880887,11.394613836981096,1865.387806546539,82260.90414315266,74695.1811440728,0.0,273.16009702169026,0.0,318.41421683194125,0.006096976549242288,0.0,0.0,129.7679940749792,60.84593633752043,8.352461648677503,-6.4216416474284745,17.786504711743348,-1.418169634462787,38.32207589884423,4104.846449685351,5562.065437676267,8.477587275692455,16.395867812408635,-8.901497054548718,400.3929577052073,6.083352885691925,-6.37246639487576,19.676449144708975,-8.741354052009799,75286.02743838908,737.2669455961527,0.6307296940226471,0.008332191685549783,240.12739733973032,271.75952138241644,236.51286008129222,271.8170913788557
2025-01-29 11:05:00,-8.354238260230257,39.632472246586126,0.0018096728763557835,25414.50831810699,-9.345453223125393,-9.878271140758086,0.39595877789797884,6.388008841861148,31.386414078351084,-2.706743404324728,28.80458846378481,-2.5767638430848123,5586.341171711093,254.30995837446665,237.93803687294908,19.73416624031799,-2.255210093378305,3000.984532291025,270.13462568643683,252.11685312500921,-0.022866980829753875,12.21490780849995,-2.3934491654391987,1445.4568567513893,276.17073260165773,263.2392288778787,6.458422470557996,-0.9294216825241957,277.99862379865584,270.52785677063355,4.124810675624601,-0.9443185634519118,281.1142078748978,274.3422798974366,1.8443551449992812,-0.32274698029824167,-0.01663359604553016,-0.01987205543719146,101312.07235851136,109.58340308667933,0.5542916809263286,0.0,0.0,0.0,0.0,0.0,0.0,0.0,0.0004177204819310837,0.0,2.8350190666428943,-0.50992506810843,95962.62390946392,476.70417641761594,276.25935413394035,60.866334547766634,0.03237858772657772,0.0,21.296462002899872,0.04707113874161195,276.8763666679078,280.35890533014145,0.004804022472177475,271.9709859565966,67.62250263016404,5.465633850722862e-10,1.6801596681250572,-0.34029101763997954,4.340252652996324,-0.3402919143365145,-50.0,0.0,0.0,4.6610746571163684e-05,0.0,0.0,0.0,0.0,0.0,0.0,0.18834593770224878,0.19696686798159996,-3.7778747959687324,50.677353758418235,11.754995509518718,0.333941359195986,22.567284171267815,11.692082633253916,14.330063509734975,2.7704547546174627,-5.064449079271998,10.686956607123356,41.500221637138665,34.39185476735492,14.09229566210585,11.401684573477764,1865.3945373134598,82212.15606996318,74694.72088067673,0.19165700596438792,273.1661723331764,0.016381497484963054,318.3567449093467,0.006096867196006316,1.8167976805916204,0.10434091842371074,129.77220942351948,60.80256741714481,8.345060812258835,-6.42574653491303,17.792935581704008,-1.4354204522473317,38.33167278257445,4105.003624841066,5563.446952220334,8.481185263977837,16.438427654436076,-8.912453548932424,400.1683806783925,6.1081841623970785,-6.370100603227443,19.712913199950382,-8.735452126640496,75283.29784164707,738.0267770207034,0.6307297377639415,0.008332322909432949,240.1441092587998,271.776627526145,236.53026163767407,271.83258540230787
2025-01-29 11:10:00,-8.35673946399068,39.6188888993868,0.001813025821535869,25398.025439236957,-9.348565675935097,-9.877942613565086,0.39401495304896944,6.393588974778386,31.385051053604833,-2.707835264279583,28.797342045564733,-2.589565663905312,5586.495166507177,254.313548948398,237.9384147475959,19.73088793113074,-2.273073049387629,3001.1231966665073,270.1351481636972,252.10417061828574,-0.022980698415095178,12.20903609676435,-2.403519788869343,1445.5846279773361,276.1707106046035,263.2355640555363,6.458177722739792,-0.9231832609460209,277.9910192652998,270.5286855987939,4.112134330472914,-0.9413604584507402,281.1056905275519,274.3408385039741,1.8400887094528238,-0.3210360605247263,-0.017156567085992218,-0.018746406689783914,101313.69926337911,109.71785930057497,0.5536148254031241,0.0,0.0,0.0,0.0,0.0,0.0,0.0,0.0004281739951706112,0.0,2.8275352871568176,-0.5079474999814231,95964.30249257141,476.70417641761594,276.24483916907695,60.88880278852501,0.0323921169089322,0.0,21.30555682405309,0.04707454286410647,276.86699077167964,280.3479402361476,0.004803196027660594,271.96623220079675,67.63436673016153,5.47253947083182e-10,1.6763483002484434,-0.339042232422355,4.344320122078111,-0.33904310724824277,-50.0,0.0,0.0,4.8193040130188104e-05,0.0,0.0,0.0,0.0,0.0,0.0,0.18834159886328622,0.19706787144188626,-3.8163518255779145,50.702038239339416,11.754995509518718,0.333941359195986,22.74843524267583,11.692082633253916,14.341605030808743,2.7725825979984338,-5.0651448720418415,10.687292336321907,41.60017001366303,34.47721988381262,14.049667977330811,11.408755309974433,1865.4012680803803,82163.40799677369,74694.26061728064,0.38331401192877584,273.17224764466255,0.03276299496992611,318.29927298675204,0.006096757842770344,3.633595361183241,0.20868183684742148,129.77642477205973,60.75919849676919,8.337659975840166,-6.429851422397585,17.799366451664667,-1.4526712700318765,38.34126966630466,4105.16079999678,5564.828466764402,8.484783252263219,16.480987496463516,-8.923410043316128,399.9438036515777,6.133015439102232,-6.367734811579125,19.749377255191785,-8.729550201271191,75280.56824490507,738.7866084452542,0.630729781505236,0.008332454133316116,240.16082117786928,271.7937336698735,236.5476631940559,271.84807942576003
2025-01-29 11:15:00,-8.359240667751102,39.605305552187474,0.0018163787667159546,25381.54256036692,-9.351678128744801,-9.877614086372084,0.39207112819996004,6.399169107695624,31.383688028858586,-2.708927124234438,28.79009562734465,-2.6023674847258116,5586.6491613032595,254.31713952232934,237.93879262224272,19.727609621943497,-2.2909360053969534,3001.2618610419895,270.1356706409575,252.09148811156228,-0.023094416000436477,12.203164385028751,-2.413590412299487,1445.7123992032832,276.1706886075494,263.2318992331939,6.457932974921588,-0.9169448393678461,277.98341473194375,270.52951442695434,4.099457985321228,-0.9384023534495687,281.0971731802059,274.33939711051164,1.8358222739063663,-0.3193251407512109,-0.017679538126454272,-0.017620757942376372,101315.32616824687,109.8523155144706,0.5529379698799197,0.0,0.0,0.0,0.0,0.0,0.0,0.0,0.00043862750841013867,0.0,2.8200515076707413,-0.5059699318544161,95965.98107567891,476.70417641761594,276.2303242042136,60.9112710292834,0.03240564609128668,0.0,21.31465164520631,0.04707794698660099,276.85761487545153,280.33697514215373,0.004802369583143715,271.9614784449969,67.64623083015903,5.479445090940778e-10,1.6725369323718293,-0.3377934472047305,4.348387591159897,-0.33779430015997103,-50.0,0.0,0.0,4.9775333689212516e-05,0.0,0.0,0.0,0.0,0.0,0.0,0.18833726002432366,0.19716887490217258,-3.8548288551870966,50.7267227202606,11.754995509518718,0.333941359195986,22.929586314083842,11.692082633253916,14.353146551882512,2.774710441379405,-5.065840664811686,10.687628065520457,41.70011839018739,34.56258500027032,14.007040292555775,11.415826046471102,1865.4079988473009,82114.6599235842,74693.80035388457,0.5749710178931637,273.1783229561487,0.049144492454889166,318.24180106415747,0.006096648489534372,5.450393041774861,0.3130227552711322,129.7806401206,60.71582957639356,8.330259139421498,-6.433956309882139,17.805797321625327,-1.4699220878164212,38.35086655003488,4105.317975152495,5566.209981308471,8.4883812405486,16.523547338490957,-8.934366537699834,399.7192266247629,6.157846715807386,-6.365369019930808,19.78584131043319,-8.723648275901889,75277.83864816304,739.5464398698049,0.6307298252465303,0.008332585357199282,240.17753309693876,271.81083981360206,236.56506475043776,271.8635734492122
2025-01-29 11:20:00,-8.361741871511523,39.59172220498815,0.00181973171189604,25365.05968149689,-9.354790581554507,-9.877285559179084,0.3901273033509506,6.404749240612861,31.38232500411234,-2.7100189841892925,28.782849209124574,-2.615169305546311,5586.803156099343,254.3207300962607,237.93917049688955,19.724331312756252,-2.308798961406278,3001.400525417472,270.1361931182178,252.0788056048388,-0.023208133585777776,12.197292673293152,-2.4236610357296313,1445.84017042923,276.17066661049523,263.2282344108515,6.457688227103385,-0.9107064177896713,277.97581019858774,270.5303432551147,4.086781640169542,-0.935444248448397,281.08865583286,274.33795571704917,1.8315558383599087,-0.3176142209776954,-0.018202509166916327,-0.016495109194968827,101316.95307311462,109.98677172836624,0.5522611143567152,0.0,0.0,0.0,0.0,0.0,0.0,0.0,0.0004490810216496662,0.0,2.8125677281846646,-0.5039923637274092,95967.6596587864,476.70417641761594,276.2158092393502,60.93373927004178,0.03241917527364117,0.0,21.323746466359534,0.04708135110909552,276.8482389792234,280.3260100481599,0.004801543138626834,271.956724689197,67.65809493015654,5.486350711049735e-10,1.6687255644952153,-0.3365446619871059,4.352455060241683,-0.3365454930716993,-50.0,0.0,0.0,5.1357627248236935e-05,0.0,0.0,0.0,0.0,0.0,0.0,0.18833292118536107,0.1972698783624589,-3.8933058847962783,50.751407201181785,11.754995509518718,0.333941359195986,23.110737385491852,11.692082633253916,14.36468807295628,2.776838284760376,-5.06653645758153,10.687963794719005,41.80006676671176,34.64795011672802,13.964412607780737,11.42289678296777,1865.4147296142216,82065.91185039472,74693.34009048849,0.7666280238575517,273.1843982676348,0.06552598993985222,318.1843291415629,0.006096539136298399,7.267190722366482,0.41736367369484295,129.78485546914024,60.67246065601794,8.32285830300283,-6.438061197366694,17.81222819158599,-1.4871729056009662,38.3604634337651,4105.47515030821,5567.591495852538,8.491979228833982,16.566107180518397,-8.94532303208354,399.49464959794807,6.18267799251254,-6.363003228282491,19.822305365674598,-8.717746350532584,75275.10905142104,740.3062712943556,0.6307298689878247,0.00833271658108245,240.19424501600824,271.8279459573306,236.5824663068196,271.87906747266436
2025-01-29 11:25:00,-8.364243075271943,39.57813885778883,0.0018230846570761255,25348.576802626856,-9.357903034364211,-9.876957031986084,0.3881834785019411,6.410329373530099,31.38096197936609,-2.711110844144147,28.775602790904493,-2.627971126366811,5586.957150895426,254.32432067019204,237.93954837153638,19.721053003569004,-2.3266619174156022,3001.539189792955,270.13671559547817,252.06612309811533,-0.02332185117111908,12.191420961557553,-2.4337316591597755,1445.9679416551771,276.170644613441,263.22456958850904,6.457443479285181,-0.9044679962114965,277.96820566523166,270.53117208327507,4.074105295017855,-0.9324861434472254,281.08013848551406,274.3365143235867,1.8272894028134512,-0.31590330120418003,-0.01872548020737838,-0.015369460447561285,101318.57997798239,110.12122794226188,0.5515842588335107,0.0,0.0,0.0,0.0,0.0,0.0,0.0,0.0004595345348891937,0.0,2.8050839486985883,-0.5020147956004022,95969.3382418939,476.70417641761594,276.2012942744868,60.95620751080016,0.032432704455995644,0.0,21.332841287512753,0.04708475523159004,276.83886308299526,280.315044954166,0.004800716694109954,271.95197093339715,67.66995903015403,5.493256331158694e-10,1.6649141966186014,-0.33529587676948136,4.356522529323469,-0.33529668598342754,-50.0,0.0,0.0,5.293992080726135e-05,0.0,0.0,0.0,0.0,0.0,0.0,0.1883285823463985,0.19737088182274523,-3.9317829144054603,50.77609168210297,11.754995509518718,0.333941359195986,23.291888456899866,11.692082633253916,14.376229594030049,2.778966128141347,-5.067232250351374,10.688299523917554,41.90001514323612,34.733315233185714,13.9217849230057,11.429967519464439,1865.4214603811424,82017.16377720525,74692.87982709242,0.9582850298219396,273.1904735791209,0.08190748742481527,318.12685721896827,0.006096429783062427,9.083988402958102,0.5217045921185537,129.7890708176805,60.62909173564232,8.315457466584162,-6.442166084851249,17.81865906154665,-1.504423723385511,38.37006031749531,4105.632325463925,5568.973010396606,8.495577217119363,16.608667022545838,-8.956279526467245,399.27007257113326,6.207509269217693,-6.360637436634174,19.858769420916,-8.711844425163282,75272.37945467903,741.0661027189063,0.630729912729119,0.008332847804965616,240.21095693507772,271.84505210105914,236.59986786320144,271.8945614961165
2025-01-29 11:30:00,-8.366744279032366,39.56455551058951,0.001826437602256211,25332.093923756824,-9.361015487173916,-9.876628504793082,0.3862396536529317,6.415909506447337,31.379598954619844,-2.712202704099002,28.768356372684416,-2.640772947187311,5587.11114569151,254.32791124412338,237.93992624618318,19.71777469438176,-2.3445248734249264,3001.677854168437,270.1372380727385,252.05344059139185,-0.023435568756460377,12.185549249821953,-2.44380228258992,1446.0957128811242,276.1706226163869,263.22090476616665,6.457198731466978,-0.8982295746333218,277.9606011318756,270.5320009114355,4.061428949866169,-0.9295280384460538,281.0716211381681,274.3350729301242,1.8230229672669938,-0.31419238143066464,-0.019248451247840435,-0.014243811700153743,101320.20688285015,110.25568415615751,0.5509074033103062,0.0,0.0,0.0,0.0,0.0,0.0,0.0,0.0004699880481287212,0.0,2.7976001692125116,-0.5000372274733953,95971.0168250014,476.70417641761594,276.1867793096235,60.97867575155854,0.03244623363835013,0.0,21.341936108665973,0.04708815935408456,276.82948718676715,280.3040798601721,0.004799890249593075,271.9472171775973,67.68182313015153,5.500161951267652e-10,1.6611028287419873,-0.3340470915518568,4.3605899984052545,-0.33404787889515575,-50.0,0.0,0.0,5.452221436628577e-05,0.0,0.0,0.0,0.0,0.0,0.0,0.18832424350743593,0.19747188528303156,-3.9702599440146424,50.80077616302415,11.754995509518718,0.333941359195986,23.47303952830788,11.692082633253916,14.387771115103817,2.781093971522318,-5.067928043121218,10.688635253116104,41.999963519760485,34.818680349643415,13.879157238230661,11.437038255961108,1865.428191148063,81968.41570401576,74692.41956369634,1.1499420357863275,273.19654889060706,0.09828898490977833,318.0693852963737,0.0060963204298264545,10.900786083549722,0.6260455105422644,129.79328616622075,60.58572281526669,8.308056630165495,-6.446270972335803,17.82508993150731,-1.5216745411700556,38.37965720122553,4105.7895006196395,5570.354524940674,8.499175205404745,16.651226864573278,-8.967236020850951,399.04549554431844,6.232340545922847,-6.358271644985857,19.895233476157408,-8.705942499793977,75269.64985793702,741.8259341434571,0.6307299564704134,0.008332979028848782,240.2276688541472,271.8621582447877,236.6172694195833,271.9100555195687
2025-01-29 11:35:00,-8.369245482792788,39.550972163390185,0.0018297905474362966,25315.61104488679,-9.36412793998362,-9.876299977600082,0.3842958288039223,6.421489639364574,31.378235929873593,-2.7132945640538573,28.761109954464334,-2.6535747680078106,5587.265140487592,254.33150181805473,237.94030412083,19.714496385194515,-2.3623878294342506,3001.8165185439193,270.13776054999886,252.04075808466837,-0.023549286341801676,12.179677538086352,-2.4538729060200644,1446.223484107071,276.17060061933273,263.2172399438242,6.456953983648774,-0.8919911530551469,277.9529965985196,270.53282973959585,4.048752604714482,-0.9265699334448823,281.0631037908222,274.33363153666176,1.8187565317205363,-0.31248146165714924,-0.019771422288302493,-0.013118162952746199,101321.8337877179,110.39014037005315,0.5502305477871017,0.0,0.0,0.0,0.0,0.0,0.0,0.0,0.00048044156136824867,0.0,2.7901163897264354,-0.4980596593463883,95972.6954081089,476.70417641761594,276.1722643447601,61.001143992316926,0.03245976282070461,0.0,21.351030929819192,0.04709156347657908,276.82011129053905,280.2931147661783,0.004799063805076194,271.94246342179736,67.69368723014902,5.507067571376609e-10,1.6572914608653733,-0.33279830633423224,4.364657467487041,-0.332799071806884,-50.0,0.0,0.0,5.610450792531018e-05,0.0,0.0,0.0,0.0,0.0,0.0,0.18831990466847337,0.19757288874331785,-4.008736973623824,50.825460643945334,11.754995509518718,0.333941359195986,23.654190599715893,11.692082633253916,14.399312636177584,2.783221814903289,-5.068623835891062,10.688970982314654,42.099911896284844,34.90404546610111,13.836529553455623,11.444108992457776,1865.4349219149835,81919.66763082627,74691.95930030025,1.3415990417507155,273.2026242020932,0.11467048239474138,318.0119133737791,0.006096211076590483,12.717583764141343,0.7303864289659752,129.79750151476102,60.54235389489107,8.300655793746827,-6.450375859820358,17.83152080146797,-1.5389253589546004,38.389254084955745,4105.9466757753535,5571.736039484742,8.502773193690127,16.69378670660072,-8.978192515234655,398.82091851750357,6.257171822628002,-6.355905853337539,19.931697531398815,-8.700040574424674,75266.92026119502,742.5857655680079,0.6307300002117079,0.00833311025273195,240.24438077321668,271.87926438851616,236.63467097596515,271.9255495430209
2025-01-29 11:40:00,-8.371746686553209,39.53738881619086,0.0018331434926163821,25299.12816601676,-9.367240392793324,-9.875971450407082,0.38235200395491287,6.427069772281812,31.376872905127346,-2.714386424008712,28.753863536244253,-2.66637658882831,5587.419135283675,254.33509239198608,237.94068199547684,19.711218076007267,-2.380250785443575,3001.955182919402,270.1382830272592,252.0280755779449,-0.02366300392714298,12.173805826350753,-2.4639435294502086,1446.3512553330181,276.1705786222785,263.21357512148177,6.45670923583057,-0.8857527314769721,277.9453920651635,270.5336585677562,4.036076259562796,-0.9236118284437106,281.05458644347624,274.3321901431993,1.8144900961740789,-0.31077054188363384,-0.020294393328764548,-0.011992514205338655,101323.46069258566,110.52459658394879,0.5495536922638972,0.0,0.0,0.0,0.0,0.0,0.0,0.0,0.0004908950746077762,0.0,2.782632610240359,-0.49608209121938135,95974.3739912164,476.70417641761594,276.1577493798967,61.02361223307531,0.03247329200305909,0.0,21.36012575097241,0.0470949675990736,276.8107353943109,280.2821496721844,0.0047982373605593145,271.9377096659975,67.70555133014652,5.513973191485568e-10,1.6534800929887594,-0.3315495211166077,4.368724936568827,-0.33155026471861226,-50.0,0.0,0.0,5.768680148433459e-05,0.0,0.0,0.0,0.0,0.0,0.0,0.18831556582951078,0.19767389220360418,-4.047214003233006,50.85014512486652,11.754995509518718,0.333941359195986,23.835341671123906,11.692082633253916,14.410854157251352,2.78534965828426,-5.069319628660906,10.689306711513202,42.199860272809204,34.989410582558804,13.793901868680585,11.451179728954445,1865.4416526819043,81870.9195576368,74691.49903690418,1.5332560477151034,273.20869951357935,0.13105197987970443,317.9544414511845,0.0060961017233545104,14.534381444732963,0.8347273473896859,129.8017168633013,60.49898497451545,8.293254957328159,-6.454480747304913,17.83795167142863,-1.556176176739145,38.398850968685956,4106.103850931068,5573.1175540288095,8.506371181975508,16.73634654862816,-8.98914900961836,398.59634149068876,6.2820030993331555,-6.353540061689222,19.968161586640218,-8.694138649055372,75264.19066445301,743.3455969925586,0.6307300439530023,0.008333241476615115,240.26109269228616,271.8963705322447,236.65207253234698,271.94104356647307
2025-01-29 11:45:00,-8.37424789031363,39.52380546899154,0.0018364964377964674,25282.645287146726,-9.37035284560303,-9.875642923214082,0.3804081791059034,6.4326499051990496,31.3755098803811,-2.7154782839635665,28.746617118024176,-2.67917840964881,5587.573130079759,254.33868296591743,237.94105987012367,19.707939766820022,-2.3981137414528995,3002.0938472948847,270.1388055045195,252.0153930712214,-0.023776721512484278,12.167934114615154,-2.4740141528803528,1446.479026558965,276.1705566252244,263.2099102991394,6.456464488012367,-0.8795143098987973,277.9377875318075,270.5344873959166,4.023399914411109,-0.9206537234425389,281.04606909613034,274.3307487497368,1.8102236606276212,-0.3090596221101184,-0.020817364369226602,-0.010866865457931111,101325.08759745341,110.65905279784442,0.5488768367406927,0.0,0.0,0.0,0.0,0.0,0.0,0.0,0.0005013485878473037,0.0,2.7751488307542824,-0.4941045230923744,95976.0525743239,476.70417641761594,276.1432344150333,61.04608047383369,0.03248682118541357,0.0,21.369220572125634,0.047098371721568125,276.8013594980828,280.27118457819057,0.004797410916042434,271.9329559101976,67.71741543014403,5.520878811594525e-10,1.6496687251121454,-0.3303007358989831,4.372792405650613,-0.3303014576303405,-50.0,0.0,0.0,5.926909504335901e-05,0.0,0.0,0.0,0.0,0.0,0.0,0.1883112269905482,0.1977748956638905,-4.085691032842188,50.87482960578771,11.754995509518718,0.333941359195986,24.016492742531916,11.692082633253916,14.42239567832512,2.787477501665231,-5.07001542143075,10.68964244071175,42.29980864933357,35.074775699016506,13.751274183905547,11.458250465451114,1865.448383448825,81822.17148444732,74691.0387735081,1.7249130536794912,273.21477482506543,0.1474334773646675,317.8969695285899,0.006095992370118538,16.351179125324585,0.9390682658133966,129.80593221184154,60.45561605413983,8.285854120909491,-6.458585634789468,17.844382541389294,-1.57342699452369,38.408447852416174,4106.261026086783,5574.499068572877,8.50996917026089,16.7789063906556,-9.000105504002066,398.37176446387394,6.306834376038309,-6.351174270040905,20.004625641881624,-8.688236723686067,75261.461067711,744.1054284171094,0.6307300876942966,0.008333372700498283,240.27780461135563,271.91347667597324,236.66947408872883,271.95653758992523
2025-01-29 11:50:00,-8.376749094074052,39.51022212179221,0.001839849382976553,25266.16240827669,-9.373465298412734,-9.875314396021082,0.378464354256894,6.438230038116287,31.374146855634848,-2.7165701439184216,28.739370699804095,-2.6919802304693095,5587.727124875842,254.34227353984878,237.9414377447705,19.704661457632778,-2.4159766974622237,3002.232511670367,270.13932798177984,252.00271056449796,-0.023890439097825577,12.162062402879554,-2.484084776310497,1446.606797784912,276.17053462817023,263.20624547679694,6.456219740194164,-0.8732758883206225,277.9301829984514,270.53531622407695,4.010723569259422,-0.9176956184413674,281.0375517487844,274.32930735627434,1.8059572250811637,-0.307348702336603,-0.02134033540968866,-0.009741216710523568,101326.71450232118,110.79350901174006,0.5481999812174883,0.0,0.0,0.0,0.0,0.0,0.0,0.0,0.0005118021010868312,0.0,2.767665051268206,-0.4921269549653674,95977.7311574314,476.70417641761594,276.1287194501699,61.068548714592076,0.032500350367768056,0.0,21.378315393278854,0.047101775844062645,276.79198360185467,280.2602194841967,0.004796584471525554,271.92820215439775,67.72927953014153,5.527784431703483e-10,1.6458573572355313,-0.3290519506813586,4.3768598747324,-0.3290526505420688,-50.0,0.0,0.0,6.0851388602383424e-05,0.0,0.0,0.0,0.0,0.0,0.0,0.18830688815158564,0.1978758991241768,-4.12416806245137,50.89951408670889,11.754995509518718,0.333941359195986,24.19764381393993,11.692082633253916,14.433937199398889,2.789605345046202,-5.070711214200594,10.689978169910301,42.39975702585793,35.1601408154742,13.708646499130511,11.465321201947782,1865.4551142157457,81773.42341125783,74690.57851011201,1.9165700596438793,273.2208501365516,0.16381497484963053,317.83949760599535,0.006095883016882566,18.167976805916204,1.0434091842371074,129.8101475603818,60.41224713376421,8.278453284490823,-6.462690522274023,17.850813411349954,-1.5906778123082348,38.41804473614639,4106.418201242497,5575.880583116945,8.513567158546271,16.82146623268304,-9.01106199838577,398.14718743705913,6.331665652743463,-6.348808478392588,20.04108969712303,-8.682334798316765,75258.73147096898,744.8652598416601,0.6307301314355911,0.008333503924381449,240.2945165304251,271.9305828197018,236.6868756451107,271.9720316133774
2025-01-29 11:55:00,-8.379250297834474,39.49663877459289,0.0018432023281566385,25249.679529406658,-9.376577751222438,-9.87498586882808,0.3765205294078846,6.443810171033525,31.3727838308886,-2.7176620038732766,28.732124281584017,-2.704782051289809,5587.881119671925,254.34586411378012,237.9418156194173,19.70138314844553,-2.433839653471548,3002.371176045849,270.1398504590402,251.99002805777448,-0.02400415668316688,12.156190691143955,-2.494155399740641,1446.7345690108589,276.170512631116,263.20258065445455,6.4559749923759595,-0.8670374667424477,277.9225784650954,270.5361450522374,3.9980472241077365,-0.9147375134401958,281.0290344014385,274.32786596281187,1.8016907895347063,-0.3056377825630876,-0.021863306450150714,-0.008615567963116025,101328.34140718893,110.9279652256357,0.5475231256942837,0.0,0.0,0.0,0.0,0.0,0.0,0.0,0.0005222556143263587,0.0,2.7601812717821295,-0.49014938683836046,95979.40974053889,476.70417641761594,276.1142044853066,61.091016955350455,0.03251387955012253,0.0,21.387410214432073,0.047105179966557165,276.7826077056265,280.24925439020285,0.004795758027008674,271.9234483985979,67.74114363013902,5.534690051812441e-10,1.6420459893589174,-0.32780316546373406,4.380927343814186,-0.32780384345379704,-50.0,0.0,0.0,6.243368216140784e-05,0.0,0.0,0.0,0.0,0.0,0.0,0.18830254931262308,0.19797690258446313,-4.162645092060552,50.92419856763007,11.754995509518718,0.333941359195986,24.378794885347943,11.692082633253916,14.445478720472657,2.791733188427173,-5.071407006970438,10.690313899108851,42.4997054023823,35.2455059319319,13.666018814355473,11.472391938444451,1865.4618449826662,81724.67533806834,74690.11824671594,2.108227065608267,273.2269254480377,0.1801964723345936,317.7820256834007,0.006095773663646594,19.984774486507824,1.1477501026608181,129.81436290892205,60.368878213388584,8.271052448072155,-6.466795409758578,17.857244281310614,-1.6079286300927795,38.4276416198766,4106.575376398212,5577.262097661013,8.517165146831653,16.86402607471048,-9.022018492769476,397.9226104102443,6.356496929448617,-6.34644268674427,20.077553752364434,-8.67643287294746,75256.00187422697,745.6250912662108,0.6307301751768855,0.008333635148264617,240.3112284494946,271.9476889634303,236.70427720149252,271.98752563682956
2025-01-29 12:00:00,-8.381751501594895,39.483055427393566,0.001846555273336724,25233.196650536625,-9.379690204032142,-9.87465734163508,0.37457670455887515,6.4493903039507625,31.371420806142353,-2.7187538638281312,28.724877863363936,-2.7175838721103087,5588.035114468008,254.34945468771147,237.94219349406413,19.698104839258285,-2.451702609480872,3002.509840421332,270.14037293630054,251.977345551051,-0.02411787426850818,12.150318979408356,-2.5042260231707854,1446.862340236806,276.1704906340619,263.1989158321121,6.455730244557756,-0.860799045164273,277.9149739317393,270.53697388039774,3.98537087895605,-0.9117794084390242,281.0205170540925,274.3264245693494,1.7974243539882488,-0.3039268627895722,-0.02238627749061277,-0.007489919215708482,101329.96831205669,111.06242143953133,0.5468462701710792,0.0,0.0,0.0,0.0,0.0,0.0,0.0,0.0005327091275658862,0.0,2.752697492296053,-0.4881718187113535,95981.08832364639,476.70417641761594,276.0996895204432,61.11348519610884,0.03252740873247702,0.0,21.396505035585292,0.047108584089051685,276.7732318093984,280.23828929620896,0.004794931582491794,271.918694642798,67.75300773013652,5.541595671921399e-10,1.6382346214823034,-0.3265543802461095,4.384994812895972,-0.3265550363655253,-50.0,0.0,0.0,6.401597572043226e-05,0.0,0.0,0.0,0.0,0.0,0.0,0.1882982104736605,0.19807790604474945,-4.2011221216697345,50.94888304855126,11.754995509518718,0.333941359195986,24.559945956755957,11.692082633253916,14.457020241546426,2.7938610318081443,-5.072102799740282,10.6906496283074,42.59965377890666,35.3308710483896,13.623391129580435,11.47946267494112,1865.468575749587,81675.92726487886,74689.65798331986,2.299884071572655,273.23300075952386,0.19657796981955666,317.72455376080615,0.0060956643104106215,21.801572167099444,1.2520910210845289,129.81857825746232,60.32550929301296,8.263651611653486,-6.470900297243133,17.863675151271273,-1.6251794478773243,38.43723850360682,4106.732551553927,5578.643612205081,8.520763135117035,16.90658591673792,-9.032974987153182,397.6980333834295,6.38132820615377,-6.344076895095953,20.11401780760584,-8.670530947578158,75253.27227748497,746.3849226907615,0.6307302189181798,0.008333766372147782,240.32794036856407,271.96479510715886,236.72167875787437,272.0030196602817
2025-01-29 12:05:00,-8.373620990082449,39.453089810675436,0.0018740111379332727,25196.187640004948,-9.374894293694448,-9.872998800241906,0.37618419986149754,6.4497723675719705,31.36234708440985,-2.7172295067893444,28.709972479039422,-2.7194786944227145,5588.181177052199,254.3500916824404,237.9209080780503,19.69158042879337,-2.4588382577789236,3002.6634162525543,270.13916211477283,251.96513984904084,-0.024123010696904694,12.142624486969943,-2.5146175591207713,1447.036782318859,276.1643701408671,263.1829755445044,6.454037913955881,-0.8553183135119845,277.90213255399556,270.5233766715857,3.977533488931079,-0.906102224106701,281.0050537720299,274.32345272476863,1.794196726328263,-0.3042083897998978,-0.022741599862426475,-0.008180891038085994,101332.51564661093,111.26989271126506,0.549643126807937,0.0,0.0,0.0,0.0,0.0,0.0,0.0,0.0005473906305797488,0.0,2.7478125158150517,-0.48722729742657334,95983.48983356087,476.70417641761594,276.09562277159546,61.13387185865333,0.03254247323426455,0.0,21.409813368144405,0.0471118167456722,276.7644991013784,280.2273295021254,0.004797203826383454,271.9198152963261,67.81818897743877,5.54852298421307e-10,1.6355130493569034,-0.32668599619414923,4.3852770479338155,-0.3266866441120723,-50.0,0.0,0.0,6.293940710950004e-05,0.0,0.0,0.0,0.0,0.0,0.0,0.1882942839095199,0.19820399338771602,-4.102835433177912,50.94197656061502,11.754995509518718,0.333941359195986,24.19951856581744,11.692082633253916,14.465695198763065,2.796443355986075,-5.05158747655248,10.684996965753504,42.75880818445109,35.47159470961292,13.64487072960304,11.541909059049523,1865.7826829457508,81740.9634280179,74691.32810904809,4.610128184738032,273.27737239220966,0.43950659907411926,317.70882647607016,0.0060956643104106215,29.093446320596044,2.107321323373616,129.7348918006594,60.329929083989065,8.255417041823344,-6.474836935574329,17.864843302042154,-1.6325884526848746,38.40795873726232,4106.515534808184,5579.005763440431,8.523878276376045,17.017560205080184,-9.00246079773973,397.4804821262258,6.381107924995228,-6.378663355275716,20.296989829099264,-8.626355608325053,75232.74608458551,746.6162243372013,0.6307301751768855,0.00833385385473656,240.33840069513386,271.95602338465017,236.73360989691457,271.9949592425558
2025-01-29 12:10:00,-8.365490478570003,39.4231241939573,0.0019014670025298214,25159.178629473266,-9.370098383356753,-9.871340258848733,0.3777916951641199,6.450154431193178,31.353273362677346,-2.7157051497505575,28.695067094714904,-2.7213735167351207,5588.32723963639,254.3507286771693,237.89962266203648,19.68505601832845,-2.465973906076975,3002.8169920837768,270.1379512932452,251.9529341470307,-0.02412814712530121,12.134929994531529,-2.525009095070757,1447.2112244009118,276.15824964767233,263.1670352568967,6.452345583354006,-0.8498375818596962,277.88929117625185,270.5097794627736,3.969696098906108,-0.9004250397743778,280.9895904899673,274.32048088018786,1.7909690986682771,-0.3044899168102233,-0.02309692223424018,-0.008871862860463504,101335.06298116517,111.4773639829988,0.552439983444795,0.0,0.0,0.0,0.0,0.0,0.0,0.0,0.0005620721335936115,0.0,2.74292753933405,-0.48628277614179316,95985.89134347536,476.70417641761594,276.09155602274774,61.15425852119782,0.03255753773605208,0.0,21.42312170070352,0.04711504940229272,276.7557663933584,280.21636970804184,0.004799476070275113,271.92093594985414,67.88337022474103,5.555450296504741e-10,1.6327914772315038,-0.32681761214218896,4.38555928297166,-0.3268182518586194,-50.0,0.0,0.0,6.186283849856783e-05,0.0,0.0,0.0,0.0,0.0,0.0,0.18829035734537936,0.1983300807306826,-4.004548744686089,50.93507007267878,11.754995509518718,0.333941359195986,23.83909117487892,11.692082633253916,14.474370155979706,2.7990256801640054,-5.031072153364677,10.679344303199608,42.917962589995525,35.61231837083625,13.666350329625645,11.604355443157925,1866.0967901419147,81805.99959115693,74692.99823477631,6.92037229790341,273.32174402489545,0.6824352283286819,317.6930991913342,0.0060956643104106215,36.385320474092644,2.9625516256627034,129.65120534385645,60.334348874965166,8.2471824719932,-6.478773573905526,17.86601145281303,-1.639997457492425,38.37867897091782,4106.298518062443,5579.367914675781,8.526993417635056,17.128534493422446,-8.971946608326277,397.2629308690221,6.380887643836686,-6.413249815455479,20.479961850592684,-8.582180269071948,75212.21989168605,746.8475259836412,0.6307301314355911,0.008333941337325339,240.34886102170364,271.9472516621415,236.7455410359548,271.9868988248299
2025-01-29 12:15:00,-8.357359967057556,39.39315857723917,0.0019289228671263703,25122.16961894159,-9.365302473019057,-9.869681717455558,0.3793991904667423,6.450536494814386,31.344199640944844,-2.714180792711771,28.68016171039039,-2.7232683390475265,5588.473302220581,254.3513656718982,237.87833724602265,19.678531607863533,-2.473109554375027,3002.9705679149993,270.1367404717175,251.94072844502054,-0.02413328355369772,12.127235502093116,-2.5354006310207424,1447.3856664829648,276.15212915447756,263.15109496928903,6.45065325275213,-0.8443568502074077,277.8764497985081,270.4961822539616,3.9618587088811372,-0.8947478554420547,280.9741272079047,274.3175090356071,1.7877414710082913,-0.3047714438205489,-0.023452244606053888,-0.009562834682841016,101337.61031571942,111.68483525473252,0.5552368400816527,0.0,0.0,0.0,0.0,0.0,0.0,0.0,0.0005767536366074741,0.0,2.7380425628530487,-0.485338254857013,95988.29285338985,476.70417641761594,276.0874892739,61.1746451837423,0.032572602237839615,0.0,21.43643003326263,0.04711828205891323,276.7470336853384,280.2054099139583,0.004801748314166772,271.9220566033822,67.94855147204328,5.562377608796412e-10,1.6300699051061038,-0.32694922809022875,4.385841518009504,-0.3269498596051664,-50.0,0.0,0.0,6.078626988763563e-05,0.0,0.0,0.0,0.0,0.0,0.0,0.18828643078123877,0.19845616807364916,-3.906262056194266,50.92816358474254,11.754995509518718,0.333941359195986,23.4786637839404,11.692082633253916,14.483045113196345,2.8016080043419356,-5.010556830176874,10.673691640645712,43.07711699553997,35.75304203205957,13.687829929648252,11.666801827266328,1866.4108973380785,81871.03575429597,74694.66836050455,9.230616411068787,273.3661156575813,0.9253638575832445,317.67737190659824,0.0060956643104106215,43.677194627589245,3.81778192795179,129.5675188870535,60.33876866594127,8.238947902163059,-6.482710212236722,17.86717960358391,-1.6474064622999756,38.34939920457331,4106.0815013167,5579.7300659111315,8.530108558894067,17.23950878176471,-8.941432418912825,397.0453796118184,6.380667362678143,-6.447836275635241,20.662933872086107,-8.538004929818843,75191.69369878659,747.0788276300809,0.6307300876942966,0.008334028819914116,240.35932134827345,271.9384799396329,236.757472174995,271.9788384071039
2025-01-29 12:20:00,-8.34922945554511,39.36319296052103,0.0019563787317229187,25085.16060840991,-9.360506562681362,-9.868023176062383,0.38100668576936475,6.450918558435594,31.335125919212338,-2.7126564356729843,28.665256326065876,-2.7251631613599323,5588.619364804772,254.3520026666271,237.85705183000883,19.672007197398614,-2.480245202673079,3003.1241437462213,270.13552965018977,251.92852274301038,-0.024138419982094237,12.119541009654702,-2.5457921669707284,1447.5601085650178,276.1460086612828,263.1351546816813,6.448960922150255,-0.8388761185551193,277.86360842076436,270.48258504514956,3.954021318856167,-0.8890706711097316,280.95866392584213,274.3145371910263,1.7845138433483054,-0.3050529708308744,-0.023807566977867595,-0.010253806505218526,101340.15765027366,111.89230652646624,0.5580336967185107,0.0,0.0,0.0,0.0,0.0,0.0,0.0,0.0005914351396213368,0.0,2.733157586372047,-0.48439373357223287,95990.69436330434,476.70417641761594,276.0834225250523,61.19503184628679,0.032587666739627145,0.0,21.44973836582174,0.04712151471553375,276.73830097731843,280.1944501198747,0.004804020558058432,271.92317725691026,68.01373271934554,5.569304921088083e-10,1.6273483329807041,-0.3270808440382685,4.3861237530473485,-0.3270814673517135,-50.0,0.0,0.0,5.9709701276703415e-05,0.0,0.0,0.0,0.0,0.0,0.0,0.1882825042170982,0.19858225541661573,-3.807975367702443,50.92125709680631,11.754995509518718,0.333941359195986,23.118236393001883,11.692082633253916,14.491720070412986,2.804190328519866,-4.990041506989072,10.668038978091817,43.2362714010844,35.893765693282894,13.709309529670858,11.729248211374731,1866.7250045342423,81936.07191743501,74696.33848623278,11.540860524234166,273.4104872902671,1.168292486837807,317.66164462186225,0.0060956643104106215,50.969068781085845,4.673012230240877,129.48383243025057,60.34318845691737,8.230713332332915,-6.48664685056792,17.868347754354787,-1.654815467107526,38.32011943822881,4105.864484570958,5580.092217146483,8.533223700153078,17.35048307010697,-8.910918229499373,396.8278283546147,6.380447081519601,-6.482422735815004,20.84590589357953,-8.493829590565737,75171.16750588713,747.3101292765208,0.6307300439530023,0.008334116302502893,240.36978167484324,271.9297082171242,236.76940331403523,271.970777989378
2025-01-29 12:25:00,-8.341098944032664,39.3332273438029,0.0019838345963194676,25048.15159787823,-9.355710652343667,-9.86636463466921,0.38261418107198714,6.451300622056802,31.326052197479836,-2.7111320786341975,28.650350941741358,-2.7270579836723385,5588.765427388963,254.35263966135602,237.835766413995,19.665482786933698,-2.4873808509711304,3003.277719577444,270.1343188286621,251.9163170410002,-0.024143556410490753,12.11184651721629,-2.5561837029207144,1447.7345506470708,276.139888168088,263.1192143940736,6.44726859154838,-0.8333953869028309,277.8507670430206,270.46898783633753,3.946183928831196,-0.8833934867774085,280.9432006437795,274.31156534644555,1.7812862156883196,-0.3053344978412,-0.0241628893496813,-0.010944778327596038,101342.7049848279,112.09977779819998,0.5608305533553685,0.0,0.0,0.0,0.0,0.0,0.0,0.0,0.0006061166426351995,0.0,2.7282726098910457,-0.4834492122874527,95993.09587321883,476.70417641761594,276.0793557762046,61.21541850883128,0.032602731241414676,0.0,21.463046698380854,0.04712474737215426,276.7295682692984,280.1834903257911,0.004806292801950092,271.9242979104383,68.07891396664779,5.576232233379754e-10,1.6246267608553042,-0.3272124599863082,4.386405988085192,-0.32721307509826053,-50.0,0.0,0.0,5.863313266577121e-05,0.0,0.0,0.0,0.0,0.0,0.0,0.18827857765295763,0.1987083427595823,-3.70968867921062,50.914350608870066,11.754995509518718,0.333941359195986,22.757809002063365,11.692082633253916,14.500395027629626,2.8067726526977967,-4.969526183801269,10.66238631553792,43.395425806628836,36.03448935450622,13.730789129693463,11.791694595483134,1867.0391117304061,82001.10808057403,74698.008611961,13.851104637399544,273.4548589229529,1.4112211160923698,317.64591733712626,0.0060956643104106215,58.260942934582445,5.528242532529965,129.40014597344765,60.34760824789347,8.222478762502773,-6.490583488899116,17.869515905125667,-1.6622244719150763,38.29083967188431,4105.647467825216,5580.454368381833,8.536338841412089,17.461457358449234,-8.88040404008592,396.61027709741103,6.380226800361059,-6.517009195994767,21.02887791507295,-8.449654251312632,75150.64131298767,747.5414309229606,0.6307300002117079,0.008334203785091672,240.38024200141302,271.9209364946155,236.78133445307543,271.9627175716521
2025-01-29 12:30:00,-8.332968432520218,39.303261727084774,0.002011290460916016,25011.142587346552,-9.350914742005973,-9.864706093276036,0.3842216763746095,6.45168268567801,31.316978475747334,-2.709607721595411,28.635445557416844,-2.7289528059847443,5588.911489973154,254.35327665608492,237.81448099798115,19.65895837646878,-2.4945164992691824,3003.4312954086663,270.1331080071344,251.90411133899005,-0.024148692838887265,12.104152024777875,-2.5665752388707,1447.9089927291238,276.1337676748932,263.1032741064659,6.445576260946504,-0.8279146552505425,277.8379256652769,270.4553906275255,3.938346538806225,-0.8777163024450854,280.92773736171694,274.30859350186483,1.7780585880283337,-0.3056160248515255,-0.024518211721495008,-0.011635750149973548,101345.25231938213,112.3072490699337,0.5636274099922263,0.0,0.0,0.0,0.0,0.0,0.0,0.0,0.0006207981456490621,0.0,2.723387633410044,-0.4825046910026725,95995.49738313332,476.70417641761594,276.0752890273569,61.235805171375766,0.032617795743202206,0.0,21.476355030939967,0.047127980028774774,276.7208355612784,280.1725305317076,0.004808565045841751,271.92541856396633,68.14409521395004,5.583159545671424e-10,1.6219051887299045,-0.327344075934348,4.386688223123036,-0.32734468284480756,-50.0,0.0,0.0,5.7556564054839e-05,0.0,0.0,0.0,0.0,0.0,0.0,0.18827465108881705,0.19883443010254886,-3.611401990718797,50.90744412093383,11.754995509518718,0.333941359195986,22.397381611124846,11.692082633253916,14.509069984846267,2.8093549768757273,-4.949010860613466,10.656733652984027,43.55458021217328,36.17521301572955,13.752268729716068,11.854140979591538,1867.35321892657,82066.14424371308,74699.67873768923,16.16134875056492,273.4992305556387,1.6541497453469323,317.6301900523903,0.0060956643104106215,65.55281708807905,6.3834728348190515,129.3164595166447,60.35202803886956,8.21424419267263,-6.494520127230313,17.870684055896547,-1.6696334767226269,38.2615599055398,4105.430451079474,5580.816519617183,8.539453982671098,17.572431646791497,-8.849889850672469,396.3927258402074,6.3800065192025155,-6.55159565617453,21.211849936566374,-8.405478912059527,75130.11512008822,747.7727325694004,0.6307299564704134,0.00833429126768045,240.3907023279828,271.91216477210685,236.79326559211563,271.9546571539262
2025-01-29 12:35:00,-8.324837921007772,39.27329611036664,0.002038746325512565,24974.133576814875,-9.346118831668278,-9.863047551882861,0.3858291716772319,6.452064749299219,31.307904754014828,-2.7080833645566242,28.62054017309233,-2.73084762829715,5589.057552557346,254.35391365081384,237.79319558196732,19.652433966003862,-2.501652147567234,3003.584871239889,270.1318971856067,251.8919056369799,-0.02415382926728378,12.096457532339462,-2.5769667748206855,1448.0834348111766,276.1276471816984,263.0873338188582,6.443883930344629,-0.8224339235982541,277.8250842875331,270.4417934187134,3.9305091487812542,-0.8720391181127621,280.9122740796543,274.30562165728406,1.7748309603683476,-0.3058975518618511,-0.024873534093308714,-0.01232672197235106,101347.79965393637,112.51472034166743,0.5664242666290842,0.0,0.0,0.0,0.0,0.0,0.0,0.0,0.0006354796486629248,0.0,2.7185026569290422,-0.48156016971789234,95997.89889304781,476.70417641761594,276.0712222785092,61.256191833920255,0.032632860244989736,0.0,21.48966336349908,0.047131212685395295,276.71210285325844,280.16157073762406,0.004810837289733411,271.9265392174944,68.2092764612523,5.590086857963096e-10,1.6191836166045046,-0.32747569188238773,4.386970458160881,-0.32747629059135464,-50.0,0.0,0.0,5.647999544390679e-05,0.0,0.0,0.0,0.0,0.0,0.0,0.18827072452467647,0.1989605174455154,-3.513115302226974,50.90053763299759,11.754995509518718,0.333941359195986,22.036954220186328,11.692082633253916,14.517744942062906,2.811937301053658,-4.928495537425664,10.651080990430131,43.71373461771771,36.31593667695287,13.773748329738673,11.91658736369994,1867.6673261227338,82131.18040685212,74701.34886341746,18.471592863730297,273.5436021883245,1.8970783746014948,317.61446276765435,0.0060956643104106215,72.84469124157565,7.238703137108139,129.23277305984175,60.35644782984566,8.206009622842487,-6.498456765561509,17.871852206667423,-1.6770424815301772,38.232280139195296,4105.213434333731,5581.178670852533,8.54256912393011,17.68340593513376,-8.819375661259018,396.1751745830037,6.379786238043973,-6.586182116354292,21.394821958059797,-8.361303572806422,75109.58892718877,748.0040342158402,0.630729912729119,0.008334378750269227,240.4011626545526,271.9033930495982,236.80519673115586,271.94659673620026
2025-01-29 12:40:00,-8.316707409495326,39.24333049364851,0.002066202190109114,24937.124566283193,-9.341322921330583,-9.861389010489688,0.3874366669798543,6.452446812920427,31.298831032282326,-2.7065590075178374,28.605634788767812,-2.7327424506095563,5589.203615141537,254.35455064554276,237.7719101659535,19.645909555538946,-2.5087877958652856,3003.7384470711113,270.13068636407905,251.87969993496975,-0.024158965695680296,12.08876303990105,-2.5873583107706715,1448.2578768932296,276.12152668850365,263.0713935312505,6.442191599742754,-0.8169531919459656,277.81224290978935,270.4281962099014,3.9226717587562834,-0.866361933780439,280.8968107975917,274.3026498127033,1.7716033327083618,-0.30617907887217666,-0.02522885646512242,-0.013017693794728571,101350.34698849061,112.72219161340117,0.569221123265942,0.0,0.0,0.0,0.0,0.0,0.0,0.0,0.0006501611516767876,0.0,2.7136176804480407,-0.48061564843311216,96000.3004029623,476.70417641761594,276.0671555296615,61.276578496464744,0.03264792474677727,0.0,21.502971696058193,0.04713444534201581,276.7033701452384,280.15061094354047,0.004813109533625071,271.92765987102246,68.27445770855455,5.597014170254767e-10,1.6164620444791047,-0.32760730783042746,4.387252693198724,-0.32760789833790166,-50.0,0.0,0.0,5.540342683297458e-05,0.0,0.0,0.0,0.0,0.0,0.0,0.18826679796053591,0.19908660478848197,-3.414828613735151,50.89363114506135,11.754995509518718,0.333941359195986,21.67652682924781,11.692082633253916,14.526419899279546,2.8145196252315885,-4.9079802142378615,10.645428327876235,43.87288902326215,36.4566603381762,13.795227929761278,11.979033747808343,1867.9814333188976,82196.21656999114,74703.01898914568,20.781836976895676,273.5879738210103,2.1400070038560575,317.59873548291836,0.0060956643104106215,80.13656539507224,8.093933439397226,129.14908660303882,60.360867620821764,8.197775053012345,-6.502393403892706,17.873020357438303,-1.6844514863377276,38.203000372850795,4104.9964175879895,5581.5408220878835,8.54568426518912,17.794380223476022,-8.788861471845566,395.9576233258,6.379565956885431,-6.620768576534055,21.577793979553217,-8.317128233553317,75089.06273428931,748.23533586228,0.6307298689878247,0.008334466232858006,240.41162298112238,271.8946213270895,236.81712787019606,271.93853631847435
2025-01-29 12:45:00,-8.30857689798288,39.21336487693037,0.0020936580547056623,24900.115555751516,-9.336527010992889,-9.859730469096514,0.38904416228247674,6.452828876541635,31.28975731054982,-2.7050346504790506,28.590729404443298,-2.734637272921962,5589.349677725728,254.35518764027165,237.75062474993967,19.639385145074026,-2.515923444163337,3003.8920229023333,270.12947554255135,251.8674942329596,-0.02416410212407681,12.081068547462635,-2.5977498467206575,1448.4323189752827,276.1154061953089,263.0554532436428,6.440499269140879,-0.8114724602936773,277.79940153204564,270.41459900108936,3.914834368731313,-0.8606847494481159,280.8813475155291,274.2996779681225,1.768375705048376,-0.3064606058825022,-0.025584178836936127,-0.013708665617106082,101352.89432304485,112.92966288513489,0.5720179799027999,0.0,0.0,0.0,0.0,0.0,0.0,0.0,0.0006648426546906502,0.0,2.7087327039670392,-0.47967112714833204,96002.70191287679,476.70417641761594,276.06308878081376,61.29696515900923,0.0326629892485648,0.0,21.516280028617302,0.04713767799863632,276.69463743721843,280.1396511494569,0.00481538177751673,271.9287805245505,68.33963895585681,5.603941482546438e-10,1.613740472353705,-0.3277389237784672,4.387534928236569,-0.32773950608444874,-50.0,0.0,0.0,5.432685822204237e-05,0.0,0.0,0.0,0.0,0.0,0.0,0.18826287139639533,0.19921269213144854,-3.316541925243328,50.886724657125114,11.754995509518718,0.333941359195986,21.31609943830929,11.692082633253916,14.535094856496187,2.817101949409519,-4.887464891050059,10.63977566532234,44.03204342880658,36.597383999399526,13.816707529783884,12.041480131916746,1868.2955405150615,82261.25273313018,74704.68911487391,23.092081090061054,273.6323454536961,2.38293563311062,317.58300819818237,0.0060956643104106215,87.42843954856883,8.949163741686313,129.0654001462359,60.365287411797866,8.189540483182201,-6.506330042223903,17.87418850820918,-1.691860491145278,38.17372060650629,4104.779400842247,5581.902973323235,8.548799406448131,17.905354511818285,-8.758347282432114,395.7400720685963,6.3793456757268885,-6.655355036713818,21.76076600104664,-8.27295289430021,75068.53654138985,748.4666375087198,0.6307298252465303,0.008334553715446783,240.42208330769216,271.8858496045808,236.8290590092363,271.93047590074843
2025-01-29 12:50:00,-8.300446386470433,39.18339926021224,0.002121113919302211,24863.106545219838,-9.331731100655192,-9.858071927703339,0.3906516575850991,6.453210940162843,31.28068358881732,-2.7035102934402637,28.575824020118784,-2.736532095234368,5589.495740309919,254.35582463500057,237.72933933392585,19.63286073460911,-2.5230590924613887,3004.045598733556,270.12826472102364,251.85528853094945,-0.024169238552473327,12.073374055024223,-2.608141382670643,1448.6067610573355,276.1092857021141,263.0395129560351,6.438806938539004,-0.8059917286413888,277.78656015430187,270.40100179227727,3.906996978706342,-0.8550075651157927,280.8658842334665,274.29670612354175,1.76514807738839,-0.30674213289282776,-0.025939501208749834,-0.014399637439483592,101355.44165759909,113.13713415686861,0.5748148365396577,0.0,0.0,0.0,0.0,0.0,0.0,0.0,0.0006795241577045129,0.0,2.7038477274860377,-0.47872660586355187,96005.10342279128,476.70417641761594,276.05902203196604,61.317351821553714,0.032678053750352334,0.0,21.529588361176415,0.04714091065525684,276.68590472919846,280.12869135537335,0.004817654021408389,271.9299011780786,68.40482020315906,5.610868794838109e-10,1.611018900228305,-0.3278705397265069,4.387817163274413,-0.32787111383099576,-50.0,0.0,0.0,5.3250289611110166e-05,0.0,0.0,0.0,0.0,0.0,0.0,0.18825894483225475,0.1993387794744151,-3.2182552367515056,50.87981816918887,11.754995509518718,0.333941359195986,20.955672047370772,11.692082633253916,14.543769813712826,2.819684273587449,-4.866949567862257,10.634123002768444,44.191197834351016,36.738107660622845,13.83818712980649,12.103926516025147,1868.6096477112253,82326.28889626922,74706.35924060215,25.402325203226432,273.6767170863819,2.625864262365183,317.56728091344644,0.0060956643104106215,94.72031370206545,9.8043940439754,128.98171368943295,60.36970720277397,8.181305913352059,-6.510266680555099,17.87535665898006,-1.6992694959528283,38.14444084016179,4104.5623840965045,5582.265124558585,8.551914547707142,18.016328800160547,-8.727833093018662,395.5225208113926,6.379125394568346,-6.689941496893581,21.943738022540064,-8.228777555047106,75048.0103484904,748.6979391551596,0.630729781505236,0.00833464119803556,240.43254363426198,271.8770778820722,236.8409901482765,271.92241548302246
2025-01-29 12:55:00,-8.292315874957987,39.153433643494104,0.0021485697838987596,24826.097534688157,-9.326935190317498,-9.856413386310166,0.3922591528877215,6.453593003784051,31.271609867084813,-2.7019859364014773,28.560918635794266,-2.738426917546774,5589.64180289411,254.35646162972947,237.70805391791203,19.62633632414419,-2.5301947407594407,3004.1991745647783,270.127053899496,251.8430828289393,-0.02417437498086984,12.065679562585808,-2.6185329186206285,1448.7812031393885,276.10316520891934,263.0235726684274,6.437114607937128,-0.8005109969891004,277.77371877655816,270.38740458346524,3.8991595886813712,-0.8493303807834696,280.8504209514039,274.293734278961,1.7619204497284042,-0.3070236599031533,-0.02629482358056354,-0.015090609261861104,101357.98899215333,113.34460542860235,0.5776116931765156,0.0,0.0,0.0,0.0,0.0,0.0,0.0,0.0006942056607183756,0.0,2.6989627510050362,-0.4777820845787717,96007.50493270576,476.70417641761594,276.0549552831183,61.3377384840982,0.032693118252139865,0.0,21.54289669373553,0.04714414331187736,276.6771720211784,280.1177315612898,0.004819926265300049,271.93102183160664,68.47000145046133,5.61779610712978e-10,1.6082973281029054,-0.3280021556745467,4.388099398312257,-0.32800272157754284,-50.0,0.0,0.0,5.2173721000177954e-05,0.0,0.0,0.0,0.0,0.0,0.0,0.1882550182681142,0.19946486681738168,-3.119968548259682,50.87291168125264,11.754995509518718,0.333941359195986,20.595244656432254,11.692082633253916,14.552444770929467,2.82226659776538,-4.8464342446744535,10.628470340214548,44.35035223989546,36.87883132184617,13.859666729829096,12.16637290013355,1868.9237549073891,82391.32505940825,74708.02936633037,27.712569316391807,273.7210887190677,2.868792891619745,317.55155362871045,0.0060956643104106215,102.01218785556205,10.659624346264486,128.89802723263,60.37412699375007,8.173071343521915,-6.514203318886296,17.876524809750936,-1.7066785007603789,38.11516107381728,4104.345367350763,5582.627275793935,8.555029688966153,18.12730308850281,-8.69731890360521,395.3049695541889,6.378905113409804,-6.724527957073343,22.126710044033484,-8.184602215794001,75027.48415559094,748.9292408015995,0.6307297377639415,0.00833472868062434,240.44300396083176,271.86830615956353,236.85292128731672,271.91435506529655
2025-01-29 13:00:00,-8.284185363445541,39.123468026775974,0.0021760256484953085,24789.08852415648,-9.322139279979803,-9.854754844916991,0.3938666481903439,6.453975067405259,31.26253614535231,-2.7004615793626905,28.546013251469752,-2.74032173985918,5589.787865478301,254.3570986244584,237.6867685018982,19.619811913679275,-2.5373303890574923,3004.352750396001,270.1258430779683,251.83087712692912,-0.024179511409266354,12.057985070147396,-2.6289244545706145,1448.9556452214415,276.09704471572456,263.0076323808197,6.435422277335253,-0.795030265336812,277.7608773988144,270.3738073746532,3.8913221986564004,-0.8436531964511464,280.8349576693413,274.2907624343802,1.7586928220684184,-0.30730518691347886,-0.026650145952377247,-0.015781581084238615,101360.53632670757,113.55207670033607,0.5804085498133734,0.0,0.0,0.0,0.0,0.0,0.0,0.0,0.0007088871637322382,0.0,2.6940777745240347,-0.4768375632939915,96009.90644262025,476.70417641761594,276.0508885342706,61.35812514664269,0.032708182753927395,0.0,21.55620502629464,0.04714737596849787,276.66843931315844,280.1067717672062,0.0048221985091917085,271.9321424851347,68.53518269776357,5.624723419421451e-10,1.6055757559775055,-0.32813377162258645,4.388381633350101,-0.32813432932408987,-50.0,0.0,0.0,5.109715238924574e-05,0.0,0.0,0.0,0.0,0.0,0.0,0.1882510917039736,0.19959095416034825,-3.0216818597678596,50.8660051933164,11.754995509518718,0.333941359195986,20.234817265493735,11.692082633253916,14.561119728146107,2.8248489219433104,-4.825918921486651,10.622817677660652,44.50950664543989,37.0195549830695,13.8811463298517,12.228819284241954,1869.237862103553,82456.36122254729,74709.6994920586,30.022813429557186,273.7654603517535,3.111721520874308,317.53582634397446,0.0060956643104106215,109.30406200905864,11.514854648553573,128.81434077582708,60.37854678472617,8.164836773691773,-6.5181399572174925,17.877692960521816,-1.7140875055679292,38.08588130747278,4104.12835060502,5582.989427029285,8.558144830225164,18.238277376845073,-8.666804714191757,395.0874182969852,6.3786848322512615,-6.759114417253106,22.309682065526907,-8.140426876540896,75006.95796269148,749.1605424480392,0.6307296940226471,0.008334816163213117,240.45346428740154,271.85953443705483,236.86485242635692,271.90629464757063
2025-01-29 13:05:00,-8.282866013919705,39.12177317846816,0.002185729952096284,24776.635920036013,-9.318029864653063,-9.853844394478765,0.39561552082409296,6.470179211336258,31.245016372148243,-2.6872326114323415,28.53189737725418,-2.7350311350287373,5589.934601793268,254.35280891804302,237.66149190930668,19.606876496020398,-2.5376297941974313,3004.52466365574,270.12283597425534,251.83065202329288,-0.022893398540088462,12.0444656521489,-2.633792763686134,1449.1612334944623,276.0884407280541,262.9996143004517,6.430199229120187,-0.785278297315132,277.74620874392474,270.3629026354895,3.880255131450255,-0.8315393242449292,280.8229693180966,274.28879631782735,1.757298985575439,-0.3036621290404448,-0.027513084323476572,-0.014623130982497245,101363.72197088474,113.81204918909451,0.5793414043894914,0.0,0.0,0.0,0.0,0.0,0.0,0.0,0.0007043534660514191,0.0,2.684839926653547,-0.4703720613563051,96012.76873645223,476.70417641761594,276.08423693635143,61.375093431404814,0.032723019800984104,0.0,21.557608903138053,0.0471506217475067,276.6842949101082,280.1201472114101,0.004825672451102919,271.94125881973304,68.58137728388607,5.626506468550098e-10,1.6079350257203051,-0.3256487454069611,4.394302770368549,-0.3256492949069718,-50.0,0.0,0.0,5.0584502319425884e-05,0.0,0.0,0.0,0.0,0.0,0.0,0.18824957212265828,0.20071148933333544,-2.6213707191926128,50.99764273790409,11.754995509518718,0.333941359195986,19.126718617327185,11.692074847303514,14.553212846188288,2.818599288276651,-4.7918570069092,10.622547613626795,44.58529714248622,37.11213041449426,13.871565542917821,12.223065335671569,1868.852744810182,82492.90153936873,74711.90691835058,34.798064036555125,273.8263669810616,3.7356999156055464,317.67955610183975,0.0060956643104106215,117.58561925337808,13.001137159926747,128.63575294427025,60.27336512975505,8.147840290948439,-6.515701192341879,17.87919125651279,-1.7282707537528519,38.09943524739989,4103.831532679208,5582.933683123716,8.561898826211113,18.414340460889772,-8.666193560826557,396.0171196516222,6.382695252827307,-6.787266751734736,22.62803164350215,-8.126007996258545,74981.48407825633,749.6237300808706,0.6307297377639415,0.008335647247806506,240.46607145033826,271.8828971428822,236.87759228605194,271.9258148358658
2025-01-29 13:10:00,-8.28154666439387,39.12007833016034,0.0021954342556972603,24764.18331591555,-9.313920449326323,-9.852933944040538,0.397364393457842,6.486383355267256,31.227496598944178,-2.674003643501993,28.517781503038606,-2.729740530198295,5590.081338108234,254.34851921162766,237.63621531671515,19.593941078361524,-2.53792919933737,3004.696576915479,270.1198288705424,251.83042691965662,-0.021607285670910567,12.030946234150404,-2.6386610728016535,1449.3668217674829,276.07983674038354,262.9915962200837,6.42497618090512,-0.7755263292934521,277.7315400890351,270.35199789632577,3.8691880642441103,-0.8194254520387119,280.8109809668519,274.2868302012744,1.7559051490824598,-0.30001907116741083,-0.028376022694575898,-0.013464680880755872,101366.90761506191,114.07202167785294,0.5782742589656094,0.0,0.0,0.0,0.0,0.0,0.0,0.0,0.0006998197683706001,0.0,2.675602078783059,-0.46390655941861875,96015.63103028419,476.70417641761594,276.11758533843226,61.39206171616694,0.032737856848040814,0.0,21.559012779981465,0.047153867526515535,276.7001505070579,280.1335226556139,0.004829146393014131,271.9503751543313,68.62757187000857,5.628289517678746e-10,1.6102942954631048,-0.32316371919133574,4.400223907386998,-0.3231642604898538,-50.0,0.0,0.0,5.007185224960603e-05,0.0,0.0,0.0,0.0,0.0,0.0,0.18824805254134294,0.20183202450632265,-2.2210595786173655,51.12928028249178,11.754995509518718,0.333941359195986,18.01861996916064,11.692067061353114,14.54530596423047,2.8123496546099913,-4.757795092331749,10.622277549592935,44.66108763953254,37.204705845919015,13.86198475598394,12.217311387101182,1868.467627516811,82529.44185619015,74714.11434464256,39.57331464355307,273.88727361036973,4.359678310336785,317.8232858597051,0.0060956643104106215,125.86717649769754,14.487419671299921,128.45716511271343,60.16818347478393,8.130843808205107,-6.513262427466266,17.880689552503764,-1.7424540019377748,38.112989187326995,4103.534714753396,5582.877939218147,8.565652822197062,18.590403544934468,-8.665582407461354,396.9468210062592,6.386705673403351,-6.815419086216366,22.946381221477395,-8.111589115976193,74956.01019382117,750.086917713702,0.630729781505236,0.008336478332399894,240.47867861327498,271.9062598487096,236.89033214574695,271.94533502416095
2025-01-29 13:15:00,-8.280227314868034,39.118383481852526,0.002205138559298236,24751.730711795084,-9.309811033999583,-9.852023493602312,0.3991132660915911,6.502587499198254,31.209976825740114,-2.660774675571644,28.503665628823033,-2.7244499253678525,5590.228074423201,254.3442295052123,237.61093872412363,19.58100566070265,-2.538228604477309,3004.8684901752185,270.1168217668295,251.83020181602038,-0.020321172801732675,12.017426816151909,-2.643529381917173,1449.5724100405037,276.07123275271306,262.98357813971575,6.419753132690054,-0.7657743612717721,277.71687143414545,270.34109315716205,3.858120997037965,-0.8073115798324946,280.79899261560723,274.28486408472156,1.7545113125894805,-0.2963760132943768,-0.029238961065675223,-0.0123062307790145,101370.09325923907,114.33199416661138,0.5772071135417274,0.0,0.0,0.0,0.0,0.0,0.0,0.0,0.000695286070689781,0.0,2.666364230912571,-0.45744105748093233,96018.49332411616,476.70417641761594,276.1509337405131,61.409030000929064,0.03275269389509752,0.0,21.560416656824877,0.04715711330552437,276.71600610400765,280.14689809981775,0.004832620334925342,271.95949148892964,68.67376645613106,5.630072566807393e-10,1.6126535652059042,-0.3206786929757104,4.406145044405446,-0.32067922607273575,-50.0,0.0,0.0,4.9559202179786175e-05,0.0,0.0,0.0,0.0,0.0,0.0,0.18824653296002763,0.20295255967930984,-1.8207484380421186,51.26091782707947,11.754995509518718,0.333941359195986,16.91052132099409,11.692059275402713,14.537399082272652,2.806100020943332,-4.723733177754298,10.622007485559077,44.736878136578866,37.29728127734378,13.852403969050059,12.211557438530797,1868.08251022344,82565.9821730116,74716.32177093455,44.34856525055101,273.9481802396778,4.983656705068023,317.9670156175704,0.0060956643104106215,134.148733742017,15.973702182673094,128.2785772811566,60.06300181981281,8.113847325461773,-6.510823662590653,17.882187848494738,-1.7566372501226974,38.1265431272541,4103.237896827583,5582.822195312578,8.56940681818301,18.766466628979167,-8.664971254096153,397.87652236089616,6.390716093979396,-6.843571420697995,23.264730799452636,-8.097170235693842,74930.53630938602,750.5501053465334,0.6307298252465303,0.008337309416993283,240.4912857762117,271.929622554537,236.90307200544197,271.9648552124561
2025-01-29 13:20:00,-8.278907965342198,39.11668863354471,0.002214842862899212,24739.27810767462,-9.305701618672844,-9.851113043164085,0.40086213872534016,6.518791643129253,31.192457052536046,-2.647545707641295,28.48954975460746,-2.71915932053741,5590.374810738168,254.33993979879693,237.5856621315321,19.568070243043774,-2.538528009617248,3005.0404034349576,270.11381466311656,251.82997671238414,-0.01903505993255478,12.003907398153412,-2.6483976910326925,1449.7779983135242,276.0626287650425,262.97556005934774,6.414530084474987,-0.7560223932500922,277.70220277925574,270.33018841799833,3.8470539298318203,-0.7951977076262773,280.78700426436257,274.2828979681687,1.7531174760965011,-0.29273295542134276,-0.03010189943677455,-0.01114778067727313,101373.27890341624,114.59196665536982,0.5761399681178454,0.0,0.0,0.0,0.0,0.0,0.0,0.0,0.0006907523730089619,0.0,2.6571263830420833,-0.450975555543246,96021.35561794814,476.70417641761594,276.18428214259393,61.42599828569119,0.03276753094215423,0.0,21.561820533668286,0.0471603590845332,276.7318617009574,280.1602735440216,0.004836094276836553,271.9686078235279,68.71996104225356,5.631855615936039e-10,1.6150128349487038,-0.31819366676008504,4.412066181423895,-0.3181941916556177,-50.0,0.0,0.0,4.9046552109966324e-05,0.0,0.0,0.0,0.0,0.0,0.0,0.1882450133787123,0.20407309485229702,-1.4204372974668715,51.39255537166715,11.754995509518718,0.333941359195986,15.80242267282754,11.69205148945231,14.529492200314833,2.7998503872766727,-4.689671263176846,10.62173742152522,44.812668633625194,37.38985670876854,13.84282318211618,12.205803489960411,1867.697392930069,82602.52248983303,74718.52919722653,49.123815857548955,274.00908686898595,5.607635099799262,318.11074537543567,0.0060956643104106215,142.43029098633644,17.45998469404627,128.09998944959978,59.95782016484169,8.09685084271844,-6.5083848977150405,17.883686144485715,-1.7708204983076203,38.14009706718121,4102.941078901771,5582.766451407008,8.57316081416896,18.942529713023866,-8.664360100730951,398.8062237155331,6.39472651455544,-6.871723755179626,23.58308037742788,-8.082751355411489,74905.06242495087,751.0132929793648,0.6307298689878247,0.008338140501586672,240.50389293914841,271.95298526036436,236.915811865137,271.9843754007513
2025-01-29 13:25:00,-8.277588615816363,39.1149937852369,0.0022245471665001877,24726.825503554155,-9.301592203346104,-9.850202592725859,0.4026110113590892,6.534995787060252,31.174937279331978,-2.634316739710946,28.475433880391886,-2.7138687157069676,5590.521547053135,254.33565009238157,237.56038553894058,19.555134825384897,-2.5388274147571863,3005.2123166946967,270.1108075594036,251.82975160874787,-0.017748947063376888,11.990387980154917,-2.653266000148212,1449.983586586545,276.05402477737204,262.96754197897974,6.4093070362599205,-0.7462704252284122,277.6875341243661,270.3192836788346,3.835986862625675,-0.78308383542006,280.77501591311784,274.2809318516158,1.7517236396035218,-0.28908989754830877,-0.030964837807873874,-0.009989330575531759,101376.46454759341,114.85193914412825,0.5750728226939633,0.0,0.0,0.0,0.0,0.0,0.0,0.0,0.0006862186753281428,0.0,2.6478885351715955,-0.44451005360555956,96024.2179117801,476.70417641761594,276.21763054467476,61.442966570453315,0.03278236798921094,0.0,21.563224410511697,0.04716360486354203,276.7477172979071,280.1736489882254,0.0048395682187477645,271.97772415812625,68.76615562837605,5.633638665064687e-10,1.6173721046915035,-0.3157086405444597,4.417987318442343,-0.3157091572384997,-50.0,0.0,0.0,4.853390204014647e-05,0.0,0.0,0.0,0.0,0.0,0.0,0.18824349379739697,0.20519363002528423,-1.0201261568916244,51.52419291625484,11.754995509518718,0.333941359195986,14.694324024660991,11.692043703501911,14.521585318357015,2.793600753610013,-4.655609348599395,10.62146735749136,44.88845913067152,37.482432140193296,13.8332423951823,12.200049541390024,1867.3122756366981,82639.06280665446,74720.7366235185,53.8990664645469,274.069993498294,6.231613494530501,318.254475133301,0.0060956643104106215,150.7118482306559,18.946267205419442,127.92140161804296,59.85263850987057,8.079854359975107,-6.505946132839427,17.88518444047669,-1.785003746492543,38.153651007108316,4102.644260975959,5582.710707501439,8.576914810154909,19.118592797068562,-8.66374894736575,399.73592507017014,6.398736935131486,-6.899876089661255,23.901429955403124,-8.068332475129138,74879.58854051572,751.4764806121962,0.630729912729119,0.00833897158618006,240.51650010208513,271.9763479661918,236.928551724832,272.00389558904646
2025-01-29 13:30:00,-8.276269266290527,39.113298936929084,0.0022342514701011633,24714.372899433693,-9.297482788019366,-9.84929214228763,0.4043598839928383,6.551199930991251,31.157417506127913,-2.621087771780597,28.461318006176313,-2.708578110876525,5590.6682833681025,254.3313603859662,237.53510894634906,19.542199407726024,-2.5391268198971253,3005.384229954436,270.1078004556907,251.82952650511163,-0.016462834194198993,11.976868562156422,-2.6581343092637315,1450.1891748595658,276.04542078970155,262.95952389861174,6.404083988044854,-0.7365184572067323,277.67286546947645,270.3083789396709,3.8249197954195298,-0.7709699632138427,280.7630275618732,274.2789657350629,1.7503298031105425,-0.28544683967527473,-0.0318277761789732,-0.008830880473790386,101379.65019177058,115.11191163288669,0.5740056772700813,0.0,0.0,0.0,0.0,0.0,0.0,0.0,0.0006816849776473238,0.0,2.6386506873011077,-0.43804455166787315,96027.08020561207,476.70417641761594,276.2509789467556,61.45993485521544,0.03279720503626765,0.0,21.56462828735511,0.04716685064255086,276.7635728948569,280.18702443242927,0.004843042160658975,271.9868404927246,68.81235021449857,5.635421714193334e-10,1.619731374434303,-0.3132236143288344,4.423908455460792,-0.3132241228213816,-50.0,0.0,0.0,4.802125197032661e-05,0.0,0.0,0.0,0.0,0.0,0.0,0.18824197421608163,0.20631416519827142,-0.6198150163163776,51.65583046084253,11.754995509518718,0.333941359195986,13.586225376494443,11.69203591755151,14.513678436399196,2.7873511199433536,-4.621547434021943,10.621197293457502,44.96424962771785,37.57500757161806,13.823661608248418,12.194295592819639,1866.927158343327,82675.6031234759,74722.9440498105,58.674317071544834,274.1309001276021,6.85559188926174,318.3982048911663,0.0060956643104106215,158.99340547497533,20.432549716792614,127.74281378648614,59.747456854899454,8.062857877231774,-6.503507367963814,17.886682736467662,-1.799186994677466,38.167204947035415,4102.3474430501465,5582.654963595871,8.580668806140856,19.29465588111326,-8.663137794000548,400.6656264248071,6.402747355707531,-6.9280284241428856,24.219779533378368,-8.053913594846787,74854.11465608058,751.9396682450275,0.6307299564704134,0.00833980267077345,240.52910726502182,271.99971067201915,236.94129158452705,272.0234157773416
2025-01-29 13:35:00,-8.27494991676469,39.11160408862126,0.0022439557737021394,24701.920295313226,-9.293373372692626,-9.848381691849404,0.4061087566265874,6.567404074922249,31.13989773292385,-2.6078588038502484,28.447202131960744,-2.7032875060460824,5590.815019683069,254.32707067955087,237.50983235375756,19.52926399006715,-2.5394262250370643,3005.556143214175,270.1047933519778,251.8293014014754,-0.015176721325021101,11.963349144157926,-2.663002618379251,1450.3947631325864,276.036816802031,262.95150581824373,6.398860939829787,-0.7267664891850524,277.6581968145868,270.2974742005072,3.813852728213385,-0.7588560910076254,280.7510392106285,274.27699961851005,1.7489359666175632,-0.2818037818022407,-0.032690714550072525,-0.007672430372049014,101382.83583594776,115.37188412164511,0.5729385318461994,0.0,0.0,0.0,0.0,0.0,0.0,0.0,0.0006771512799665047,0.0,2.6294128394306195,-0.4315790497301868,96029.94249944405,476.70417641761594,276.2843273488365,61.476903139977566,0.03281204208332436,0.0,21.56603216419852,0.0471700964215597,276.77942849180664,280.2003998766331,0.004846516102570186,271.99595682732286,68.85854480062106,5.637204763321981e-10,1.6220906441771026,-0.31073858811320904,4.42982959247924,-0.31073908840426356,-50.0,0.0,0.0,4.750860190050676e-05,0.0,0.0,0.0,0.0,0.0,0.0,0.1882404546347663,0.2074347003712586,-0.21950387574113028,51.78746800543022,11.754995509518718,0.333941359195986,12.478126728327894,11.692028131601107,14.505771554441377,2.781101486276694,-4.587485519444493,10.620927229423645,45.04004012476417,37.66758300304282,13.814080821314537,12.188541644249254,1866.542041049956,82712.14344029734,74725.15147610247,63.44956767854278,274.19180675691024,7.479570283992977,318.5419346490316,0.0060956643104106215,167.2749627192948,21.91883222816579,127.56422595492931,59.642275199928335,8.04586139448844,-6.501068603088201,17.888181032458636,-1.8133702428623886,38.18075888696252,4102.050625124335,5582.599219690302,8.584422802126806,19.47071896515796,-8.662526640635347,401.59532777944406,6.406757776283575,-6.956180758624515,24.538129111353612,-8.039494714564434,74828.64077164543,752.4028558778589,0.6307300002117079,0.008340633755366839,240.54171442795854,272.0230733778465,236.95403144422207,272.04293596563673
2025-01-29 13:40:00,-8.273630567238856,39.10990924031345,0.002253660077303115,24689.46769119276,-9.289263957365886,-9.847471241411178,0.4078576292603365,6.583608218853247,31.12237795971978,-2.5946298359198994,28.43308625774517,-2.69799690121564,5590.961755998036,254.3227809731355,237.48455576116604,19.516328572408273,-2.539725630177003,3005.728056473914,270.10178624826483,251.82907629783912,-0.013890608455843207,11.94982972615943,-2.6678709274947705,1450.6003514056072,276.02821281436053,262.9434877378757,6.393637891614721,-0.7170145211633724,277.64352815969715,270.2865694613435,3.8027856610072397,-0.746742218801408,280.7390508593838,274.2750335019571,1.747542130124584,-0.2781607239292067,-0.03355365292117185,-0.006513980270307643,101386.02148012492,115.63185661040355,0.5718713864223173,0.0,0.0,0.0,0.0,0.0,0.0,0.0,0.0006726175822856856,0.0,2.620174991560132,-0.4251135477925004,96032.80479327601,476.70417641761594,276.3176757509173,61.49387142473969,0.03282687913038107,0.0,21.567436041041933,0.04717334220056853,276.7952840887564,280.21377532083693,0.004849990044481398,272.0050731619212,68.90473938674356,5.638987812450629e-10,1.6244499139199022,-0.3082535618975837,4.435750729497688,-0.30825405398714556,-50.0,0.0,0.0,4.69959518306869e-05,0.0,0.0,0.0,0.0,0.0,0.0,0.18823893505345096,0.20855523554424582,0.18080726483411658,51.91910555001791,11.754995509518718,0.333941359195986,11.370028080161346,11.692020345650707,14.49786467248356,2.7748518526100345,-4.553423604867041,10.620657165389785,45.115830621810495,37.76015843446758,13.804500034380657,12.182787695678867,1866.156923756585,82748.68375711876,74727.35890239445,68.22481828554072,274.2527133862183,8.103548678724216,318.68566440689693,0.0060956643104106215,175.55651996361422,23.405114739538966,127.38563812337249,59.537093544957216,8.028864911745107,-6.4986298382125876,17.88967932844961,-1.8275534910473112,38.19431282688963,4101.753807198523,5582.543475784732,8.588176798112755,19.646782049202656,-8.661915487270146,402.5250291340811,6.41076819685962,-6.9843330931061445,24.856478689328856,-8.025075834282083,74803.16688721027,752.8660435106902,0.6307300439530023,0.008341464839960226,240.55432159089526,272.04643608367394,236.96677130391708,272.0624561539319
2025-01-29 13:45:00,-8.27231121771302,39.108214392005635,0.002263364380904091,24677.015087072297,-9.285154542039146,-9.846560790972951,0.40960650189408554,6.599812362784246,31.104858186515713,-2.5814008679895504,28.418970383529597,-2.6927062963851975,5591.108492313003,254.31849126672014,237.4592791685745,19.503393154749396,-2.540025035316942,3005.899969733653,270.0987791445519,251.82885119420288,-0.012604495586665314,11.936310308160934,-2.67273923661029,1450.8059396786277,276.01960882669,262.9354696575077,6.388414843399654,-0.7072625531416925,277.62885950480745,270.2756647221798,3.791718593801095,-0.7346283465951907,280.7270625081391,274.27306738540426,1.7461482936316046,-0.27451766605617267,-0.034416591292271176,-0.005355530168566273,101389.20712430209,115.89182909916198,0.5708042409984353,0.0,0.0,0.0,0.0,0.0,0.0,0.0,0.0006680838846048666,0.0,2.610937143689644,-0.418648045854814,96035.66708710798,476.70417641761594,276.35102415299815,61.510839709501816,0.03284171617743778,0.0,21.56883991788534,0.047176587979577356,276.8111396857061,280.2271507650408,0.004853463986392609,272.01418949651946,68.95093397286605,5.640770861579276e-10,1.6268091836627019,-0.30576853568195833,4.4416718665161365,-0.3057690195700275,-50.0,0.0,0.0,4.648330176086705e-05,0.0,0.0,0.0,0.0,0.0,0.0,0.18823741547213563,0.209675770717233,0.5811184054093634,52.05074309460559,11.754995509518718,0.333941359195986,10.261929431994798,11.692012559700306,14.489957790525741,2.768602218943375,-4.51936169028959,10.620387101355927,45.19162111885682,37.85273386589234,13.794919247446778,12.177033747108482,1865.771806463214,82785.2240739402,74729.56632868643,73.00006889253866,274.31362001552645,8.727527073455455,318.8293941647622,0.0060956643104106215,183.83807720793368,24.89139725091214,127.20705029181568,59.4319118899861,8.011868429001774,-6.496191073336975,17.891177624440587,-1.8417367392322341,38.207866766816736,4101.45698927271,5582.487731879163,8.591930794098705,19.822845133247355,-8.661304333904944,403.45473048871804,6.4147786174356645,-7.012485427587775,25.1748282673041,-8.01065695399973,74777.69300277512,753.3292311435216,0.6307300876942966,0.008342295924553616,240.56692875383197,272.0697987895013,236.9795111636121,272.0819763422271
2025-01-29 13:50:00,-8.270991868187183,39.106519543697814,0.002273068684505067,24664.56248295183,-9.281045126712407,-9.845650340534725,0.4113553745278346,6.616016506715244,31.08733841331165,-2.568171900059202,28.404854509314024,-2.687415691554755,5591.25522862797,254.31420156030478,237.434002575983,19.490457737090523,-2.5403244404568808,3006.0718829933926,270.09577204083894,251.82862609056664,-0.01131838271748742,11.922790890162439,-2.6776075457258095,1451.0115279516485,276.0110048390195,262.9274515771398,6.383191795184588,-0.6975105851200125,277.6141908499178,270.26475998301606,3.7806515265949496,-0.7225144743889734,280.71507415689445,274.2711012688514,1.7447544571386253,-0.27087460818313863,-0.0352795296633705,-0.0041970800668249,101392.39276847926,116.15180158792042,0.5697370955745533,0.0,0.0,0.0,0.0,0.0,0.0,0.0,0.0006635501869240475,0.0,2.601699295819156,-0.4121825439171276,96038.52938093996,476.70417641761594,276.384372555079,61.52780799426394,0.03285655322449449,0.0,21.570243794728754,0.04717983375858619,276.82699528265584,280.24052620924465,0.00485693792830382,272.0233058311178,68.99712855898855,5.642553910707922e-10,1.6291684534055015,-0.303283509466333,4.4475930035345845,-0.30328398515290944,-50.0,0.0,0.0,4.597065169104719e-05,0.0,0.0,0.0,0.0,0.0,0.0,0.18823589589082032,0.2107963058902202,0.9814295459846107,52.18238063919328,11.754995509518718,0.333941359195986,9.153830783828248,11.692004773749904,14.482050908567922,2.762352585276716,-4.485299775712139,10.62011703732207,45.26741161590314,37.9453092973171,13.785338460512897,12.171279798538096,1865.386689169843,82821.76439076164,74731.7737549784,77.77531949953661,274.37452664483453,9.351505468186694,318.9731239226275,0.0060956643104106215,192.11963445225314,26.37767976228531,127.02846246025885,59.32673023501498,7.99487194625844,-6.493752308461362,17.89267592043156,-1.8559199874171568,38.22142070674384,4101.160171346898,5582.431987973594,8.595684790084654,19.998908217292055,-8.660693180539743,404.384431843355,6.41878903801171,-7.040637762069404,25.49317784527934,-7.996238073717379,74752.21911833997,753.7924187763531,0.6307301314355911,0.008343127009147005,240.5795359167687,272.0931614953287,236.99225102330712,272.10149653052224
2025-01-29 13:55:00,-8.269672518661348,39.10482469539,0.002282772988106043,24652.10987883137,-9.276935711385667,-9.844739890096498,0.41310424716158367,6.632220650646243,31.069818640107584,-2.554942932128853,28.39073863509845,-2.6821250867243127,5591.4019649429365,254.30991185388942,237.40872598339146,19.47752231943165,-2.5406238455968193,3006.2437962531317,270.09276493712605,251.82840098693038,-0.010032269848309527,11.909271472163942,-2.682475854841329,1451.217116224669,276.00240085134897,262.9194334967718,6.377968746969521,-0.6877586170983326,277.59952219502816,270.25385524385234,3.769584459388805,-0.7104006021827561,280.7030858056497,274.2691351522985,1.743360620645646,-0.26723155031010465,-0.03614246803446983,-0.003038629965083528,101395.57841265642,116.41177407667885,0.5686699501506712,0.0,0.0,0.0,0.0,0.0,0.0,0.0,0.0006590164892432284,0.0,2.592461447948668,-0.40571704197944125,96041.39167477192,476.70417641761594,276.4177209571598,61.54477627902607,0.0328713902715512,0.0,21.571647671572165,0.04718307953759503,276.8428508796056,280.25390165344845,0.004860411870215031,272.03242216571607,69.04332314511105,5.64433695983657e-10,1.631527723148301,-0.3007984832507076,4.453514140553033,-0.30079895073579144,-50.0,0.0,0.0,4.545800162122734e-05,0.0,0.0,0.0,0.0,0.0,0.0,0.18823437630950499,0.2119168410632074,1.3817406865598576,52.31401818378097,11.754995509518718,0.333941359195986,8.0457321356617,11.691996987799504,14.474144026610105,2.7561029516100564,-4.451237861134688,10.61984697328821,45.34320211294947,38.03788472874186,13.775757673579015,12.16552584996771,1865.001571876472,82858.30470758307,74733.9811812704,82.55057010653455,274.43543327414267,9.975483862917933,319.11685368049285,0.0060956643104106215,200.4011916965726,27.863962273658487,126.84987462870203,59.22154858004386,7.977875463515107,-6.491313543585749,17.894174216422535,-1.8701032356020795,38.23497464667095,4100.863353421086,5582.376244068025,8.599438786070602,20.17497130133675,-8.660082027174541,405.314133197992,6.422799458587754,-7.068790096551035,25.811527423254585,-7.981819193435027,74726.74523390482,754.2556064091845,0.6307301751768855,0.008343958093740392,240.5921430797054,272.1165242011561,237.00499088300214,272.1210167188174
2025-01-29 14:00:00,-8.268353169135512,39.10312984708219,0.0022924772917070186,24639.657274710902,-9.272826296058927,-9.843829439658272,0.41485311979533274,6.648424794577242,31.052298866903516,-2.541713964198504,28.376622760882878,-2.67683448189387,5591.548701257903,254.30562214747405,237.38344939079994,19.464586901772773,-2.5409232507367583,3006.4157095128708,270.0897578334131,251.82817588329414,-0.008746156979131635,11.895752054165447,-2.6873441639568485,1451.42270449769,275.9937968636785,262.91141541640377,6.372745698754454,-0.6780066490766526,277.5848535401385,270.2429505046886,3.7585173921826596,-0.6982867299765388,280.69109745440505,274.2671690357456,1.7419667841526667,-0.2635884924370706,-0.03700540640556915,-0.001880179863342158,101398.76405683359,116.67174656543729,0.5676028047267893,0.0,0.0,0.0,0.0,0.0,0.0,0.0,0.0006544827915624093,0.0,2.5832236000781803,-0.39925154004175484,96044.2539686039,476.70417641761594,276.45106935924065,61.56174456378819,0.03288622731860791,0.0,21.573051548415577,0.047186325316603855,276.8587064765553,280.2672770976523,0.004863885812126242,272.0415385003144,69.08951773123354,5.646120008965217e-10,1.6338869928911006,-0.2983134570350823,4.459435277571481,-0.2983139163186734,-50.0,0.0,0.0,4.494535155140748e-05,0.0,0.0,0.0,0.0,0.0,0.0,0.18823285672818965,0.2130373762361946,1.7820518271351045,52.44565572836866,11.754995509518718,0.333941359195986,6.937633487495151,11.691989201849102,14.466237144652286,2.749853317943397,-4.417175946557236,10.619576909254352,45.4189926099958,38.13046016016662,13.766176886645136,12.159771901397324,1864.6164545831011,82894.84502440451,74736.18860756238,87.3258207135325,274.49633990345075,10.599462257649172,319.26058343835814,0.0060956643104106215,208.68274894089203,29.35024478503166,126.6712867971452,59.11636692507274,7.960878980771774,-6.4888747787101355,17.89567251241351,-1.8842864837870024,38.248528586598056,4100.5665354952735,5582.320500162456,8.603192782056551,20.35103438538145,-8.65947087380934,406.243834552629,6.426809879163799,-7.096942431032664,26.12987700122983,-7.967400313152675,74701.27134946967,754.7187940420158,0.6307302189181798,0.008344789178333782,240.60475024264213,272.13988690698346,237.01773074269715,272.14053690711256
2025-01-29 14:05:00,-8.270492985055524,39.110235961537754,0.0023075693330134976,24672.08214510107,-9.272031492135403,-9.842309910832496,0.4164438922543441,6.665955325138205,31.027042241144983,-2.5131881663805244,28.361977059283006,-2.659214610866207,5591.728004785715,254.30306173909878,237.37670175674347,19.45035599892866,-2.5360725953937564,3006.624553810786,270.0861103633321,251.8206555272986,-0.009930512193460899,11.882650911017818,-2.6815703405176694,1451.6484765064702,275.99147638972113,262.9118703692042,6.371014736269587,-0.6670209165864781,277.57837015897303,270.2468254617644,3.7482252441794675,-0.6789038357102574,280.69811018179325,274.2799282462908,1.7454109901825396,-0.2626419385328314,-0.03490617251121374,-0.0022159967343092627,101401.78560900042,116.92014217105411,0.5638994945124797,0.0,0.0,0.0,0.0,0.0,0.0,0.0,0.000659077858279256,0.0,2.5781647271788932,-0.3914808496084604,96047.05122914014,476.70417641761594,276.5500423676027,61.561053840634365,0.03289523365112258,0.0,21.564909587619326,0.04718853372707496,276.915992475542,280.32306949705264,0.004871723917897241,272.06726133209094,69.07859500950323,5.643485036890534e-10,1.6424991377207023,-0.29839809853456606,4.472815263928428,-0.29839857968880434,-50.0,0.0,0.0,4.3652597891704606e-05,0.0,0.0,0.0,0.0,0.0,0.0,0.18823207877177242,0.2150405621771127,2.7755609689781493,52.784403184156275,11.754995509518718,0.333941359195986,5.032815156463484,11.691989201849102,14.429939231969358,2.7617243203171493,-4.408423969669436,10.625405804139438,45.407457287063444,38.176248678356785,13.712677478114918,12.080472915128066,1863.8397782761022,83042.83147196773,74735.6283165743,94.64413366692195,274.55076896758123,11.74193513870277,319.6843679121974,0.006095073802936371,221.504214867386,31.464917513541867,126.39307016296081,58.93223415397251,7.947507639794906,-6.479654989599663,17.893789347156392,-1.897175552212134,38.18766953032173,4100.358153281044,5581.779820146296,8.601997673663,20.542169407233725,-8.591163112511532,408.84747868365235,6.561483681960198,-7.157213123158164,26.297748653074322,-7.90047381444908,74704.64289344812,754.7912605068776,0.6307301751768855,0.008344789178333782,240.6113088837616,272.20957979053946,237.02558849457535,272.20241147303824
2025-01-29 14:10:00,-8.272632800975535,39.11734207599333,0.0023226613743199767,24704.507015491243,-9.271236688211879,-9.840790382006722,0.41803466471335543,6.683485855699168,31.001785615386446,-2.4846623685625446,28.34733135768313,-2.6415947398385438,5591.907308313526,254.3005013307235,237.369954122687,19.43612509608455,-2.531221940050755,3006.833398108701,270.0824628932512,251.8131351713031,-0.011114867407790163,11.869549767870188,-2.6757965170784903,1451.8742485152502,275.9891559157638,262.91232532200473,6.36928377378472,-0.6560351840963037,277.57188677780755,270.2507004188402,3.737933096176276,-0.6595209414439758,280.70512290918145,274.292687456836,1.7488551962124126,-0.2616953846285922,-0.03280693861685832,-0.0025518136052763672,101404.80716116725,117.16853777667095,0.5601961842981701,0.0,0.0,0.0,0.0,0.0,0.0,0.0,0.0006636729249961026,0.0,2.5731058542796057,-0.38371015917516593,96049.84848967637,476.70417641761594,276.6490153759648,61.56036311748054,0.03290423998363725,0.0,21.556767626823074,0.047190742137546066,276.9732784745287,280.378861896453,0.00487956202366824,272.0929841638675,69.06767228777292,5.640850064815852e-10,1.6511112825503043,-0.2984827400340499,4.486195250285375,-0.29848324305893537,-50.0,0.0,0.0,4.235984423200173e-05,0.0,0.0,0.0,0.0,0.0,0.0,0.18823130081535522,0.21704374811803082,3.769070110821194,53.12315063994389,11.754995509518718,0.333941359195986,3.127996825431818,11.691989201849102,14.39364131928643,2.773595322690902,-4.399671992781636,10.631234699024525,45.39592196413109,38.22203719654696,13.659178069584701,12.001173928858808,1863.0631019691032,83190.81791953095,74735.06802558621,101.9624466203114,274.6051980317118,12.88440801975637,320.1081523860367,0.006094483295462121,234.32568079388,33.57959024205208,126.11485352877644,58.74810138287228,7.9341362988180375,-6.470435200489189,17.891906181899273,-1.910064620637266,38.126810474045406,4100.149771066814,5581.239140130136,8.600802565269447,20.733304429086,-8.522855351213725,411.4511228146757,6.696157484756596,-7.217483815283663,26.46562030491881,-7.833547315745484,74708.01443742658,754.8637269717394,0.6307301314355911,0.008344789178333782,240.6178675248811,272.2792726740955,237.03344624645354,272.26428603896386
2025-01-29 14:15:00,-8.274772616895547,39.1244481904489,0.0023377534156264557,24736.931885881415,-9.270441884288354,-9.839270853180945,0.4196254371723668,6.70101638626013,30.97652898962791,-2.4561365707445653,28.33268565608326,-2.6239748688108806,5592.086611841338,254.29794092234823,237.36320648863054,19.421894193240437,-2.526371284707753,3007.0422424066164,270.0788154231702,251.80561481530756,-0.012299222622119427,11.856448624722558,-2.6700226936393117,1452.1000205240302,275.9868354418064,262.9127802748052,6.367552811299853,-0.6450494516061291,277.56540339664207,270.25457537591603,3.7276409481730837,-0.6401380471776943,280.71213563656966,274.3054466673812,1.7522994022422855,-0.260748830724353,-0.030707704722502914,-0.002887630476243472,101407.82871333408,117.41693338228777,0.5564928740838605,0.0,0.0,0.0,0.0,0.0,0.0,0.0,0.0006682679917129493,0.0,2.5680469813803186,-0.3759394687418715,96052.64575021261,476.70417641761594,276.74798838432685,61.55967239432672,0.032913246316151924,0.0,21.54862566602682,0.04719295054801718,277.03056447351537,280.4346542958533,0.004887400129439239,272.11870699564406,69.05674956604263,5.638215092741169e-10,1.659723427379906,-0.2985673815335337,4.499575236642321,-0.2985679064290664,-50.0,0.0,0.0,4.106709057229885e-05,0.0,0.0,0.0,0.0,0.0,0.0,0.188230522858938,0.21904693405894893,4.7625792526642385,53.4618980957315,11.754995509518718,0.333941359195986,1.2231784944001518,11.691989201849102,14.357343406603501,2.7854663250646543,-4.390920015893837,10.637063593909613,45.38438664119874,38.26782571473712,13.605678661054483,11.92187494258955,1862.2864256621042,83338.80436709418,74734.50773459813,109.28075957370085,274.65962709584227,14.026880900809967,320.53193685987594,0.006093892787987871,247.14714672037397,35.694262970562285,125.83663689459206,58.56396861177205,7.920764957841168,-6.461215411378715,17.890023016642154,-1.922953689062398,38.065951417769085,4099.941388852584,5580.698460113976,8.599607456875896,20.924439450938277,-8.454547589915917,414.05476694569916,6.830831287552995,-7.277754507409163,26.633491956763304,-7.766620817041888,74711.38598140504,754.9361934366013,0.6307300876942966,0.008344789178333782,240.62442616600055,272.3489655576516,237.04130399833173,272.32616060488954
2025-01-29 14:20:00,-8.276912432815559,39.13155430490447,0.0023528454569329343,24769.356756271583,-9.26964708036483,-9.83775132435517,0.4212162096313781,6.718546916821093,30.951272363869375,-2.4276107729265854,28.31803995448339,-2.606354997783217,5592.26591536915,254.29538051397296,237.35645885457407,19.407663290396325,-2.5215206293647516,3007.2510867045316,270.07516795308925,251.79809445931204,-0.013483577836448692,11.843347481574929,-2.6642488702001326,1452.3257925328105,275.98451496784907,262.91323522760564,6.365821848814986,-0.6340637191159546,277.55892001547653,270.2584503329918,3.717348800169892,-0.6207551529114127,280.71914836395786,274.3182058779264,1.7557436082721587,-0.2598022768201138,-0.0286084708281475,-0.0032234473472105766,101410.8502655009,117.66532898790459,0.5527895638695509,0.0,0.0,0.0,0.0,0.0,0.0,0.0,0.000672863058429796,0.0,2.562988108481031,-0.3681687783085771,96055.44301074884,476.70417641761594,276.8469613926889,61.558981671172894,0.0329222526486666,0.0,21.540483705230567,0.04719515895848828,277.08785047250205,280.49044669525364,0.004895238235210238,272.1444298274206,69.04582684431232,5.635580120666485e-10,1.668335572209508,-0.29865202303301747,4.512955222999268,-0.29865256979919735,-50.0,0.0,0.0,3.9774336912595975e-05,0.0,0.0,0.0,0.0,0.0,0.0,0.18822974490252076,0.221050119999867,5.756088394507284,53.80064555151911,11.754995509518718,0.333941359195986,-0.6816398366315148,11.691989201849102,14.321045493920574,2.797337327438407,-4.382168039006037,10.642892488794699,45.372851318266385,38.31361423292729,13.552179252524267,11.842575956320292,1861.5097493551054,83486.7908146574,74733.94744361003,116.5990725270903,274.71405615997276,15.169353781863567,320.9557213337152,0.006093302280513622,259.96861264686794,37.80893569907249,125.55842026040767,58.37983584067182,7.9073936168643,-6.451995622268242,17.888139851385038,-1.9358427574875297,38.00509236149276,4099.733006638354,5580.157780097817,8.598412348482343,21.115574472790552,-8.386239828618109,416.65841107672253,6.965505090349393,-7.338025199534663,26.801363608607797,-7.699694318338293,74714.75752538351,755.0086599014631,0.6307300439530023,0.008344789178333782,240.63098480712003,272.4186584412076,237.0491617502099,272.3880351708152
2025-01-29 14:25:00,-8.279052248735569,39.138660419360036,0.0023679374982394133,24801.781626661752,-9.268852276441306,-9.836231795529395,0.42280698209038947,6.736077447382056,30.92601573811084,-2.399084975108606,28.303394252883518,-2.588735126755554,5592.445218896962,254.29282010559768,237.3497112205176,19.393432387552213,-2.5166699740217497,3007.459931002447,270.07152048300827,251.79057410331652,-0.014667933050777956,11.8302463384273,-2.6584750467609535,1452.5515645415908,275.9821944938917,262.91369018040615,6.364090886330119,-0.6230779866257801,277.55243663431105,270.26232529006757,3.7070566521667,-0.6013722586451312,280.72616109134606,274.3309650884716,1.7591878143020316,-0.2588557229158746,-0.026509236933792084,-0.003559264218177681,101413.87181766774,117.91372459352141,0.5490862536552413,0.0,0.0,0.0,0.0,0.0,0.0,0.0,0.0006774581251466428,0.0,2.557929235581744,-0.36039808787528266,96058.24027128509,476.70417641761594,276.945934401051,61.55829094801907,0.032931258981181266,0.0,21.532341744434316,0.04719736736895939,277.14513647148874,280.54623909465397,0.0049030763409812364,272.17015265919713,69.034904122582,5.632945148591802e-10,1.6769477170391096,-0.2987366645325013,4.526335209356215,-0.2987372331693283,-50.0,0.0,0.0,3.84815832528931e-05,0.0,0.0,0.0,0.0,0.0,0.0,0.18822896694610355,0.22305330594078512,6.749597536350328,54.13939300730672,11.754995509518718,0.333941359195986,-2.5864581676631806,11.691989201849102,14.284747581237646,2.8092083298121593,-4.3734160621182365,10.648721383679785,45.36131599533403,38.35940275111746,13.498679843994049,11.763276970051034,1860.7330730481065,83634.77726222062,74733.38715262194,123.91738548047975,274.7684852241033,16.311826662917163,321.3795058075545,0.006092711773039372,272.79007857336194,39.92360842758271,125.28020362622328,58.195703069571586,7.894022275887432,-6.44277583315777,17.886256686127922,-1.9487318259126614,37.94423330521643,4099.524624424124,5579.617100081657,8.597217240088792,21.306709494642828,-8.317932067320301,419.2620552077459,7.100178893145792,-7.398295891660163,26.969235260452287,-7.632767819634697,74718.12906936197,755.081126366325,0.6307300002117079,0.008344789178333782,240.6375434482395,272.4883513247636,237.05701950208808,272.44990973674084
2025-01-29 14:30:00,-8.281192064655581,39.14576653381561,0.0023830295395458924,24834.206497051924,-9.268057472517782,-9.834712266703619,0.4243977545494008,6.753607977943018,30.900759112352304,-2.3705591772906267,28.288748551283646,-2.5711152557278907,5592.624522424773,254.29025969722244,237.3429635864611,19.3792014847081,-2.5118193186787483,3007.6687753003616,270.0678730129273,251.783053747321,-0.01585228826510722,11.817145195279668,-2.6527012233217744,1452.7773365503708,275.9798740199344,262.9141451332066,6.362359923845251,-0.6120922541356055,277.54595325314557,270.2662002471434,3.696764504163508,-0.5819893643788496,280.73317381873426,274.3437242990168,1.7626320203319046,-0.2579091690116354,-0.024410003039436672,-0.003895081089144786,101416.89336983458,118.16212019913823,0.5453829434409316,0.0,0.0,0.0,0.0,0.0,0.0,0.0,0.0006820531918634895,0.0,2.552870362682457,-0.35262739744198823,96061.03753182132,476.70417641761594,277.044907409413,61.55760022486524,0.03294026531369594,0.0,21.52419978363806,0.0471995757794305,277.2024224704754,280.60203149405436,0.004910914446752236,272.19587549097366,69.02398140085171,5.63031017651712e-10,1.6855598618687115,-0.2988213060319851,4.5397151957131605,-0.29882189653945934,-50.0,0.0,0.0,3.718882959319022e-05,0.0,0.0,0.0,0.0,0.0,0.0,0.18822818898968632,0.22505649188170324,7.743106678193373,54.478140463094334,11.754995509518718,0.333941359195986,-4.491276498694847,11.691989201849102,14.248449668554716,2.821079332185912,-4.364664085230437,10.654550278564871,45.34978067240168,38.40519126930762,13.445180435463833,11.683977983781777,1859.9563967411075,83782.76370978385,74732.82686163386,131.2356984338692,274.8229142882338,17.454299543970762,321.80329028139374,0.006092121265565122,285.6115444998559,42.03828115609291,125.00198699203891,58.011570298471355,7.880650934910563,-6.433556044047296,17.884373520870803,-1.9616208943377933,37.88337424894011,4099.316242209894,5579.076420065497,8.59602213169524,21.497844516495107,-8.249624306022493,421.8656993387693,7.234852695942189,-7.458566583785663,27.13710691229678,-7.565841320931102,74721.50061334042,755.1535928311869,0.6307299564704134,0.008344789178333782,240.644102089359,272.55804420831964,237.06487725396627,272.5117843026665
2025-01-29 14:35:00,-8.283331880575593,39.152872648271185,0.0023981215808523714,24866.631367442096,-9.267262668594258,-9.833192737877843,0.42598852700841217,6.771138508503981,30.875502486593767,-2.342033379472647,28.27410284968377,-2.5534953847002275,5592.803825952585,254.28769928884716,237.33621595240464,19.36497058186399,-2.5069686633357464,3007.877619598277,270.0642255428464,251.77553339132547,-0.017036643479436488,11.804044052132038,-2.6469273998825953,1453.0031085591509,275.97755354597706,262.91460008600706,6.3606289613603835,-0.6011065216454311,277.5394698719801,270.2700752042192,3.686472356160316,-0.5626064701125681,280.7401865461225,274.35648350956194,1.7660762263617775,-0.25696261510739615,-0.02231076914508126,-0.004230897960111891,101419.91492200141,118.41051580475506,0.541679633226622,0.0,0.0,0.0,0.0,0.0,0.0,0.0,0.0006866482585803361,0.0,2.5478114897831694,-0.34485670700869375,96063.83479235756,476.70417641761594,277.14388041777505,61.55690950171142,0.032949271646210615,0.0,21.51605782284181,0.047201784189901605,277.25970846946217,280.6578238934547,0.004918752552523235,272.22159832275025,69.0130586791214,5.627675204442437e-10,1.6941720066983132,-0.2989059475314689,4.553095182070107,-0.29890655990959036,-50.0,0.0,0.0,3.5896075933487345e-05,0.0,0.0,0.0,0.0,0.0,0.0,0.1882274110332691,0.22705967782262135,8.736615820036418,54.816887918881946,11.754995509518718,0.333941359195986,-6.396094829726514,11.691989201849102,14.212151755871789,2.8329503345596647,-4.355912108342637,10.660379173449957,45.33824534946932,38.45097978749779,13.391681026933615,11.60467899751252,1859.1797204341085,83930.75015734707,74732.26657064578,138.55401138725864,274.8773433523643,18.596772425024362,322.227074755233,0.006091530758090872,298.4330104263499,44.15295388460312,124.72377035785453,57.82743752737112,7.867279593933695,-6.424336254936822,17.882490355613683,-1.9745099627629252,37.822515192663786,4099.1078599956645,5578.535740049337,8.594827023301688,21.688979538347382,-8.181316544724686,424.46934346979265,7.369526498738588,-7.518837275911162,27.304978564141273,-7.498914822227507,74724.87215731888,755.2260592960487,0.630729912729119,0.008344789178333782,240.65066073047848,272.6277370918757,237.07273500584446,272.5736588685922
2025-01-29 14:40:00,-8.285471696495604,39.15997876272675,0.0024132136221588505,24899.056237832265,-9.266467864670734,-9.831673209052068,0.4275792994674235,6.788669039064944,30.850245860835233,-2.3135075816546675,28.2594571480839,-2.5358755136725644,5592.983129480396,254.2851388804719,237.32946831834818,19.350739679019878,-2.5021180079927445,3008.086463896192,270.0605780727654,251.76801303532994,-0.01822099869376575,11.790942908984409,-2.641153576443416,1453.2288805679311,275.9752330720197,262.91505503880757,6.358897998875516,-0.5901207891552566,277.5329864908146,270.273950161295,3.676180208157124,-0.5432235758462867,280.7471992735107,274.36924272010714,1.7695204323916505,-0.25601606120315695,-0.020211535250725846,-0.004566714831078995,101422.93647416824,118.65891141037189,0.5379763230123125,0.0,0.0,0.0,0.0,0.0,0.0,0.0,0.0006912433252971828,0.0,2.5427526168838823,-0.3370860165753993,96066.63205289381,476.70417641761594,277.2428534261371,61.55621877855759,0.03295827797872528,0.0,21.507915862045557,0.04720399260037271,277.31699446844885,280.713616292855,0.004926590658294233,272.2473211545268,69.00213595739109,5.625040232367754e-10,1.702784151527915,-0.2989905890309527,4.566475168427054,-0.29899122327972133,-50.0,0.0,0.0,3.460332227378447e-05,0.0,0.0,0.0,0.0,0.0,0.0,0.1882266330768519,0.22906286376353946,9.730124961879461,55.15563537466956,11.754995509518718,0.333941359195986,-8.300913160758181,11.691989201849102,14.175853843188861,2.844821336933417,-4.347160131454837,10.666208068335044,45.326710026536965,38.49676830568796,13.338181618403397,11.525380011243263,1858.4030441271095,84078.73660491029,74731.7062796577,145.8723243406481,274.9317724164948,19.73924530607796,322.6508592290723,0.006090940250616622,311.2544763528439,46.26762661311333,124.44555372367014,57.64330475627089,7.853908252956827,-6.415116465826349,17.880607190356567,-1.987399031188057,37.76165613638746,4098.899477781435,5577.995060033177,8.593631914908137,21.880114560199658,-8.113008783426878,427.072987600816,7.504200301534986,-7.579107968036662,27.472850215985762,-7.431988323523911,74728.24370129734,755.2985257609105,0.6307298689878247,0.008344789178333782,240.65721937159796,272.6974299754317,237.08059275772266,272.6355334345178
2025-01-29 14:45:00,-8.287611512415616,39.16708487718232,0.002428305663465329,24931.481108222433,-9.26567306074721,-9.830153680226292,0.42917007192643486,6.806199569625907,30.8249892350767,-2.2849817838366877,28.24481144648403,-2.5182556426449008,5593.162433008209,254.28257847209662,237.3227206842917,19.336508776175766,-2.497267352649743,3008.2953081941073,270.0569306026844,251.76049267933442,-0.019405353908095016,11.77784176583678,-2.635379753004237,1453.4546525767114,275.97291259806235,262.915509991608,6.357167036390649,-0.579135056665082,277.52650310964907,270.27782511837074,3.6658880601539323,-0.5238406815800051,280.7542120008989,274.38200193065234,1.7729646384215236,-0.25506950729891775,-0.01811230135637043,-0.0049025317020461,101425.95802633507,118.9073070159887,0.5342730127980029,0.0,0.0,0.0,0.0,0.0,0.0,0.0,0.0006958383920140295,0.0,2.537693743984595,-0.3293153261421049,96069.42931343004,476.70417641761594,277.3418264344992,61.55552805540377,0.03296728431123996,0.0,21.499773901249306,0.047206201010843815,277.37428046743554,280.76940869225535,0.004934428764065232,272.2730439863033,68.99121323566078,5.62240526029307e-10,1.7113962963575169,-0.2990752305304365,4.579855154784001,-0.2990758866498523,-50.0,0.0,0.0,3.331056861408159e-05,0.0,0.0,0.0,0.0,0.0,0.0,0.18822585512043466,0.23106604970445754,10.723634103722507,55.49438283045717,11.754995509518718,0.333941359195986,-10.205731491789845,11.691989201849102,14.139555930505933,2.8566923393071697,-4.338408154567037,10.67203696322013,45.31517470360461,38.54255682387813,13.28468220987318,11.446081024974005,1857.6263678201108,84226.7230524735,74731.1459886696,153.19063729403757,274.9862014806253,20.881718187131558,323.07464370291154,0.006090349743142372,324.0759422793378,48.382299341623536,124.16733708948576,57.459171985170656,7.840536911979958,-6.4058966767158765,17.87872402509945,-2.0002880996131887,37.70079708011113,4098.691095567205,5577.454380017018,8.592436806514584,22.071249582051934,-8.04470102212907,429.6766317318394,7.638874104331385,-7.639378660162161,27.640721867830255,-7.365061824820316,74731.61524527581,755.3709922257723,0.6307298252465303,0.008344789178333782,240.66377801271744,272.7671228589877,237.08845050960082,272.6974080004435
2025-01-29 14:50:00,-8.289751328335628,39.17419099163789,0.002443397704771808,24963.905978612605,-9.264878256823685,-9.828634151400516,0.4307608443854462,6.82373010018687,30.799732609318163,-2.2564559860187083,28.230165744884154,-2.5006357716172376,5593.34173653602,254.28001806372134,237.31597305023524,19.322277873331654,-2.492416697306741,3008.5041524920225,270.0532831326035,251.7529723233389,-0.020589709122424277,11.76474062268915,-2.6296059295650585,1453.6804245854914,275.970592124105,262.9159649444085,6.355436073905782,-0.5681493241749076,277.5200197284836,270.28170007544657,3.65559591215074,-0.5044577873137236,280.7612247282871,274.39476114119753,1.7764088444513966,-0.25412295339467855,-0.01601306746201502,-0.005238348573013205,101428.9795785019,119.15570262160554,0.5305697025836933,0.0,0.0,0.0,0.0,0.0,0.0,0.0,0.0007004334587308761,0.0,2.5326348710853077,-0.3215446357088104,96072.22657396628,476.70417641761594,277.44079944286125,61.554837332249946,0.03297629064375463,0.0,21.491631940453054,0.04720840942131492,277.4315664664222,280.8252010916557,0.0049422668698362315,272.2987668180799,68.98029051393047,5.619770288218388e-10,1.7200084411871186,-0.2991598720299203,4.593235141140948,-0.2991605500199833,-50.0,0.0,0.0,3.2017814954378715e-05,0.0,0.0,0.0,0.0,0.0,0.0,0.18822507716401743,0.23306923564537566,11.717143245565552,55.83313028624478,11.754995509518718,0.333941359195986,-12.110549822821511,11.691989201849102,14.103258017823006,2.868563341680922,-4.329656177679237,10.677865858105218,45.30363938067226,38.588345342068294,13.231182801342962,11.366782038704747,1856.8496915131118,84374.70950003674,74730.58569768151,160.508950247427,275.0406305447558,22.024191068185157,323.4984281767508,0.006089759235668122,336.89740820583177,50.49697207013375,123.88912045530138,57.275039214070425,7.827165571003089,-6.396676887605403,17.876840859842332,-2.013177168038321,37.63993802383481,4098.482713352975,5576.913700000858,8.591241698121033,22.26238460390421,-7.976393260831263,432.2802758628628,7.773547907127783,-7.699649352287661,27.808593519674748,-7.29813532611672,74734.98678925427,755.4434586906341,0.630729781505236,0.008344789178333782,240.6703366538369,272.83681574254376,237.096308261479,272.75928256636917
2025-01-29 14:55:00,-8.291891144255638,39.18129710609347,0.002458489746078287,24996.330849002778,-9.264083452900161,-9.827114622574742,0.43235161684445755,6.841260630747832,30.774475983559626,-2.2279301882007285,28.215520043284283,-2.4830159005895744,5593.521040063832,254.27745765534607,237.30922541617878,19.308046970487542,-2.4875660419637398,3008.7129967899377,270.0496356625225,251.74545196734337,-0.021774064336753544,11.75163947954152,-2.6238321061258794,1453.9061965942715,275.96827165014764,262.916419897209,6.353705111420915,-0.5571635916847331,277.5135363473181,270.2855750325224,3.6453037641475485,-0.48507489304744206,280.7682374556753,274.40752035174273,1.7798530504812695,-0.25317639949043935,-0.013913833567659607,-0.005574165443980309,101432.00113066872,119.40409822722236,0.5268663923693837,0.0,0.0,0.0,0.0,0.0,0.0,0.0,0.0007050285254477228,0.0,2.52757599818602,-0.313773945275516,96075.02383450251,476.70417641761594,277.5397724512233,61.55414660909612,0.0329852969762693,0.0,21.4834899796568,0.04721061783178603,277.4888524654089,280.880993491056,0.00495010497560723,272.32448964985645,68.96936779220017,5.617135316143705e-10,1.7286205860167205,-0.2992445135294041,4.606615127497894,-0.29924521339011434,-50.0,0.0,0.0,3.072506129467584e-05,0.0,0.0,0.0,0.0,0.0,0.0,0.18822429920760023,0.23507242158629377,12.710652387408597,56.17187774203239,11.754995509518718,0.333941359195986,-14.015368153853178,11.691989201849102,14.066960105140076,2.8804343440546747,-4.320904200791437,10.683694752990304,45.292104057739905,38.634133860258466,13.177683392812746,11.287483052435489,1856.0730152061128,84522.69594759996,74730.02540669343,167.82726320081645,275.09505960888634,23.166663949238753,323.9222126505901,0.006089168728193872,349.7188741323258,52.61164479864395,123.610903821117,57.090906442970194,7.813794230026221,-6.387457098494929,17.874957694585213,-2.0260662364634525,37.57907896755849,4098.274331138745,5576.373019984698,8.59004658972748,22.453519625756485,-7.908085499533455,434.8839199938862,7.908221709924182,-7.75992004441316,27.976465171519237,-7.231208827413124,74738.35833323273,755.515925155496,0.6307297377639415,0.008344789178333782,240.67689529495638,272.9065086260998,237.1041660133572,272.8211571322948
2025-01-29 15:00:00,-8.29403096017565,39.188403220549034,0.002473581787384766,25028.755719392946,-9.263288648976637,-9.825595093748966,0.4339423893034689,6.858791161308795,30.749219357801092,-2.199404390382749,28.20087434168441,-2.4653960295619113,5593.700343591643,254.2748972469708,237.3024777821223,19.29381606764343,-2.482715386620738,3008.921841087853,270.04598819244154,251.73793161134785,-0.02295841955108281,11.73853833639389,-2.6180582826867003,1454.1319686030517,275.9659511761903,262.91687485000944,6.351974148936048,-0.5461778591945585,277.5070529661526,270.28944998959815,3.6350116161443564,-0.4656919987811605,280.7752501830635,274.42027956228793,1.7832972565111425,-0.25222984558620015,-0.011814599673304194,-0.005909982314947414,101435.02268283555,119.65249383283918,0.5231630821550741,0.0,0.0,0.0,0.0,0.0,0.0,0.0,0.0007096235921645695,0.0,2.522517125286733,-0.3060032548422216,96077.82109503876,476.70417641761594,277.6387454595854,61.5534558859423,0.03299430330878397,0.0,21.475348018860547,0.04721282624225714,277.5461384643956,280.93678589045635,0.004957943081378229,272.350212481633,68.95844507046986,5.614500344069022e-10,1.7372327308463222,-0.2993291550288879,4.6199951138548405,-0.2993298767602453,-50.0,0.0,0.0,2.943230763497296e-05,0.0,0.0,0.0,0.0,0.0,0.0,0.188223521251183,0.23707560752721188,13.70416152925164,56.510625197820005,11.754995509518718,0.333941359195986,-15.920186484884846,11.691989201849102,14.030662192457148,2.892305346428427,-4.312152223903637,10.68952364787539,45.28056873480755,38.67992237844863,13.124183984282528,11.20818406616623,1855.2963388991138,84670.68239516318,74729.46511570534,175.1455761542059,275.14948867301683,24.309136830292353,324.34599712442935,0.006088578220719622,362.54034005881977,54.726317527154166,123.33268718693262,56.90677367186996,7.8004228890493525,-6.378237309384456,17.873074529328097,-2.0389553048885842,37.51821991128216,4098.065948924515,5575.832339968538,8.58885148133393,22.64465464760876,-7.8397777382356475,437.48756412490957,8.04289551272058,-7.8201907365386605,28.14433682336373,-7.164282328709529,74741.72987721118,755.5883916203578,0.6307296940226471,0.008344789178333782,240.68345393607586,272.9762015096558,237.1120237652354,272.88303169822046
2025-01-29 15:05:00,-8.300146468817793,39.18755763571656,0.0024786607465449194,25151.57460786367,-9.265743957183922,-9.825086204796214,0.43087482599713095,6.872467800446383,30.742958733718204,-2.165016393231453,28.185618293051448,-2.4388445773937963,5593.901910473918,254.27418071338414,237.29010466509942,19.286516253448127,-2.4733257440923238,3009.1248353773535,270.0446903914501,251.7419748023549,-0.02154115514743554,11.73153008557373,-2.61359343587156,1454.3264636097254,275.97221869605295,262.9195412522644,6.356763920559327,-0.5377332646741562,277.51700659844226,270.3044364842515,3.6333676588450787,-0.4418952304756835,280.8126510738135,274.43917921776676,1.7897734392033204,-0.24843838914244992,-0.013223183764508963,-0.0065716746288209385,101437.31686381742,119.84095635637199,0.518802165320922,0.0,0.0,0.0,0.0,0.0,0.0,0.0,0.0007431781952096984,0.0,2.5258950583444224,-0.2951200711675088,96079.98745924211,476.70417641761594,277.8038124425295,61.53316627220767,0.03299501191775307,0.0,21.419519123956356,0.047211645402273815,277.6431068734782,281.0342824721019,0.004966077322710848,272.3852467190019,68.83160671134928,5.60571258505276e-10,1.7456883696853516,-0.2971129963531106,4.630475197097871,-0.2971136880123281,-50.0,0.0,0.0,2.9092745016423115e-05,0.0,0.0,0.0,0.0,0.0,0.0,0.18823040252663714,0.23876108295046578,15.302237034774153,56.95247368392506,11.754995509518718,0.333941359195986,-17.957672599210944,11.691989201849102,13.96697317066471,2.898171504541309,-4.341459634746194,10.692325550795397,45.391865221524284,38.79659370793728,13.105812203226252,11.17317773330163,1855.7114848946223,84657.16436404204,74727.9996773642,183.46626686686182,275.37940957738385,25.702612589873052,325.052592871089,0.006069157086010957,371.8392892792012,56.91900566239805,123.13374915557431,56.83533251169687,7.78973230637769,-6.367775459587318,17.865517338885414,-2.0438088177064286,37.458073838104376,4098.008084440994,5576.407219115716,8.585869987225793,22.6542895425238,-7.785689921813311,442.5036049745824,8.08434887496516,-7.810902797570714,28.183049618549667,-7.1126175612898646,74761.18882626884,756.2252628108191,0.6307296940226471,0.00834483291962817,240.69857661879442,273.1064824070332,237.12720182530703,273.01316488661416
2025-01-29 15:10:00,-8.306261977459936,39.186712050884076,0.0024837397057050725,25274.393496334393,-9.268199265391205,-9.824577315843463,0.427807262690793,6.886144439583973,30.736698109635313,-2.130628396080157,28.170362244418484,-2.4122931252256814,5594.103477356194,254.27346417979746,237.27773154807653,19.27921643925282,-2.46393610156391,3009.3278296668536,270.0433925904586,251.74601799336193,-0.02012389074378827,11.72452183475357,-2.6091285890564198,1454.520958616399,275.97848621591555,262.92220765451947,6.361553692182607,-0.5292886701537538,277.5269602307319,270.31942297890475,3.631723701545801,-0.4180984621702066,280.8500519645635,274.45807887324554,1.7962496218954984,-0.2446469326986997,-0.014631767855713731,-0.007233366942694464,101439.61104479931,120.0294188799048,0.51444124848677,0.0,0.0,0.0,0.0,0.0,0.0,0.0,0.0007767327982548274,0.0,2.529272991402112,-0.2842368874927961,96082.15382344545,476.70417641761594,277.9688794254736,61.51287665847305,0.03299572052672217,0.0,21.363690229052164,0.04721046456229049,277.7400752825608,281.13177905374744,0.0049742115640434665,272.42028095637085,68.70476835222871,5.596924826036499e-10,1.754144008524381,-0.2948968376773333,4.640955280340901,-0.29489749926441094,-50.0,0.0,0.0,2.875318239787327e-05,0.0,0.0,0.0,0.0,0.0,0.0,0.18823728380209132,0.24044655837371964,16.900312540296667,57.39432217003011,11.754995509518718,0.333941359195986,-19.995158713537037,11.691989201849102,13.903284148872272,2.9040376626541904,-4.370767045588751,10.695127453715404,45.50316170824102,38.91326503742593,13.087440422169978,11.138171400437027,1856.126630890131,84643.64633292091,74726.53423902308,191.78695757951775,275.6093304817509,27.09608834945375,325.7591886177487,0.006049735951302293,381.1382384995826,59.11169379764193,122.934811124216,56.76389135152377,7.779041723706029,-6.357313609790181,17.857960148442732,-2.0486623305242726,37.397927764926585,4097.950219957473,5576.9820982628935,8.58288849311766,22.66392443743884,-7.731602105390975,447.5196458242552,8.125802237209738,-7.8016148586027665,28.221762413735608,-7.0609527938702,74780.6477753265,756.8621340012804,0.6307296940226471,0.008344876660922559,240.713699301513,273.23676330441054,237.14237988537866,273.14329807500786
2025-01-29 15:15:00,-8.312377486102077,39.1858664660516,0.0024888186648652257,25397.212384805112,-9.270654573598488,-9.824068426890712,0.424739699384455,6.899821078721561,30.73043748555242,-2.0962403989288605,28.15510619578552,-2.385741673057566,5594.305044238469,254.2727476462108,237.26535843105364,19.271916625057514,-2.454546459035496,3009.530823956354,270.0420947894671,251.75006118436895,-0.018706626340141,11.71751358393341,-2.604663742241279,1454.7154536230726,275.9847537357782,262.92487405677446,6.366343463805887,-0.5208440756333516,277.5369138630215,270.3344094735581,3.6300797442465234,-0.3943016938647296,280.8874528553134,274.4769785287244,1.8027258045876764,-0.2408554762549495,-0.0160403519469185,-0.007895059256567988,101441.9052257812,120.21788140343759,0.5100803316526179,0.0,0.0,0.0,0.0,0.0,0.0,0.0,0.0008102874012999564,0.0,2.5326509244598014,-0.2733537038180833,96084.3201876488,476.70417641761594,278.1339464084177,61.49258704473842,0.03299642913569127,0.0,21.307861334147972,0.04720928372230717,277.8370436916433,281.2292756353929,0.004982345805376085,272.45531519373975,68.57792999310813,5.588137067020237e-10,1.76259964736341,-0.29268067900155603,4.651435363583931,-0.2926813105164937,-50.0,0.0,0.0,2.8413619779323428e-05,0.0,0.0,0.0,0.0,0.0,0.0,0.18824416507754546,0.24213203379697354,18.49838804581918,57.83617065613517,11.754995509518718,0.333941359195986,-22.032644827863137,11.691989201849102,13.839595127079836,2.909903820767072,-4.400074456431309,10.697929356635411,45.61445819495775,39.029936366914576,13.069068641113702,11.103165067572426,1856.5417768856396,84630.12830179976,74725.06880068194,200.10764829217368,275.8392513861179,28.48956410903445,326.4657843644084,0.006030314816593628,390.437187719964,61.30438193288581,122.73587309285769,56.69245019135067,7.768351141034366,-6.346851759993044,17.85040295800005,-2.053515843342117,37.3377816917488,4097.892355473952,5577.556977410071,8.579906999009523,22.67355933235388,-7.677514288968638,452.535686673928,8.167255599454318,-7.79232691963482,28.260475208921545,-7.009288026450536,74800.10672438418,757.4990051917417,0.6307296940226471,0.00834492040221695,240.72882198423156,273.36704420178785,237.15755794545032,273.27343126340156
2025-01-29 15:20:00,-8.31849299474422,39.18502088121912,0.0024938976240253784,25520.031273275836,-9.273109881805773,-9.823559537937962,0.42167213607811704,6.9134977178591495,30.724176861469534,-2.061852401777564,28.139850147152558,-2.359190220889451,5594.506611120745,254.27203111262415,237.25298531403078,19.26461681086221,-2.4451568165070823,3009.7338182458543,270.0407969884757,251.754104375376,-0.01728936193649373,11.71050533311325,-2.600198895426139,1454.9099486297462,275.9910212556409,262.92754045902944,6.371133235429166,-0.5123994811129492,277.5468674953111,270.3493959682114,3.6284357869472452,-0.3705049255592526,280.92485374606343,274.4958781842032,1.8092019872798544,-0.23706401981119926,-0.017448936038123267,-0.008556751570441513,101444.19940676307,120.4063439269704,0.5057194148184658,0.0,0.0,0.0,0.0,0.0,0.0,0.0,0.0008438420043450853,0.0,2.5360288575174907,-0.2624705201433706,96086.48655185215,476.70417641761594,278.2990133913618,61.472297431003796,0.03299713774466037,0.0,21.25203243924378,0.04720810288232385,277.9340121007259,281.32677221703847,0.004990480046708704,272.4903494311087,68.45109163398756,5.579349308003975e-10,1.7710552862024393,-0.2904645203257787,4.661915446826961,-0.29046512176857653,-50.0,0.0,0.0,2.8074057160773584e-05,0.0,0.0,0.0,0.0,0.0,0.0,0.1882510463529996,0.24381750922022744,20.096463551341692,58.27801914224022,11.754995509518718,0.333941359195986,-24.07013094218923,11.691989201849102,13.775906105287397,2.9157699788799536,-4.429381867273865,10.700731259555418,45.72575468167448,39.14660769640322,13.050696860057426,11.068158734707824,1856.956922881148,84616.61027067862,74723.60336234081,208.42833900482958,276.06917229048486,29.88303986861515,327.1723801110681,0.006010893681884964,399.73613694034543,63.497070068129695,122.53693506149938,56.62100903117758,7.757660558362705,-6.336389910195906,17.842845767557368,-2.058369356159961,37.27763561857102,4097.834490990431,5578.131856557248,8.576925504901387,22.683194227268917,-7.623426472546301,457.55172752360085,8.208708961698898,-7.7830389806668725,28.29918800410748,-6.957623259030871,74819.56567344184,758.135876382203,0.6307296940226471,0.008344964143511338,240.74394466695014,273.4973250991652,237.17273600552195,273.40356445179526
2025-01-29 15:25:00,-8.324608503386363,39.18417529638664,0.0024989765831855315,25642.85016174656,-9.275565190013058,-9.82305064898521,0.4186045727717791,6.927174356996739,30.717916237386646,-2.0274644046262678,28.124594098519594,-2.332638768721336,5594.70817800302,254.27131457903747,237.2406121970079,19.25731699666691,-2.435767173978668,3009.936812535355,270.03949918748424,251.75814756638303,-0.01587209753284646,11.70349708229309,-2.5957340486109985,1455.1044436364198,275.9972887755035,262.9302068612845,6.375923007052446,-0.5039548865925468,277.55682112760076,270.36438246286474,3.6267918296479675,-0.3467081572537756,280.96225463681344,274.514777839682,1.8156781699720324,-0.23327256336744903,-0.018857520129328037,-0.009218443884315038,101446.49358774495,120.5948064505032,0.5013584979843136,0.0,0.0,0.0,0.0,0.0,0.0,0.0,0.0008773966073902142,0.0,2.5394067905751805,-0.25158733646865783,96088.6529160555,476.70417641761594,278.4640803743059,61.45200781726917,0.03299784635362947,0.0,21.19620354433959,0.047206922042340525,278.0309805098085,281.424268798684,0.004998614288041323,272.5253836684776,68.32425327486698,5.570561548987714e-10,1.7795109250414687,-0.2882483616500014,4.672395530069991,-0.28824893302065935,-50.0,0.0,0.0,2.773449454222374e-05,0.0,0.0,0.0,0.0,0.0,0.0,0.18825792762845375,0.24550298464348133,21.69453905686421,58.71986762834527,11.754995509518718,0.333941359195986,-26.10761705651533,11.691989201849102,13.71221708349496,2.921636136992835,-4.458689278116422,10.703533162475425,45.83705116839121,39.263279025891876,13.032325079001152,11.033152401843223,1857.3720688766568,84603.09223955749,74722.13792399967,216.74902971748548,276.2990931948519,31.27651562819585,327.87897585772777,0.005991472547176299,409.03508616072685,65.68975820337357,122.33799703014107,56.54956787100448,7.746969975691043,-6.325928060398768,17.835288577114685,-2.0632228689778054,37.21748954539323,4097.776626506909,5578.706735704426,8.573944010793253,22.69282912218396,-7.569338656123965,462.5677683732736,8.250162323943476,-7.773751041698926,28.337900799293422,-6.905958491611207,74839.0246224995,758.7727475726643,0.6307296940226471,0.008345007884805727,240.7590673496687,273.62760599654257,237.1879140655936,273.53369764018896
2025-01-29 15:30:00,-8.330724012028504,39.183329711554165,0.0025040555423456847,25765.66905021728,-9.278020498220341,-9.82254176003246,0.41553700946544114,6.940850996134327,30.711655613303755,-1.9930764074749718,28.10933804988663,-2.3060873165532207,5594.909744885295,254.2705980454508,237.228239079985,19.250017182471602,-2.426377531450254,3010.1398068248554,270.03820138649274,251.76219075739004,-0.01445483312919919,11.69648883147293,-2.591269201795858,1455.2989386430936,276.00355629536614,262.9328732635395,6.380712778675726,-0.49551029207214453,277.5667747598904,270.37936895751807,3.62514787234869,-0.3229113889482986,280.9996555275634,274.5336774951608,1.8221543526642106,-0.22948110692369883,-0.020266104220532807,-0.009880136198188564,101448.78776872683,120.783268974036,0.49699758115016157,0.0,0.0,0.0,0.0,0.0,0.0,0.0,0.0009109512104353432,0.0,2.54278472363287,-0.24070415279394508,96090.81928025885,476.70417641761594,278.6291473572501,61.431718203534544,0.03299855496259857,0.0,21.140374649435397,0.04720574120235721,278.1279489188911,281.5217653803295,0.005006748529373942,272.5604179058465,68.1974149157464,5.561773789971452e-10,1.7879665638804978,-0.2860322029742241,4.682875613313021,-0.28603274427274217,-50.0,0.0,0.0,2.73949319236739e-05,0.0,0.0,0.0,0.0,0.0,0.0,0.1882648089039079,0.24718846006673523,23.292614562386717,59.16171611445032,11.754995509518718,0.333941359195986,-28.145103170841423,11.691989201849102,13.648528061702521,2.927502295105717,-4.4879966889589795,10.706335065395432,45.94834765510794,39.37995035538052,13.013953297944877,10.99814606897862,1857.7872148721654,84589.57420843634,74720.67248565855,225.06972043014142,276.5290140992189,32.66999138777655,328.5855716043875,0.005972051412467635,418.33403538110827,67.88244633861746,122.13905899878276,56.47812671083138,7.73627939301938,-6.31546621060163,17.827731386672003,-2.06807638179565,37.157343472215445,4097.718762023389,5579.281614851604,8.570962516685118,22.702464017098997,-7.515250839701628,467.58380922294646,8.291615686188056,-7.7644631027309785,28.37661359447936,-6.8542937241915425,74858.48357155717,759.4096187631258,0.6307296940226471,0.008345051626100115,240.77419003238725,273.75788689391993,237.20309212566522,273.66383082858266
2025-01-29 15:35:00,-8.336839520670647,39.18248412672168,0.002509134501505838,25888.487938688002,-9.280475806427624,-9.822032871079708,0.4124694461591032,6.954527635271916,30.705394989220864,-1.9586884103236755,28.094082001253668,-2.279535864385106,5595.111311767571,254.26988151186416,237.2158659629621,19.242717368276296,-2.4169878889218404,3010.3428011143556,270.03690358550125,251.7662339483971,-0.01303756872555192,11.689480580652768,-2.5868043549807176,1455.4934336497672,276.0098238152288,262.93553966579447,6.385502550299006,-0.4870656975517422,277.57672839218003,270.39435545217134,3.623503915049412,-0.2991146206428216,281.03705641831334,274.55257715063965,1.8286305353563885,-0.2256896504799486,-0.021674688311737574,-0.010541828512062089,101451.08194970872,120.97173149756881,0.4926366643160095,0.0,0.0,0.0,0.0,0.0,0.0,0.0,0.0009445058134804722,0.0,2.546162656690559,-0.22982096911923233,96092.9856444622,476.70417641761594,278.7942143401942,61.41142858979991,0.032999263571567676,0.0,21.084545754531206,0.04720456036237389,278.2249173279737,281.61926196197504,0.005014882770706561,272.5954521432155,68.07057655662582,5.55298603095519e-10,1.7964222027195271,-0.2838160442984468,4.6933556965560514,-0.283816555524825,-50.0,0.0,0.0,2.7055369305124057e-05,0.0,0.0,0.0,0.0,0.0,0.0,0.18827169017936207,0.2488739354899891,24.890690067909233,59.60356460055537,11.754995509518718,0.333941359195986,-30.182589285167523,11.691989201849102,13.584839039910083,2.9333684532185984,-4.517304099801537,10.709136968315438,46.05964414182467,39.49662168486917,12.9955815168886,10.96313973611402,1858.2023608676739,84576.0561773152,74719.20704731741,233.39041114279735,276.7589350035859,34.063467147357244,329.29216735104717,0.00595263027775897,427.6329846014897,70.07513447386134,121.94012096742446,56.40668555065829,7.725588810347719,-6.305004360804492,17.82017419622932,-2.0729298946134938,37.09719739903766,4097.660897539868,5579.856493998782,8.567981022576982,22.712098912014035,-7.461163023279291,472.5998500726193,8.333069048432636,-7.755175163763032,28.415326389665296,-6.802628956771879,74877.94252061483,760.0464899535871,0.6307296940226471,0.008345095367394504,240.78931271510584,273.8881677912973,237.21827018573686,273.79396401697636
2025-01-29 15:40:00,-8.34295502931279,39.18163854188921,0.002514213460665991,26011.306827158725,-9.28293111463491,-9.821523982126957,0.40940188285276524,6.968204274409505,30.699134365137976,-1.9243004131723793,28.078825952620704,-2.252984412216991,5595.312878649846,254.26916497827747,237.20349284593922,19.235417554080993,-2.4075982463934262,3010.545795403856,270.0356057845098,251.77027713940413,-0.01162030432190465,11.682472329832608,-2.5823395081655773,1455.6879286564408,276.0160913350914,262.9382060680495,6.390292321922286,-0.47862110303133987,277.58668202446967,270.40934194682467,3.6218599577501345,-0.2753178523373446,281.07445730906335,274.5714768061184,1.8351067180485665,-0.22189819403619837,-0.02308327240294234,-0.011203520825935613,101453.3761306906,121.16019402110162,0.4882757474818574,0.0,0.0,0.0,0.0,0.0,0.0,0.0,0.0009780604165256011,0.0,2.549540589748249,-0.21893778544451958,96095.15200866554,476.70417641761594,278.95928132313827,61.391138976065285,0.032999972180536775,0.0,21.028716859627014,0.047203379522390565,278.3218857370563,281.7167585436206,0.00502301701203918,272.6304863805844,67.94373819750524,5.544198271938929e-10,1.8048778415585565,-0.2815998856226695,4.703835779799082,-0.2816003667769078,-50.0,0.0,0.0,2.6715806686574213e-05,0.0,0.0,0.0,0.0,0.0,0.0,0.18827857145481622,0.25055941091324296,26.488765573431746,60.045413086660425,11.754995509518718,0.333941359195986,-32.220075399493616,11.691989201849102,13.521150018117645,2.93923461133148,-4.546611510644094,10.711938871235445,46.1709406285414,39.61329301435782,12.977209735832327,10.928133403249419,1858.6175068631826,84562.53814619407,74717.74160897627,241.71110185545325,276.98885590795294,35.45694290693795,329.99876309770684,0.005933209143050305,436.9319338218711,72.26782260910522,121.74118293606615,56.33524439048519,7.7148982276760565,-6.2945425110073545,17.812617005786638,-2.077783407431338,37.03705132585987,4097.603033056346,5580.43137314596,8.564999528468848,22.721733806929077,-7.407075206856955,477.61589092229207,8.374522410677214,-7.745887224795085,28.454039184851236,-6.7509641893522145,74897.40146967249,760.6833611440484,0.6307296940226471,0.008345139108688893,240.8044353978244,274.01844868867465,237.2334482458085,273.92409720537006
2025-01-29 15:45:00,-8.349070537954933,39.180792957056724,0.0025192924198261437,26134.12571562945,-9.285386422842194,-9.821015093174207,0.4063343195464273,6.981880913547093,30.692873741055088,-1.889912416021083,28.06356990398774,-2.226432960048876,5595.514445532122,254.26844844469082,237.19111972891636,19.22811773988569,-2.3982086038650126,3010.7487896933562,270.0343079835184,251.77432033041117,-0.01020303991825738,11.675464079012448,-2.577874661350437,1455.8824236631144,276.02235885495406,262.9408724703045,6.3950820935455654,-0.4701765085109375,277.5966356567593,270.424328441478,3.6202160004508563,-0.2515210840318677,281.11185819981335,274.59037646159726,1.8415829007407445,-0.21810673759244814,-0.02449185649414711,-0.011865213139809138,101455.67031167247,121.34865654463442,0.48391483064770535,0.0,0.0,0.0,0.0,0.0,0.0,0.0,0.00101161501957073,0.0,2.552918522805938,-0.20805460176980684,96097.31837286889,476.70417641761594,279.12434830608237,61.37084936233066,0.033000680789505875,0.0,20.972887964722823,0.04720219868240724,278.41885414613887,281.81425512526613,0.005031151253371799,272.66552061795335,67.81689983838467,5.535410512922667e-10,1.8133334803975858,-0.2793837269468922,4.714315863042112,-0.2793841780289906,-50.0,0.0,0.0,2.637624406802437e-05,0.0,0.0,0.0,0.0,0.0,0.0,0.18828545273027036,0.2522448863364969,28.086841078954258,60.487261572765476,11.754995509518718,0.333941359195986,-34.25756151381972,11.691989201849102,13.457460996325207,2.9451007694443616,-4.57591892148665,10.714740774155452,46.282237115258134,39.72996434384647,12.958837954776051,10.893127070384816,1859.032652858691,84549.02011507293,74716.27617063514,250.03179256810915,277.2187768123199,36.85041866651865,330.7053588443665,0.005913788008341641,446.2308830422525,74.46051074434911,121.54224490470784,56.26380323031209,7.704207645004395,-6.284080661210217,17.805059815343956,-2.082636920249182,36.97690525268209,4097.545168572825,5581.006252293137,8.562018034360712,22.731368701844115,-7.352987390434619,482.6319317719649,8.415975772921794,-7.736599285827138,28.492751980037173,-6.69929942193255,74916.86041873015,761.3202323345097,0.6307296940226471,0.008345182849983281,240.81955808054298,274.148729586052,237.24862630588012,274.05423039376376
2025-01-29 15:50:00,-8.355186046597076,39.17994737222425,0.002524371378986297,26256.944604100172,-9.287841731049477,-9.820506204221456,0.4032667562400893,6.995557552684682,30.686613116972197,-1.8555244188697868,28.048313855354778,-2.199881507880761,5595.7160124143975,254.26773191110416,237.17874661189347,19.220817925690383,-2.3888189613365984,3010.951783982857,270.0330101825269,251.7783635214182,-0.00878577551461011,11.668455828192288,-2.573409814535297,1456.076918669788,276.0286263748167,262.9435388725595,6.399871865168845,-0.4617319139905352,277.6065892890489,270.43931493613127,3.6185720431515787,-0.22772431572639068,281.1492590905633,274.6092761170761,1.8480590834329225,-0.2143152811486979,-0.025900440585351882,-0.012526905453682662,101457.96449265436,121.53711906816721,0.4795539138135533,0.0,0.0,0.0,0.0,0.0,0.0,0.0,0.001045169622615859,0.0,2.5562964558636274,-0.1971714180950941,96099.48473707224,476.70417641761594,279.28941528902646,61.350559748596034,0.033001389398474974,0.0,20.91705906981863,0.04720101784242392,278.5158225552214,281.9117517069117,0.005039285494704417,272.70055485532225,67.69006147926409,5.526622753906405e-10,1.8217891192366151,-0.2771675682711149,4.724795946285142,-0.2771679892810734,-50.0,0.0,0.0,2.6036681449474526e-05,0.0,0.0,0.0,0.0,0.0,0.0,0.18829233400572454,0.25393036175975076,29.684916584476774,60.929110058870535,11.754995509518718,0.333941359195986,-36.29504762814581,11.691989201849102,13.39377197453277,2.950966927557243,-4.605226332329208,10.717542677075459,46.393533601974866,39.846635673335115,12.940466173719775,10.858120737520215,1859.4477988541996,84535.50208395178,74714.810732294,258.3524832807651,277.4486977166869,38.243894426099345,331.4119545910262,0.005894366873632977,455.52983226263393,76.65319887959299,121.34330687334953,56.192362070139,7.693517062332733,-6.27361881141308,17.797502624901274,-2.0874904330670265,36.916759179504304,4097.4873040893035,5581.5811314403145,8.559036540252576,22.741003596759153,-7.298899574012282,487.64797262163773,8.457429135166374,-7.727311346859191,28.53146477522311,-6.647634654512886,74936.31936778783,761.957103524971,0.6307296940226471,0.008345226591277672,240.83468076326153,274.2790104834293,237.26380436595178,274.18436358215746
2025-01-29 15:55:00,-8.361301555239217,39.179101787391765,0.00252945033814645,26379.76349257089,-9.29029703925676,-9.819997315268704,0.40019919293375134,7.009234191822271,30.680352492889305,-1.8211364217184904,28.033057806721814,-2.1733300557126456,5595.9175792966735,254.26701537751748,237.16637349487058,19.213518111495077,-2.3794293188081848,3011.154778272357,270.0317123815354,251.78240671242523,-0.007368511110962841,11.661447577372128,-2.568944967720156,1456.2714136764616,276.0348938946793,262.94620527481453,6.404661636792125,-0.4532873194701329,277.6165429213385,270.4543014307846,3.616928085852301,-0.20392754742091368,281.18665998131326,274.62817577255487,1.8545352661251004,-0.2105238247049477,-0.02730902467655665,-0.013188597767556189,101460.25867363624,121.72558159170002,0.47519299697940115,0.0,0.0,0.0,0.0,0.0,0.0,0.0,0.001078724225660988,0.0,2.559674388921317,-0.18628823442038134,96101.65110127558,476.70417641761594,279.4544822719706,61.33027013486141,0.033002098007444074,0.0,20.86123017491444,0.0471998370024406,278.612790964304,282.00924828855716,0.005047419736037036,272.7355890926912,67.56322312014352,5.517834994890144e-10,1.8302447580756442,-0.2749514095953376,4.735276029528172,-0.2749518005331562,-50.0,0.0,0.0,2.5697118830924682e-05,0.0,0.0,0.0,0.0,0.0,0.0,0.18829921528117868,0.2556158371830047,31.282992089999283,61.370958544975586,11.754995509518718,0.333941359195986,-38.33253374247191,11.691989201849102,13.330082952740332,2.956833085670125,-4.634533743171765,10.720344579995466,46.5048300886916,39.96330700282377,12.922094392663501,10.823114404655612,1859.8629448497084,84521.98405283065,74713.34529395288,266.673173993421,277.67861862105394,39.63737018568004,332.1185503376859,0.005874945738924312,464.82878148301535,78.84588701483686,121.14436884199122,56.120920909965896,7.682826479661071,-6.263156961615942,17.78994543445859,-2.0923439458848705,36.85661310632651,4097.429439605783,5582.156010587492,8.556055046144442,22.750638491674195,-7.244811757589946,492.6640134713105,8.498882497410952,-7.718023407891244,28.57017757040905,-6.595969887093221,74955.77831684549,762.5939747154323,0.6307296940226471,0.00834527033257206,240.84980344598011,274.4092913808067,237.27898242602342,274.31449677055116
2025-01-29 16:00:00,-8.36741706388136,39.17825620255929,0.002534529297306603,26502.582381041615,-9.292752347464045,-9.819488426315953,0.3971316296274134,7.02291083095986,30.674091868806418,-1.7867484245671943,28.01780175808885,-2.1467786035445307,5596.1191461789485,254.26629884393083,237.1540003778477,19.206218297299774,-2.3700396762797706,3011.3577725618575,270.03041458054395,251.78644990343227,-0.00595124670731557,11.654439326551968,-2.564480120905016,1456.4659086831352,276.041161414542,262.9488716770695,6.409451408415404,-0.44484272494973054,277.62649655362816,270.4692879254379,3.6152841285530233,-0.18013077911543673,281.22406087206326,274.6470754280337,1.8610114488172784,-0.20673236826119748,-0.028717608767761416,-0.013850290081429713,101462.55285461812,121.91404411523283,0.4708320801452491,0.0,0.0,0.0,0.0,0.0,0.0,0.0,0.001112278828706117,0.0,2.5630523219790065,-0.1754050507456686,96103.81746547893,476.70417641761594,279.6195492549147,61.30998052112678,0.03300280661641317,0.0,20.805401280010248,0.047198656162457275,278.7097593733866,282.1067448702027,0.005055553977369655,272.7706233300601,67.43638476102294,5.509047235873882e-10,1.8387003969146736,-0.2727352509195603,4.745756112771202,-0.27273561178523903,-50.0,0.0,0.0,2.535755621237484e-05,0.0,0.0,0.0,0.0,0.0,0.0,0.18830609655663283,0.25730131260625855,32.8810675955218,61.81280703108064,11.754995509518718,0.333941359195986,-40.370019856798,11.691989201849102,13.266393930947894,2.9626992437830064,-4.663841154014322,10.723146482915473,46.61612657540833,40.079978332312415,12.903722611607225,10.788108071791012,1860.2780908452169,84508.46602170951,74711.87985561174,274.9938647060769,277.90853952542096,41.030845945260744,332.8251460843456,0.005855524604215647,474.12773070339676,81.03857515008075,120.94543081063291,56.0494797497928,7.672135896989409,-6.252695111818804,17.78238824401591,-2.097197458702715,36.79646703314873,4097.371575122262,5582.73088973467,8.553073552036306,22.760273386589233,-7.190723941167609,497.68005432098334,8.540335859655531,-7.708735468923297,28.608890365594988,-6.544305119673557,74975.23726590315,763.2308459058936,0.6307296940226471,0.008345314073866449,240.86492612869867,274.53957227818404,237.29416048609505,274.44462995894486
2025-01-29 16:05:00,-8.370071649224387,39.17628296715746,0.002559331325083025,26669.14289633506,-9.291739159660622,-9.818513823801844,0.3979521206260674,7.03020706352082,30.681799588013753,-1.7513989840254571,28.01896235541127,-2.1133090552399354,5596.232064316061,254.26662457715264,237.1507480694682,19.20621341226174,-2.3668723167676053,3011.4540929182017,270.0313493131245,251.78071428519806,-0.0054684117829814855,11.650669168678311,-2.5606463285426333,1456.5328553560532,276.0567735816107,262.95126102618076,6.414458236457799,-0.4381941975852709,277.6514997307429,270.48270387242314,3.618216629225005,-0.15649177239196493,281.27856108752684,274.65964579502867,1.87055862144815,-0.1978223518383881,-0.027398117758334346,-0.014033499573069071,101462.97909883485,121.94771597660956,0.46969543527224494,0.0,0.0,0.0,0.0,0.0,0.0,0.0,0.0011437951311740182,0.0,2.5722028470435716,-0.16444445472958882,96104.13783240541,476.70417641761594,279.79020337682056,61.27208592434891,0.03299549744612079,0.0,20.71500154056839,0.04719418610835979,278.8077922766891,282.2070478917965,0.005061534367185072,272.7979443439125,67.26277324530486,5.500127346654833e-10,1.8490225013275159,-0.2639392204838332,4.753368295011683,-0.2639396141554827,-50.0,0.0,0.0,2.6552887686528195e-05,0.0,0.0,0.0,0.0,0.0,0.0,0.18832428881466867,0.2585065090545354,34.661839552383086,62.14696169469871,11.754995509518718,0.333941359195986,-41.70154028844409,11.691982815620122,13.201510207555941,2.9822278421037254,-4.6398773109181946,10.729848523421271,46.57356240299274,40.04858804851365,12.860029257676992,10.762369819346704,1861.7419555500555,84469.821422397,74707.2472282454,282.20267984976795,278.0351385846682,42.23537306813981,333.5729289605794,0.005886830248609772,479.00180975231405,82.57187408088605,120.74318843067259,55.92881295050253,7.670230999896512,-6.244750630335765,17.77096803800245,-2.1039600958568,36.74696606007989,4097.69721462436,5583.319418790175,8.545921364875355,23.154836483668838,-7.204208026247576,503.7519511306528,8.711902601084818,-7.680659331776493,29.178276481023364,-6.5569091736517136,75023.84316523904,762.8356950570413,0.630729781505236,0.008343958093740394,240.87404900952026,274.6871595545588,237.30322908062686,274.5977475561053
2025-01-29 16:10:00,-8.372726234567414,39.17430973175564,0.0025841333528594467,26835.703411628503,-9.290725971857201,-9.817539221287733,0.3987726116247214,7.03750329608178,30.68950730722109,-1.7160495434837202,28.020122952733686,-2.07983950693534,5596.344982453173,254.26695031037448,237.14749576108872,19.20620852722371,-2.36370495725544,3011.5504132745455,270.03228404570507,251.77497866696385,-0.004985576858647401,11.646899010804654,-2.556812536180251,1456.5998020289712,276.0723857486794,262.953650375292,6.419465064500193,-0.43154567022081125,277.6765029078577,270.4961198194083,3.6211491298969865,-0.13285276566849313,281.3330613029904,274.6722161620237,1.8801057940790213,-0.1889123354155787,-0.026078626748907277,-0.014216709064708427,101463.4053430516,121.9813878379863,0.46855879039924075,0.0,0.0,0.0,0.0,0.0,0.0,0.0,0.0011753114336419195,0.0,2.5813533721081368,-0.15348385871350906,96104.45819933189,476.70417641761594,279.96085749872634,61.23419132757103,0.0329881882758284,0.0,20.62460180112653,0.04718971605426231,278.90582517999167,282.3073509133903,0.005067514757000489,272.82526535776486,67.08916172958676,5.491207457435786e-10,1.8593446057403582,-0.25514319004810615,4.760980477252163,-0.2551436165257264,-50.0,0.0,0.0,2.7748219160681552e-05,0.0,0.0,0.0,0.0,0.0,0.0,0.18834248107270452,0.2597117055028123,36.44261150924437,62.48111635831678,11.754995509518718,0.333941359195986,-43.033060720090184,11.69197642939114,13.13662648416399,3.001756440424445,-4.615913467822066,10.736550563927072,46.53099823057716,40.01719776471488,12.816335903746758,10.736631566902396,1863.2058202548944,84431.17682308448,74702.61460087907,289.411494993459,278.16173764391544,43.43990019101887,334.32071183681325,0.005918135893003896,483.8758888012313,84.10517301169133,120.54094605071225,55.808146151212256,7.668326102803615,-6.236806148852725,17.759547831988996,-2.1107227330108858,36.69746508701106,4098.022854126458,5583.90794784568,8.538769177714405,23.549399580748442,-7.217692111327543,509.8238479403222,8.883469342514106,-7.652583194629688,29.747662596451743,-6.569513227629871,75072.44906457492,762.440544208189,0.6307298689878247,0.008342602113614338,240.88317189034186,274.83474683093357,237.31229767515865,274.7508651532657
2025-01-29 16:15:00,-8.375380819910442,39.172336496353815,0.002608935380635869,27002.263926921943,-9.289712784053778,-9.816564618773624,0.3995931026233754,7.04479952864274,30.697215026428424,-1.680700102941983,28.0212835500561,-2.046369958630745,5596.457900590285,254.2672760435963,237.14424345270922,19.206203642185677,-2.3605375977432748,3011.6467336308897,270.0332187782857,251.76924304872966,-0.004502741934313317,11.643128852931,-2.5529787438178686,1456.666748701889,276.08799791574813,262.9560397244032,6.424471892542588,-0.4248971428563516,277.7015060849725,270.50953576639347,3.6240816305689676,-0.10921375894502132,281.38756151845405,274.68478652901865,1.889652966709893,-0.1800023189927693,-0.024759135739480208,-0.014399918556347785,101463.83158726835,122.01505969936304,0.4674221455262366,0.0,0.0,0.0,0.0,0.0,0.0,0.0,0.0012068277361098208,0.0,2.590503897172702,-0.14252326269742932,96104.77856625835,476.70417641761594,280.1315116206322,61.19629673079315,0.03298087910553602,0.0,20.534202061684674,0.04718524600016483,279.0038580832942,282.40765393498407,0.005073495146815906,272.85258637161724,66.91555021386868,5.482287568216737e-10,1.8696667101532005,-0.24634715961237905,4.7685926594926435,-0.24634761889597015,-50.0,0.0,0.0,2.8943550634834906e-05,0.0,0.0,0.0,0.0,0.0,0.0,0.18836067333074036,0.2609169019510892,38.22338346610566,62.81527102193486,11.754995509518718,0.333941359195986,-44.364581151736274,11.69197004316216,13.071742760772038,3.021285038745164,-4.591949624725938,10.743252604432872,46.48843405816157,39.985807480916115,12.772642549816524,10.71089331445809,1864.6696849597333,84392.53222377197,74697.98197351272,296.62031013715,278.28833670316266,44.644427313897936,335.068494713047,0.00594944153739802,488.74996785014866,85.63847194249664,120.33870367075193,55.687479351921986,7.666421205710718,-6.228861667369685,17.74812762597554,-2.117485370164971,36.64796411394222,4098.348493628556,5584.496476901184,8.531616990553456,23.943962677828043,-7.23117619640751,515.8957447499916,9.055036083943392,-7.624507057482885,30.31704871188012,-6.582117281608028,75121.0549639108,762.0453933593367,0.6307299564704134,0.008341246133488283,240.89229477116345,274.9823341073083,237.32136626969046,274.9039827504261
2025-01-29 16:20:00,-8.378035405253469,39.170363260951994,0.0026337374084122907,27168.824442215388,-9.288699596250355,-9.815590016259515,0.4004135936220294,7.0520957612037005,30.70492274563576,-1.645350662400246,28.02244414737852,-2.012900410326149,5596.570818727398,254.26760177681814,237.14099114432975,19.206198757147643,-2.3573702382311095,3011.743053987234,270.03415351086625,251.76350743049545,-0.004019907009979232,11.639358695057343,-2.549144951455486,1456.733695374807,276.10361008281683,262.9584290735144,6.429478720584982,-0.41824861549189196,277.72650926208723,270.5229517133787,3.627014131240949,-0.08557475222154952,281.4420617339176,274.6973568960136,1.8992001393407645,-0.17109230256995991,-0.023439644730053135,-0.014583128047987141,101464.2578314851,122.04873156073978,0.4662855006532325,0.0,0.0,0.0,0.0,0.0,0.0,0.0,0.0012383440385777221,0.0,2.599654422237267,-0.13156266668134955,96105.09893318483,476.70417641761594,280.30216574253797,61.158402134015276,0.03297356993524364,0.0,20.443802322242817,0.04718077594606734,279.1018909865967,282.50795695657786,0.005079475536631323,272.8799073854696,66.7419386981506,5.47336767899769e-10,1.8799888145660428,-0.23755112917665194,4.776204841733124,-0.23755162126621385,-50.0,0.0,0.0,3.0138882108988262e-05,0.0,0.0,0.0,0.0,0.0,0.0,0.1883788655887762,0.26212209839936607,40.004155422966946,63.149425685552934,11.754995509518718,0.333941359195986,-45.696101583382365,11.69196365693318,13.006859037380087,3.040813637065883,-4.567985781629811,10.74995464493867,46.44586988574599,39.954417197117344,12.728949195886289,10.685155062013783,1866.133549664572,84353.88762445946,74693.34934614638,303.829125280841,278.4149357624099,45.848954436777,335.81627758928084,0.0059807471817921445,493.62404689906595,87.17177087330194,120.1364612907916,55.56681255263172,7.664516308617822,-6.220917185886646,17.73670741996208,-2.1242480073190566,36.59846314087339,4098.674133130654,5585.085005956689,8.524464803392505,24.338525774907648,-7.2446602814874765,521.967641559661,9.22660282537268,-7.59643092033608,30.886434827308495,-6.594721335586185,75169.6608632467,761.6502425104844,0.6307300439530023,0.008339890153362227,240.90141765198504,275.12992138368304,237.33043486422224,275.0571003475865
2025-01-29 16:25:00,-8.380689990596496,39.16839002555017,0.0026585394361887124,27335.38495750883,-9.287686408446934,-9.814615413745404,0.4012340846206834,7.0593919937646605,30.712630464843095,-1.610001221858509,28.023604744700936,-1.9794308620215542,5596.68373686451,254.26792751003995,237.13773883595024,19.20619387210961,-2.354202878718944,3011.8393743435777,270.0350882434468,251.75777181226124,-0.0035370720856451477,11.635588537183686,-2.5453111590931035,1456.800642047725,276.1192222498855,262.96081842262566,6.434485548627377,-0.4116000881274323,277.751512439202,270.5363676603639,3.6299466319129308,-0.06193574549807772,281.4965619493812,274.70992726300864,1.9087473119716358,-0.16218228614715052,-0.022120153720626066,-0.014766337539626499,101464.68407570184,122.08240342211651,0.46514885578022835,0.0,0.0,0.0,0.0,0.0,0.0,0.0,0.0012698603410456234,0.0,2.608804947301832,-0.12060207066526979,96105.4193001113,476.70417641761594,280.4728198644438,61.1205075372374,0.03296626076495126,0.0,20.35340258280096,0.047176305891969854,279.19992388989925,282.60825997817165,0.00508545592644674,272.907228399322,66.56832718243251,5.464447789778641e-10,1.8903109189788851,-0.22875509874092487,4.783817023973604,-0.22875562363645754,-50.0,0.0,0.0,3.133421358314162e-05,0.0,0.0,0.0,0.0,0.0,0.0,0.18839705784681204,0.26332729484764295,41.78492737982823,63.48358034917101,11.754995509518718,0.333941359195986,-47.027622015028456,11.691957270704199,12.941975313988134,3.060342235386602,-4.5440219385336835,10.756656685444469,46.403305713330404,39.92302691331858,12.685255841956055,10.659416809569475,1867.5974143694107,84315.24302514693,74688.71671878005,311.03794042453205,278.54153482165714,47.05348155965606,336.5640604655147,0.006012052826186269,498.4981259479832,88.70506980410723,119.93421891083128,55.44614575334145,7.662611411524925,-6.212972704403606,17.725287213948622,-2.131010644473142,36.548962167804554,4098.999772632752,5585.673535012194,8.517312616231553,24.733088871987253,-7.258144366567444,528.0395383693306,9.398169566801966,-7.5683547831892755,31.455820942736874,-6.607325389564342,75218.26676258257,761.255091661632,0.6307301314355911,0.008338534173236172,240.91054053280664,275.27750866005783,237.33950345875405,275.21021794474694
2025-01-29 16:30:00,-8.383344575939523,39.16641679014835,0.0026833414639651342,27501.945472802276,-9.286673220643511,-9.813640811231295,0.40205457561933733,7.0666882263256205,30.72033818405043,-1.574651781316772,28.02476534202335,-1.9459613137169587,5596.796655001623,254.26825324326177,237.13448652757074,19.206188987071577,-2.3510355192067793,3011.935694699922,270.03602297602737,251.75203619402703,-0.003054237161311063,11.63181837931003,-2.541477366730721,1456.867588720643,276.1348344169543,262.96320777173685,6.439492376669772,-0.4049515607629727,277.7765156163168,270.54978360734907,3.632879132584912,-0.038296738774605904,281.5510621648448,274.7224976300036,1.9182944846025074,-0.1532722697243411,-0.020800662711198997,-0.014949547031265855,101465.11031991857,122.11607528349325,0.4640122109072242,0.0,0.0,0.0,0.0,0.0,0.0,0.0,0.001301376643513525,0.0,2.617955472366397,-0.10964147464919004,96105.73966703776,476.70417641761594,280.6434739863496,61.082612940459526,0.03295895159465888,0.0,20.263002843359104,0.04717183583787237,279.29795679320176,282.7085629997654,0.005091436316262157,272.9345494131744,66.39471566671443,5.455527900559592e-10,1.9006330233917277,-0.2199590683051978,4.791429206214085,-0.21995962600670127,-50.0,0.0,0.0,3.252954505729498e-05,0.0,0.0,0.0,0.0,0.0,0.0,0.1884152501048479,0.2645324912959198,43.56569933668952,63.81773501278908,11.754995509518718,0.333941359195986,-48.359142446674554,11.691950884475219,12.877091590596184,3.0798708337073215,-4.520058095437555,10.763358725950269,46.360741540914816,39.89163662951981,12.641562488025821,10.633678557125169,1869.0612790742496,84276.59842583443,74684.08409141371,318.2467555682231,278.6681338809044,48.25800868253513,337.3118433417485,0.006043358470580394,503.3722049969005,90.23836873491253,119.73197653087095,55.32547895405118,7.660706514432029,-6.205028222920567,17.713867007935164,-2.1377732816272275,36.499461194735716,4099.32541213485,5586.262064067699,8.510160429070604,25.127651969066854,-7.271628451647411,534.111435179,9.569736308231253,-7.540278646042472,32.02520705816525,-6.6199294435425,75266.87266191846,760.8599408127798,0.6307302189181798,0.008337178193110115,240.9196634136282,275.42509593643257,237.34857205328586,275.3633355419074
2025-01-29 16:35:00,-8.38599916128255,39.16444355474652,0.002708143491741556,27668.50598809572,-9.285660032840088,-9.812666208717186,0.40287506661799133,7.073984458886581,30.728045903257765,-1.5393023407750348,28.02592593934577,-1.9124917654123634,5596.909573138734,254.2685789764836,237.13123421919127,19.206184102033546,-2.347868159694614,3012.032015056266,270.03695770860793,251.74630057579282,-0.002571402236976979,11.628048221436373,-2.5376435743683388,1456.934535393561,276.150446584023,262.9655971208481,6.444499204712167,-0.39830303339851303,277.80151879343157,270.56319955433423,3.6358116332568935,-0.014657732051134104,281.60556238030836,274.73506799699857,1.927841657233379,-0.14436225330153174,-0.019481171701771924,-0.015132756522905213,101465.53656413533,122.14974714486999,0.46287556603422003,0.0,0.0,0.0,0.0,0.0,0.0,0.0,0.0013328929459814262,0.0,2.627105997430962,-0.09868087863311029,96106.06003396424,476.70417641761594,280.81412810825543,61.04471834368165,0.03295164242436649,0.0,20.172603103917243,0.04716736578377489,279.3959896965043,282.80886602135917,0.005097416706077574,272.9618704270268,66.22110415099635,5.446608011340545e-10,1.91095512780457,-0.2111630378694707,4.799041388454566,-0.21116362837694497,-50.0,0.0,0.0,3.372487653144833e-05,0.0,0.0,0.0,0.0,0.0,0.0,0.18843344236288373,0.2657376877441967,45.3464712935508,64.15188967640715,11.754995509518718,0.333941359195986,-49.690662878320644,11.691944498246237,12.812207867204231,3.099399432028041,-4.496094252341427,10.77006076645607,46.318177368499235,39.860246345721045,12.597869134095587,10.607940304680861,1870.5251437790885,84237.95382652192,74679.45146404736,325.4555707119141,278.7947329401516,49.46253580541419,338.0596262179823,0.006074664114974518,508.2462840458178,91.77166766571783,119.52973415091061,55.2048121547609,7.658801617339131,-6.1970837414375275,17.70244680192171,-2.1445359187813127,36.449960221666885,4099.651051636948,5586.850593123203,8.503008241909654,25.522215066146458,-7.285112536727378,540.1833319886694,9.74130304966054,-7.512202508895667,32.59459317359363,-6.632533497520656,75315.47856125435,760.4647899639275,0.6307303064007685,0.00833582221298406,240.9287862944498,275.5726832128073,237.35764064781765,275.51645313906783
2025-01-29 16:40:00,-8.388653746625577,39.16247031934469,0.0027329455195179778,27835.066503389164,-9.284646845036667,-9.811691606203075,0.40369555761664533,7.081280691447541,30.7357536224651,-1.5039529002332976,28.027086536668186,-1.8790222171077682,5597.022491275847,254.26890470970542,237.12798191081177,19.206179216995512,-2.3447008001824488,3012.12833541261,270.0378924411885,251.7405649575586,-0.002088567312642894,11.624278063562716,-2.533809782005956,1457.001482066479,276.16605875109167,262.9679864699593,6.449506032754561,-0.39165450603405344,277.8265219705463,270.57661550131945,3.638744133928875,0.008981274672337697,281.66006259577193,274.7476383639936,1.9373888298642503,-0.13545223687872232,-0.018161680692344855,-0.01531596601454457,101465.96280835207,122.18341900624672,0.4617389211612159,0.0,0.0,0.0,0.0,0.0,0.0,0.0,0.0013644092484493275,0.0,2.636256522495527,-0.08772028261703052,96106.38040089072,476.70417641761594,280.9847822301613,61.00682374690378,0.03294433325407411,0.0,20.082203364475387,0.047162895729677405,279.49402259980684,282.90916904295295,0.0051033970958929906,272.98919144087915,66.04749263527826,5.437688122121496e-10,1.9212772322174123,-0.20236700743374358,4.806653570695047,-0.20236763074718866,-50.0,0.0,0.0,3.4920208005601686e-05,0.0,0.0,0.0,0.0,0.0,0.0,0.18845163462091957,0.2669428841924736,47.127243250412086,64.48604434002523,11.754995509518718,0.333941359195986,-51.022183309966735,11.691938112017256,12.747324143812278,3.11892803034876,-4.4721304092453,10.776762806961868,46.27561319608365,39.82885606192228,12.554175780165354,10.582202052236553,1871.9890084839271,84199.30922720939,74674.81883668104,332.66438585560513,278.92133199939883,50.667062928293255,338.80740909421615,0.006105969759368643,513.1203630947351,93.30496659652312,119.32749177095029,55.08414535547063,7.656896720246235,-6.189139259954488,17.69102659590825,-2.151298555935398,36.40045924859805,4099.976691139046,5587.439122178708,8.495856054748703,25.916778163226063,-7.298596621807345,546.2552287983389,9.912869791089827,-7.484126371748863,33.163979289022,-6.645137551498813,75364.08446059022,760.0696391150751,0.6307303938833574,0.008334466232858006,240.9379091752714,275.7202704891821,237.36670924234946,275.66957073622825
2025-01-29 16:45:00,-8.391308331968604,39.16049708394287,0.0027577475472943995,28001.627018682608,-9.283633657233244,-9.810717003688966,0.40451604861529933,7.0885769240085015,30.743461341672436,-1.4686034596915607,28.028247133990604,-1.845552668803173,5597.135409412959,254.26923044292727,237.1247296024323,19.206174331957477,-2.3415334406702835,3012.224655768954,270.03882717376905,251.7348293393244,-0.00160573238830881,11.62050790568906,-2.5299759896435736,1457.068428739397,276.18167091816036,262.97037581907057,6.454512860796956,-0.3850059786695938,277.85152514766105,270.59003144830467,3.6416766346008567,0.0326202813958095,281.7145628112355,274.76020873098855,1.9469360024951219,-0.12654222045591296,-0.016842189682917785,-0.015499175506183927,101466.38905256882,122.21709086762347,0.46060227628821176,0.0,0.0,0.0,0.0,0.0,0.0,0.0,0.0013959255509172288,0.0,2.6454070475600924,-0.07675968660095076,96106.7007678172,476.70417641761594,281.15543635206706,60.9689291501259,0.03293702408378173,0.0,19.99180362503353,0.047158425675579915,279.59205550310935,283.00947206454674,0.0051093774857084075,273.0165124547315,65.87388111956018,5.428768232902449e-10,1.9315993366302546,-0.1935709769980165,4.814265752935527,-0.19357163311743236,-50.0,0.0,0.0,3.611553947975505e-05,0.0,0.0,0.0,0.0,0.0,0.0,0.18846982687895542,0.26814808064075046,48.90801520727337,64.8201990036433,11.754995509518718,0.333941359195986,-52.353703741612826,11.691931725788276,12.682440420420328,3.138456628669479,-4.4481665661491725,10.783464847467666,46.233049023668066,39.79746577812351,12.510482426235118,10.556463799792246,1873.4528731887658,84160.66462789688,74670.18620931469,339.87320099929616,279.0479310586461,51.87159005117232,339.55519197045,0.006137275403762767,517.9944421436523,94.83826552732842,119.12524939098996,54.96347855618036,7.654991823153338,-6.181194778471449,17.679606389894793,-2.1580611930894835,36.350958275529216,4100.302330641144,5588.027651234213,8.488703867587752,26.311341260305667,-7.312080706887311,552.3271256080083,10.084436532519115,-7.456050234602058,33.73336540445038,-6.6577416054769705,75412.69035992611,759.6744882662229,0.6307304813659462,0.00833311025273195,240.94703205609298,275.86785776555683,237.37577783688124,275.82268833338867
2025-01-29 16:50:00,-8.393962917311631,39.158523848541044,0.0027825495750708217,28168.187533976048,-9.28262046942982,-9.809742401174857,0.40533653961395333,7.0958731565694615,30.75116906087977,-1.4332540191498235,28.02940773131302,-1.8120831204985777,5597.248327550071,254.26955617614908,237.1214772940528,19.206169446919446,-2.338366081158118,3012.3209761252983,270.03976190634967,251.7290937210902,-0.0011228974639747253,11.616737747815405,-2.5261421972811915,1457.1353754123147,276.19728308522906,262.9727651681818,6.45951968883935,-0.37835745130513415,277.87652832477585,270.60344739528983,3.6446091352728383,0.0562592881192813,281.76906302669914,274.7727790979835,1.9564831751259935,-0.11763220403310355,-0.015522698673490716,-0.015682384997823283,101466.81529678556,122.2507627290002,0.4594656314152076,0.0,0.0,0.0,0.0,0.0,0.0,0.0,0.0014274418533851301,0.0,2.6545575726246575,-0.065799090584871,96107.02113474367,476.70417641761594,281.3260904739729,60.93103455334802,0.03292971491348934,0.0,19.90140388559167,0.04715395562148243,279.69008840641186,283.10977508614053,0.0051153578755238245,273.0438334685839,65.7002696038421,5.4198483436834e-10,1.941921441043097,-0.18477494656228943,4.8218779351760075,-0.18477563548767606,-50.0,0.0,0.0,3.73108709539084e-05,0.0,0.0,0.0,0.0,0.0,0.0,0.18848801913699126,0.26935327708902734,50.68878716413466,65.15435366726138,11.754995509518718,0.333941359195986,-53.685224173258916,11.691925339559294,12.617556697028375,3.1579852269901982,-4.424202723053044,10.790166887973466,46.19048485125248,39.766075494324745,12.466789072304884,10.530725547347938,1874.9167378936047,84122.02002858437,74665.55358194835,347.0820161429872,279.1745301178933,53.07611717405138,340.30297484668375,0.006168581048156891,522.8685211925697,96.37156445813372,118.92300701102963,54.842811756890086,7.653086926060441,-6.173250296988408,17.66818618388134,-2.1648238302435687,36.30145730246038,4100.627970143242,5588.616180289718,8.481551680426803,26.705904357385272,-7.325564791967278,558.3990224176777,10.256003273948401,-7.4279740974552535,34.30275151987876,-6.670345659455127,75461.296259262,759.2793374173706,0.630730568848535,0.008331754272605895,240.95615493691457,276.01544504193157,237.38484643141305,275.9758059305491
2025-01-29 16:55:00,-8.396617502654658,39.156550613139224,0.0028073516028472435,28334.748049269492,-9.2816072816264,-9.808767798660746,0.40615703061260733,7.1031693891304215,30.758876780087107,-1.3979045786080864,28.030568328635436,-1.7786135721939822,5597.361245687183,254.26988190937092,237.11822498567332,19.206164561881415,-2.335198721645953,3012.417296481642,270.0406966389302,251.723358102856,-0.0006400625396406406,11.612967589941748,-2.522308404918809,1457.2023220852327,276.2128952522978,262.975154517293,6.464526516881745,-0.3717089239406745,277.90153150189064,270.616863342275,3.6475416359448194,0.07989829484275313,281.8235632421627,274.78534946497854,1.9660303477568648,-0.10872218761029416,-0.014203207664063647,-0.01586559448946264,101467.24154100231,122.28443459037695,0.45832898654220344,0.0,0.0,0.0,0.0,0.0,0.0,0.0,0.0014589581558530314,0.0,2.6637080976892227,-0.05483849456879125,96107.34150167013,476.70417641761594,281.4967445958787,60.893139956570145,0.03292240574319696,0.0,19.811004146149813,0.04714948556738495,279.7881213097144,283.2100781077343,0.0051213382653392415,273.07115448243627,65.52665808812401,5.410928454464353e-10,1.9522435454559393,-0.17597891612656233,4.829490117416488,-0.17597963785791979,-50.0,0.0,0.0,3.8506202428061754e-05,0.0,0.0,0.0,0.0,0.0,0.0,0.1885062113950271,0.2705584735373042,52.469559120995946,65.48850833087944,11.754995509518718,0.333941359195986,-55.01674460490501,11.691918953330314,12.552672973636424,3.1775138253109176,-4.400238879956916,10.796868928479267,46.1479206788369,39.734685210525974,12.42309571837465,10.504987294903632,1876.3806025984436,84083.37542927185,74660.92095458202,354.2908312866782,279.3011291771406,54.28064429693045,341.0507577229176,0.006199886692551016,527.7426002414869,97.90486338893902,118.7207646310693,54.72214495759982,7.651182028967544,-6.165305815505369,17.65676597786788,-2.1715864673976544,36.25195632939155,4100.95360964534,5589.204709345222,8.474399493265853,27.100467454464873,-7.3390488770472455,564.4709192273472,10.42757001537769,-7.39989796030845,34.87213763530713,-6.682949713433285,75509.90215859788,758.8841865685182,0.6307306563311237,0.008330398292479838,240.96527781773617,276.16303231830636,237.39391502594484,276.1289235277095
2025-01-29 17:00:00,-8.399272087997685,39.1545773777374,0.0028321536306236653,28501.308564562936,-9.280594093822977,-9.807793196146637,0.40697752161126133,7.1104656216913815,30.766584499294442,-1.3625551380663494,28.031728925957854,-1.745144023889387,5597.474163824296,254.27020764259274,237.11497267729382,19.20615967684338,-2.3320313621337876,3012.5136168379863,270.0416313715108,251.71762248462178,-0.00015722761530655556,11.609197432068092,-2.5184746125564264,1457.2692687581507,276.2285074193665,262.97754386640423,6.469533344924139,-0.36506039657621486,277.9265346790054,270.6302792892602,3.650474136616801,0.10353730156622493,281.8780634576263,274.7979198319735,1.9755775203877364,-0.09981217118748476,-0.012883716654636576,-0.016048803981102,101467.66778521905,122.31810645175368,0.4571923416691993,0.0,0.0,0.0,0.0,0.0,0.0,0.0,0.0014904744583209327,0.0,2.672858622753788,-0.04387789855271149,96107.66186859661,476.70417641761594,281.6673987177845,60.85524535979227,0.032915096572904576,0.0,19.720604406707956,0.04714501551328747,279.88615421301694,283.3103811293281,0.0051273186551546585,273.09847549628864,65.35304657240593,5.402008565245304e-10,1.9625656498687816,-0.16718288569083525,4.837102299656968,-0.16718364022816348,-50.0,0.0,0.0,3.9701533902215114e-05,0.0,0.0,0.0,0.0,0.0,0.0,0.18852440365306294,0.2717636699855811,54.25033107785723,65.82266299449752,11.754995509518718,0.333941359195986,-56.3482650365511,11.691912567101333,12.487789250244472,3.1970424236316366,-4.376275036860789,10.803570968985065,46.10535650642131,39.70329492672721,12.379402364444417,10.479249042459324,1877.8444673032823,84044.73082995934,74656.28832721568,361.49964643036924,279.4277282363878,55.48517141980951,341.7985405991514,0.00623119233694514,532.6166792904042,99.43816231974431,118.51852225110898,54.60147815830955,7.649277131874648,-6.15736133402233,17.645345771854423,-2.1783491045517396,36.20245535632271,4101.279249147438,5589.793238400727,8.467247306104902,27.495030551544478,-7.352532962127213,570.5428160370166,10.599136756806976,-7.371821823161645,35.44152375073551,-6.695553767411441,75558.50805793377,758.4890357196659,0.6307307438137125,0.008329042312353784,240.97440069855776,276.3106195946811,237.40298362047665,276.2820411248699
2025-01-29 17:05:00,-8.398497044203902,39.16843896331033,0.002841082541047268,28666.727712017113,-9.281006388328564,-9.806926421390857,0.4078754866437707,7.124472447864179,30.78872135132395,-1.3342238159804651,28.047276819715528,-1.7050047253870235,5597.34953186564,254.26705600218392,237.11560624726678,19.21190838155943,-2.3303459219278087,3012.439246599827,270.037540212034,251.72218024274835,-0.00032029770573392615,11.612188557922309,-2.511436084467075,1457.176687844829,276.2434531358337,262.9864166544044,6.477855721013938,-0.3537273405574125,277.9621323208833,270.64436066935923,3.661139763902508,0.12396212439554291,281.93579197856224,274.80535879417164,1.9910464807946138,-0.08781943736332651,-0.011531479343105493,-0.014792933116152625,101466.0194346945,122.17951947776244,0.45721107387852133,0.0,0.0,0.0,0.0,0.0,0.0,0.0,0.001524654474393234,0.0,2.689735290069755,-0.03152670618795179,96105.95320810027,476.70417641761594,281.7981263471802,60.810955260879204,0.032903325790584526,0.0,19.640451940302583,0.047136075755022856,279.96770325266493,283.3955142504669,0.005131890831614738,273.11486122702934,65.18924033706692,5.399960265408179e-10,1.9787720750698454,-0.15498916465029275,4.847894498875944,-0.1549899027846356,-50.0,0.0,0.0,4.0309808215419926e-05,0.0,0.0,0.0,0.0,0.0,0.0,0.1885452681411332,0.2729385637773442,55.69900994204629,66.08717430013492,11.754995509518718,0.333941359195986,-56.63716272618842,11.691912479618745,12.426437636374422,3.230193539480805,-4.395051031218512,10.813264626670769,46.084445980638705,39.673175065082674,12.357686386466934,10.416378105347583,1880.7061995140045,83974.73275521488,74652.79872110953,365.5144095502643,279.5841869228227,56.15254067546776,342.3919539865941,0.0063100535165988595,534.3894577006812,100.20388323838847,118.46031164272532,54.47854480324554,7.654539024238765,-6.149192038094679,17.639139307657935,-2.1815693454884038,36.173841463702686,4100.397233065689,5589.426329862199,8.452260550094017,27.702561997598426,-7.3319485276942755,576.7712955864265,10.77592375927381,-7.35427176606176,35.62602671753255,-6.680176909040679,75608.44793552463,758.2061149717179,0.6307310062614788,0.008328998571059395,240.97785076984172,276.4277845633154,237.40707530634347,276.402656747088
2025-01-29 17:10:00,-8.397722000410118,39.18230054888326,0.002850011451470871,28832.146859471293,-9.281418682834149,-9.80605964663508,0.40877345167628015,7.138479274036977,30.810858203353455,-1.3058924938945808,28.062824713473198,-1.6648654268846603,5597.224899906984,254.2639043617751,237.11623981723977,19.217657086275473,-2.3286604817218297,3012.364876361668,270.0334490525572,251.72673800087492,-0.0004833677961612968,11.615179683776526,-2.5043975563777234,1457.0841069315072,276.2583988523009,262.9952894424046,6.486178097103736,-0.34239428453861015,277.99772996276124,270.65844204945824,3.6718053911882143,0.1443869472248609,281.9935204994981,274.8127977563698,2.006515441201491,-0.07582670353916826,-0.010179242031574411,-0.01353706225120325,101464.37108416998,122.04093250377122,0.45722980608784336,0.0,0.0,0.0,0.0,0.0,0.0,0.0,0.0015588344904655352,0.0,2.7066119573857224,-0.019175513823192082,96104.24454760391,476.70417641761594,281.9288539765758,60.766665161966145,0.032891555008264475,0.0,19.56029947389721,0.047127135996758246,280.04925229231293,283.48064737160564,0.0051364630080748186,273.13124695777003,65.02543410172791,5.397911965571055e-10,1.9949785002709093,-0.14279544360975027,4.858686698094919,-0.1427961653411077,-50.0,0.0,0.0,4.091808252862474e-05,0.0,0.0,0.0,0.0,0.0,0.0,0.18856613262920346,0.2741134575691073,57.147688806235344,66.3516856057723,11.754995509518718,0.333941359195986,-56.92606041582574,11.691912392136155,12.365086022504371,3.263344655329973,-4.413827025576235,10.822958284356472,46.063535454856094,39.64305520343814,12.33597040848945,10.353507168235842,1883.5679317247268,83904.7346804704,74649.30911500339,369.52917267015937,279.7406456092576,56.819909931126006,342.98536737403685,0.006388914696252579,536.162236110958,100.96960415703265,118.40210103434164,54.35561144818153,7.659800916602883,-6.141022742167028,17.63293284346145,-2.184789586425068,36.145227571082664,4099.515216983939,5589.059421323671,8.437273794083133,27.910093443652375,-7.311364093261338,582.9997751358363,10.952710761740644,-7.336721708961874,35.81052968432958,-6.664800050669916,75658.38781311549,757.9231942237697,0.6307312687092452,0.008328954829765006,240.98130084112566,276.5449495319498,237.41116699221027,276.5232723693061
2025-01-29 17:15:00,-8.396946956616334,39.19616213445619,0.002858940361894474,28997.56600692547,-9.281830977339734,-9.8051928718793,0.40967141670878954,7.152486100209775,30.832995055382963,-1.2775611718086963,28.07837260723087,-1.624726128382297,5597.100267948328,254.2607527213663,237.11687338721276,19.22340579099152,-2.326975041515851,3012.2905061235087,270.0293578930805,251.73129575900148,-0.0006464378865886674,11.618170809630744,-2.497359028288372,1456.9915260181856,276.2733445687681,263.0041622304048,6.4945004731935345,-0.3310612285198078,278.0333276046391,270.6725234295573,3.682471018473921,0.16481177005417885,282.05124902043406,274.8202367185679,2.0219844016083686,-0.06383396971501001,-0.00882700472004333,-0.012281191386253876,101462.72273364544,121.90234552977998,0.45724853829716544,0.0,0.0,0.0,0.0,0.0,0.0,0.0,0.0015930145065378364,0.0,2.723488624701689,-0.006824321458432377,96102.53588710757,476.70417641761594,282.05958160597146,60.72237506305308,0.03287978422594443,0.0,19.480147007491833,0.04711819623849363,280.1308013319609,283.5657804927444,0.005141035184534898,273.1476326885107,64.8616278663889,5.395863665733929e-10,2.011184925471973,-0.13060172256920777,4.869478897313895,-0.1306024278975798,-50.0,0.0,0.0,4.152635684182956e-05,0.0,0.0,0.0,0.0,0.0,0.0,0.18858699711727372,0.2752883513608704,58.5963676704244,66.6161969114097,11.754995509518718,0.333941359195986,-57.214958105463054,11.691912304653567,12.303734408634323,3.296495771179141,-4.432603019933958,10.832651942042176,46.04262492907349,39.6129353417936,12.314254430511967,10.2906362311241,1886.429663935449,83834.73660572592,74645.81950889724,373.54393579005443,279.89710429569254,57.48727918678426,343.57878076147955,0.006467775875906298,537.935014521235,101.73532507567681,118.34389042595798,54.23267809311752,7.665062808967001,-6.132853446239377,17.626726379264962,-2.188009827361732,36.11661367846264,4098.633200902191,5588.692512785143,8.422287038072248,28.117624889706324,-7.290779658828402,589.2282546852462,11.129497764207478,-7.319171651861988,35.995032651126614,-6.649423192299153,75708.32769070636,757.6402734758215,0.6307315311570115,0.008328911088470618,240.9847509124096,276.6621145005841,237.4152586780771,276.64388799152414
2025-01-29 17:20:00,-8.39617191282255,39.21002372002912,0.002867869272318077,29162.985154379647,-9.28224327184532,-9.80432609712352,0.4105693817412989,7.166492926382573,30.855131907412467,-1.249229849722812,28.093920500988546,-1.5845868298799335,5596.975635989672,254.25760108095747,237.11750695718573,19.22915449570757,-2.3252896013098723,3012.21613588535,270.0252667336037,251.73585351712805,-0.0008095079770160381,11.62116193548496,-2.49032050019902,1456.898945104864,276.2882902852353,263.013035018405,6.5028228492833335,-0.3197281725010055,278.06892524651704,270.68660480965633,3.6931366457596275,0.18523659288349686,282.10897754137,274.827675680766,2.037453362015246,-0.05184123589085176,-0.007474767408512247,-0.011025320521304501,101461.0743831209,121.76375855578874,0.45726727050648747,0.0,0.0,0.0,0.0,0.0,0.0,0.0,0.0016271945226101377,0.0,2.7403652920176564,0.005526870906327329,96100.82722661123,476.70417641761594,282.19030923536707,60.67808496414001,0.03286801344362438,0.0,19.39999454108646,0.04710925648022902,280.212350371609,283.6509136138832,0.005145607360994979,273.16401841925136,64.69782163104989,5.393815365896804e-10,2.027391350673037,-0.11840800152866526,4.880271096532871,-0.11840869045405189,-50.0,0.0,0.0,4.213463115503437e-05,0.0,0.0,0.0,0.0,0.0,0.0,0.18860786160534398,0.2764632451526335,60.045046534613455,66.8807082170471,11.754995509518718,0.333941359195986,-57.50385579510038,11.691912217170978,12.242382794764273,3.3296468870283094,-4.451379014291681,10.84234559972788,46.021714403290886,39.582815480149065,12.292538452534485,10.22776529401236,1889.2913961461713,83764.73853098146,74642.3299027911,377.5586989099495,280.0535629821275,58.15464844244251,344.17219414892224,0.006546637055560018,539.7077929315118,102.50104599432098,118.2856798175743,54.109744738053514,7.670324701331119,-6.124684150311725,17.620519915068474,-2.1912300682983963,36.08799978584263,4097.751184820441,5588.325604246615,8.407300282061362,28.325156335760273,-7.270195224395465,595.4567342346561,11.306284766674311,-7.301621594762103,36.17953561792365,-6.63404633392839,75758.26756829722,757.3573527278734,0.6307317936047778,0.008328867347176227,240.98820098369356,276.77927946921847,237.41935036394392,276.7645036137422
2025-01-29 17:25:00,-8.395396869028767,39.22388530560205,0.0028767981827416797,29328.404301833827,-9.282655566350908,-9.803459322367742,0.41146734677380836,7.180499752555371,30.877268759441975,-1.2208985276369277,28.10946839474622,-1.54444753137757,5596.851004031017,254.25444944054865,237.1181405271587,19.234903200423613,-2.3236041611038933,3012.141765647191,270.0211755741269,251.74041127525462,-0.0009725780674434087,11.624153061339177,-2.4832819721096686,1456.8063641915421,276.3032360017025,263.0219078064052,6.511145225373133,-0.30839511648220314,278.10452288839497,270.70068618975534,3.7038022730453344,0.20566141571281482,282.16670606230593,274.83511464296413,2.0529223224221234,-0.03984850206669351,-0.006122530096981165,-0.009769449656355128,101459.42603259637,121.6251715817975,0.4572860027158095,0.0,0.0,0.0,0.0,0.0,0.0,0.0,0.001661374538682439,0.0,2.7572419593336237,0.017878063271087034,96099.11856611488,476.70417641761594,282.32103686476273,60.63379486522695,0.03285624266130433,0.0,19.319842074681087,0.04710031672196441,280.293899411257,283.73604673502194,0.005150179537455058,273.18040414999206,64.53401539571087,5.39176706605968e-10,2.043597775874101,-0.10621428048812276,4.891063295751847,-0.106214953010524,-50.0,0.0,0.0,4.2742905468239184e-05,0.0,0.0,0.0,0.0,0.0,0.0,0.18862872609341425,0.2776381389443966,61.49372539880251,67.1452195226845,11.754995509518718,0.333941359195986,-57.7927534847377,11.691912129688388,12.181031180894223,3.3627980028774775,-4.470155008649404,10.852039257413583,46.000803877508275,39.55269561850453,12.270822474557,10.164894356900618,1892.1531283568936,83694.74045623699,74638.84029668495,381.57346202984456,280.21002166856243,58.82201769810076,344.765607536365,0.006625498235213737,541.4805713417887,103.26676691296515,118.22746920919064,53.9868113829895,7.675586593695237,-6.116514854384074,17.61431345087199,-2.1944503092350605,36.059385893222604,4096.869168738692,5587.958695708086,8.392313526050478,28.53268778181422,-7.249610789962528,601.685213784066,11.483071769141146,-7.284071537662217,36.36403858472068,-6.618669475557628,75808.20744588808,757.0744319799253,0.6307320560525441,0.008328823605881839,240.99165105497752,276.8964444378528,237.42344204981072,276.8851192359603
2025-01-29 17:30:00,-8.394621825234982,39.237746891174986,0.002885727093165283,29493.823449288004,-9.283067860856493,-9.802592547611962,0.41236531180631775,7.19450657872817,30.89940561147148,-1.1925672055510432,28.125016288503893,-1.5043082328752067,5596.72637207236,254.2512978001398,237.11877409713168,19.24065190513966,-2.321918720897915,3012.0673954090316,270.0170844146502,251.74496903338115,-0.0011356481578707791,11.627144187193394,-2.476243444020317,1456.7137832782205,276.3181817181697,263.03078059440537,6.519467601462931,-0.2970620604634008,278.14012053027284,270.7147675698544,3.714467900331041,0.2260862385421328,282.2244345832419,274.84255360516227,2.0683912828290003,-0.02785576824253526,-0.004770292785450082,-0.008513578791405754,101457.77768207183,121.48658460780626,0.4573047349251316,0.0,0.0,0.0,0.0,0.0,0.0,0.0,0.0016955545547547401,0.0,2.7741186266495905,0.03022925563584674,96097.40990561854,476.70417641761594,282.4517644941584,60.58950476631389,0.03284447187898429,0.0,19.23968960827571,0.0470913769636998,280.37544845090497,283.8211798561607,0.005154751713915138,273.19678988073275,64.37020916037186,5.389718766222555e-10,2.0598042010751647,-0.09402055944758027,4.901855494970823,-0.09402121556699611,-50.0,0.0,0.0,4.3351179781444e-05,0.0,0.0,0.0,0.0,0.0,0.0,0.1886495905814845,0.27881303273615965,62.94240426299156,67.4097308283219,11.754995509518718,0.333941359195986,-58.08165117437502,11.6919120422058,12.119679567024175,3.3959491187266453,-4.488931003007126,10.861732915099285,45.97989335172567,39.52257575685999,12.249106496579518,10.102023419788877,1895.0148605676159,83624.74238149251,74635.35069057881,385.5882251497396,280.36648035499735,59.48938695375901,345.3590209238077,0.006704359414867456,543.2533497520656,104.03248783160932,118.16925860080698,53.863878027925495,7.680848486059355,-6.108345558456423,17.6081069866755,-2.1976705501717246,36.03077200060258,4095.9871526569423,5587.591787169558,8.377326770039593,28.740219227868174,-7.229026355529591,607.9136933334759,11.65985877160798,-7.266521480562331,36.548541551517715,-6.603292617186865,75858.14732347894,756.7915112319771,0.6307323185003104,0.00832877986458745,240.99510112626146,277.01360940648715,237.42753373567754,277.00573485817836
2025-01-29 17:35:00,-8.393846781441198,39.25160847674792,0.002894656003588886,29659.24259674218,-9.283480155362078,-9.801725772856182,0.41326327683882713,7.208513404900968,30.921542463500987,-1.164235883465159,28.140564182261564,-1.4641689343728435,5596.601740113704,254.248146159731,237.11940766710467,19.24640060985571,-2.320233280691936,3011.9930251708724,270.0129932551734,251.74952679150772,-0.0012987182482981498,11.630135313047612,-2.4692049159309657,1456.6212023648989,276.3331274346369,263.03965338240556,6.527789977552729,-0.2857290044445984,278.17571817215077,270.72884894995343,3.7251335276167477,0.2465110613714508,282.28216310417776,274.8499925673604,2.0838602432358777,-0.01586303441837701,-0.0034180554739189992,-0.007257707926456379,101456.12933154729,121.34799763381504,0.4573234671344536,0.0,0.0,0.0,0.0,0.0,0.0,0.0,0.0017297345708270414,0.0,2.790995293965558,0.042580448000606445,96095.7012451222,476.70417641761594,282.582492123554,60.54521466740082,0.03283270109666424,0.0,19.159537141870338,0.04708243720543519,280.45699749055296,283.9063129772995,0.005159323890375218,273.21317561147345,64.20640292503285,5.38767046638543e-10,2.0760106262762283,-0.08182683840703778,4.912647694189798,-0.0818274781234682,-50.0,0.0,0.0,4.3959454094648816e-05,0.0,0.0,0.0,0.0,0.0,0.0,0.1886704550695548,0.27998792652792276,64.39108312718062,67.67424213395928,11.754995509518718,0.333941359195986,-58.370548864012335,11.691911954723212,12.058327953154125,3.4291002345758135,-4.507706997364849,10.871426572784989,45.95898282594307,39.49245589521546,12.227390518602036,10.039152482677135,1897.8765927783384,83554.74430674803,74631.86108447266,389.60298826963464,280.52293904143227,60.15675620941725,345.9524343112504,0.006783220594521176,545.0261281623425,104.79820875025348,118.11104799242331,53.74094467286149,7.686110378423472,-6.100176262528772,17.601900522479013,-2.2008907911083893,36.00215810798256,4095.1051365751932,5587.224878631031,8.362340014028709,28.947750673922123,-7.208441921096654,614.1421728828857,11.836645774074814,-7.248971423462446,36.73304451831474,-6.587915758816101,75908.08720106981,756.5085904840289,0.6307325809480768,0.008328736123293061,240.9985511975454,277.13077437512146,237.43162542154437,277.1263504803964
2025-01-29 17:40:00,-8.393071737647414,39.26547006232085,0.002903584914012489,29824.66174419636,-9.283892449867665,-9.800858998100404,0.41416124187133657,7.222520231073766,30.943679315530495,-1.1359045613792746,28.156112076019237,-1.42402963587048,5596.477108155049,254.24499451932218,237.12004123707763,19.252149314571753,-2.318547840485957,3011.9186549327133,270.0089020956966,251.75408454963429,-0.0014617883387255204,11.63312643890183,-2.4621663878416142,1456.528621451577,276.3480731511041,263.04852617040575,6.536112353642528,-0.27439594842579607,278.2113158140287,270.74293033005245,3.7357991549024545,0.26693588420076875,282.3398916251137,274.85743152955854,2.099329203642755,-0.0038703005942187646,-0.002065818162387918,-0.0060018370615070055,101454.48098102276,121.2094106598238,0.4573421993437756,0.0,0.0,0.0,0.0,0.0,0.0,0.0,0.0017639145868993426,0.0,2.807871961281525,0.05493164036536615,96093.99258462584,476.70417641761594,282.71321975294967,60.50092456848776,0.03282093031434419,0.0,19.079384675464965,0.04707349744717058,280.53854653020096,283.99144609843825,0.005163896066835298,273.22956134221414,64.04259668969384,5.385622166548305e-10,2.0922170514772924,-0.06963311736649527,4.923439893408774,-0.06963374067994031,-50.0,0.0,0.0,4.456772840785363e-05,0.0,0.0,0.0,0.0,0.0,0.0,0.18869131955762505,0.28116282031968587,65.83976199136967,67.93875343959668,11.754995509518718,0.333941359195986,-58.65944655364966,11.691911867240622,11.996976339284075,3.4622513504249817,-4.526482991722572,10.881120230470692,45.93807230016046,39.46233603357092,12.205674540624551,9.976281545565394,1900.7383249890606,83484.74623200357,74628.37147836652,393.6177513895297,280.6793977278672,60.824125465075504,346.54584769869314,0.006862081774174895,546.7989065726194,105.56392966889766,118.05283738403965,53.618011317797475,7.69137227078759,-6.092006966601121,17.59569405828253,-2.2041110320450534,35.97354421536254,4094.2231204934437,5586.857970092503,8.347353258017824,29.15528211997607,-7.187857486663717,620.3706524322956,12.013432776541649,-7.23142136636256,36.917547485111776,-6.5725389004453385,75958.02707866067,756.2256697360808,0.6307328433958431,0.008328692381998673,241.00200126882936,277.2479393437558,237.43571710741116,277.2469661026145
2025-01-29 17:45:00,-8.39229669385363,39.279331647893784,0.0029125138244360917,29990.080891650538,-9.284304744373252,-9.799992223344624,0.41505920690384596,7.236527057246564,30.96581616756,-1.1075732392933904,28.17165996977691,-1.3838903373681166,5596.352476196393,254.24184287891336,237.1206748070506,19.2578980192878,-2.316862400279978,3011.8442846945545,270.0048109362198,251.75864230776085,-0.001624858429152891,11.636117564756045,-2.4551278597522623,1456.4360405382554,276.36301886757127,263.05739895840594,6.544434729732327,-0.26306289240699376,278.2469134559066,270.75701171015146,3.746464782188161,0.28736070703008676,282.39762014604963,274.8648704917566,2.1147981640496325,0.008122433229939482,-0.0007135808508568365,-0.004745966196557632,101452.83263049822,121.07082368583256,0.45736093155309765,0.0,0.0,0.0,0.0,0.0,0.0,0.0,0.0017980946029716438,0.0,2.8247486285974923,0.06728283273012586,96092.2839241295,476.70417641761594,282.8439473823453,60.456634469574695,0.03280915953202414,0.0,18.999232209059592,0.04706455768890597,280.620095569849,284.076579219577,0.0051684682432953785,273.2459470729548,63.87879045435483,5.383573866711181e-10,2.1084234766783565,-0.05743939632595277,4.93423209262775,-0.05744000323641242,-50.0,0.0,0.0,4.517600272105844e-05,0.0,0.0,0.0,0.0,0.0,0.0,0.1887121840456953,0.282337714111449,67.28844085555873,68.20326474523408,11.754995509518718,0.333941359195986,-58.94834424328698,11.691911779758033,11.935624725414025,3.49540246627415,-4.545258986080295,10.890813888156396,45.91716177437785,39.432216171926385,12.183958562647069,9.913410608453653,1903.600057199783,83414.7481572591,74624.88187226038,397.63251450942477,280.83585641430216,61.491494720733755,347.13926108613583,0.0069409429538286145,548.5716849828963,106.32965058754182,117.99462677565597,53.49507796273347,7.696634163151709,-6.08383767067347,17.58948759408604,-2.2073312729817176,35.94493032274252,4093.3411044116947,5586.491061553975,8.332366502006938,29.36281356603002,-7.1672730522307795,626.5991319817056,12.190219779008482,-7.213871309262674,37.10205045190881,-6.557162042074576,76007.96695625153,755.9427489881327,0.6307331058436094,0.008328648640704282,241.00545134011332,277.36510431239014,237.439808793278,277.3675817248326
2025-01-29 17:50:00,-8.391521650059847,39.29319323346671,0.0029214427348596946,30155.500039104714,-9.284717038878837,-9.799125448588844,0.41595717193635534,7.250533883419362,30.987953019589508,-1.079241917207506,28.18720786353458,-1.3437510388657534,5596.2278442377365,254.23869123850454,237.12130837702358,19.26364672400385,-2.315176960073999,3011.7699144563953,270.00071977674304,251.76320006588742,-0.0017879285195802617,11.639108690610263,-2.448089331662911,1456.3434596249338,276.37796458403847,263.06627174640613,6.552757105822125,-0.25172983638819135,278.28251109778455,270.7710930902505,3.757130409473868,0.30778552985940477,282.4553486669855,274.87230945395476,2.13026712445651,0.02011516705409773,0.0006386564606742466,-0.003490095331608257,101451.18427997368,120.93223671184134,0.4573796637624197,0.0,0.0,0.0,0.0,0.0,0.0,0.0,0.001832274619043945,0.0,2.8416252959134596,0.07963402509488557,96090.57526363316,476.70417641761594,282.97467501174094,60.41234437066163,0.03279738874970409,0.0,18.91907974265422,0.04705561793064135,280.701644609497,284.1617123407158,0.005173040419755458,273.2623328036955,63.71498421901582,5.381525566874055e-10,2.12462990187942,-0.04524567528541028,4.945024291846725,-0.045246265792884516,-50.0,0.0,0.0,4.5784277034263254e-05,0.0,0.0,0.0,0.0,0.0,0.0,0.18873304853376557,0.2835126079032121,68.73711971974778,68.46777605087146,11.754995509518718,0.333941359195986,-59.2372419329243,11.691911692275445,11.874273111543975,3.528553582123318,-4.564034980438018,10.9005075458421,45.89625124859525,39.40209631028185,12.162242584669587,9.850539671341911,1906.4617894105052,83344.75008251463,74621.39226615423,401.64727762931983,280.9923151007371,62.158863976392,347.7326744735785,0.007019804133482334,550.3444633931732,107.09537150618598,117.93641616727231,53.37214460766946,7.701896055515826,-6.075668374745819,17.583281129889553,-2.210551513918382,35.9163164301225,4092.459088329945,5586.124153015447,8.317379745996053,29.57034501208397,-7.146688617797843,632.8276115311154,12.367006781475316,-7.196321252162789,37.28655341870584,-6.541785183703813,76057.9068338424,755.6598282401845,0.6307333682913758,0.008328604899409894,241.00890141139726,277.48226928102446,237.44390047914482,277.48819734705063
2025-01-29 17:55:00,-8.390746606266063,39.30705481903964,0.0029303716452832975,30320.919186558895,-9.285129333384422,-9.798258673833066,0.4168551369688648,7.2645407095921595,31.010089871619012,-1.0509105951216215,28.202755757292255,-1.30361174036339,5596.103212279081,254.23553959809573,237.12194194699657,19.269395428719893,-2.3134915198680206,3011.695544218236,269.9966286172663,251.76775782401398,-0.0019509986100076323,11.64209981646448,-2.4410508035735594,1456.250878711612,276.39291030050566,263.0751445344063,6.561079481911923,-0.24039678036938905,278.3181087396624,270.78517447034955,3.767796036759574,0.32821035268872273,282.51307718792145,274.8797484161529,2.1457360848633873,0.03210790087825599,0.0019908937722053297,-0.0022342244666588833,101449.53592944915,120.7936497378501,0.45739839597174176,0.0,0.0,0.0,0.0,0.0,0.0,0.0,0.0018664546351162463,0.0,2.8585019632294264,0.09198521745964527,96088.8666031368,476.70417641761594,283.10540264113655,60.36805427174857,0.032785617967384044,0.0,18.838927276248842,0.04704667817237674,280.783193649145,284.24684546185455,0.005177612596215539,273.27871853443617,63.5511779836768,5.37947726703693e-10,2.1408363270804838,-0.03305195424486779,4.9558164910657005,-0.033052528349356625,-50.0,0.0,0.0,4.639255134746807e-05,0.0,0.0,0.0,0.0,0.0,0.0,0.18875391302183583,0.28468750169497514,70.18579858393684,68.73228735650886,11.754995509518718,0.333941359195986,-59.526139622561615,11.691911604792855,11.812921497673926,3.5617046979724862,-4.582810974795741,10.910201203527803,45.87534072281264,39.37197644863731,12.140526606692102,9.78766873423017,1909.3235216212274,83274.75200777015,74617.90266004809,405.6620407492149,281.148773787172,62.82623323205025,348.3260878610213,0.007098665313136053,552.11724180345,107.86109242483016,117.87820555888864,53.24921125260545,7.707157947879944,-6.067499078818168,17.57707466569307,-2.213771754855046,35.88770253750248,4091.577072248196,5585.7572444769185,8.302392989985169,29.777876458137918,-7.126104183364906,639.0560910805252,12.54379378394215,-7.178771195062903,37.47105638550288,-6.52640832533305,76107.84671143326,755.3769074922363,0.6307336307391421,0.008328561158115505,241.0123514826812,277.5994342496588,237.4479921650116,277.60881296926874
2025-01-29 18:00:00,-8.38997156247228,39.320916404612575,0.0029393005557069004,30486.33833401307,-9.285541627890009,-9.797391899077287,0.41775310200137417,7.278547535764957,31.03222672364852,-1.0225792730357373,28.21830365104993,-1.2634724418610266,5595.978580320425,254.2323879576869,237.12257551696953,19.27514413343594,-2.3118060796620417,3011.621173980077,269.9925374577895,251.77231558214055,-0.0021140687004350027,11.645090942318697,-2.434012275484208,1456.1582977982903,276.40785601697286,263.0840173224065,6.569401858001722,-0.2290637243505867,278.35370638154035,270.79925585044856,3.778461664045281,0.3486351755180407,282.5708057088574,274.88718737835103,2.1612050452702647,0.04410063470241424,0.003343131083736412,-0.0009783536017095092,101447.88757892461,120.65506276385887,0.4574171281810638,0.0,0.0,0.0,0.0,0.0,0.0,0.0,0.0019006346511885475,0.0,2.8753786305453937,0.10433640982440498,96087.15794264046,476.70417641761594,283.2361302705322,60.3237641728355,0.032773847185063994,0.0,18.75877480984347,0.04703773841411213,280.864742688793,284.3319785829933,0.005182184772675618,273.29510426517686,63.38737174833779,5.377428967199806e-10,2.157042752281548,-0.020858233204325276,4.966608690284676,-0.020858790905828734,-50.0,0.0,0.0,4.7000825660672886e-05,0.0,0.0,0.0,0.0,0.0,0.0,0.1887747775099061,0.28586239548673825,71.63447744812589,68.99679866214626,11.754995509518718,0.333941359195986,-59.81503731219894,11.691911517310267,11.751569883803876,3.5948558138216544,-4.601586969153464,10.919894861213507,45.854430197030034,39.341856586992776,12.11881062871462,9.724797797118429,1912.1852538319497,83204.75393302568,74614.41305394194,409.67680386910996,281.3052324736069,63.4936024877085,348.919501248464,0.007177526492789773,553.890020213727,108.62681334347432,117.81999495050498,53.12627789754144,7.712419840244062,-6.059329782890517,17.57086820149658,-2.21699199579171,35.859088644882455,4090.6950561664466,5585.39033593839,8.287406233974284,29.985407904191867,-7.105519748931969,645.2845706299352,12.720580786408984,-7.161221137963017,37.65555935229991,-6.5110314669622875,76157.78658902412,755.0939867442883,0.6307338931869084,0.008328517416821116,241.01580155396516,277.71659921829314,237.45208385087844,277.7294285914868
2025-01-29 18:05:00,-8.391213566454311,39.302718425215424,0.0029459874273522714,30638.085422548775,-9.283778290556972,-9.796626133905574,0.41833538064461717,7.290698184607451,31.055475483744775,-1.0000419748782097,28.242801428076586,-1.2345315763923914,5595.88038387757,254.23182989441605,237.1148554081517,19.288780713431503,-2.3096199204244674,3011.520095024431,269.9930004400189,251.77573916677724,-0.002224586900402772,11.645856887783044,-2.4280854288551565,1456.013946774405,276.42769410850747,263.08504697291914,6.577748753555549,-0.22203182976350214,278.39488383391307,270.8040204543377,3.791938208863382,0.3620881090961986,282.6254237806948,274.89392587679964,2.1761928378278603,0.054819554669247865,0.0010337990328179655,-0.002062875105875566,101445.36927179318,120.44277749384148,0.4553722582081851,0.0,0.0,0.0,0.0,0.0,0.0,0.0,0.001887647423471544,0.0,2.8934471480265906,0.11498106160602922,96084.81160012129,476.70417641761594,283.3098658792614,60.27970822981956,0.03276219013010936,0.0,18.693580422656378,0.04702308214982513,280.9261960560385,284.3970951603632,0.005185290153502199,273.3049960678313,63.24621961489115,5.38312133677595e-10,2.1721973586019634,-0.010648577144352982,4.975310567512883,-0.010649137579687341,-50.0,0.0,0.0,4.755141133035998e-05,0.0,0.0,0.0,0.0,0.0,0.0,0.1887928088612164,0.28666728648080814,72.12230310862381,69.05702368836042,11.754995509518718,0.333941359195986,-59.41357402592949,11.691911517310267,11.70175492697566,3.598590056239057,-4.635433982751583,10.920593645027921,45.64198056731759,39.12834973019495,12.127776369308098,9.612548537527319,1916.3846458694436,83147.34523191275,74605.05388665022,410.64987806676777,281.35484719153766,63.68033546891594,349.26529446643076,0.007165309549266957,555.3330495835567,108.4628122537912,117.658467142327,52.958366235534974,7.719781539609369,-6.054526267070718,17.572429637443474,-2.2195928971791936,35.834673960265064,4090.7658720098234,5585.4926682592,8.280410596905952,30.23478402211,-7.094653886510238,650.6812585955014,12.901220522085591,-7.178386271672281,38.010334493177496,-6.505862689428236,76191.2390780175,754.7823461623051,0.6307336307391421,0.008328473675526728,241.02275571322136,277.7893791619489,237.45980576701976,277.80463735396097
2025-01-29 18:10:00,-8.392455570436343,39.28452044581827,0.002952674298997642,30789.83251108448,-9.282014953223934,-9.795860368733862,0.41891765928786023,7.302848833449945,31.07872424384103,-0.9775046767206821,28.267299205103242,-1.2055907109237562,5595.782187434716,254.23127183114522,237.10713529933383,19.302417293427066,-2.3074337611868936,3011.419016068785,269.9934634222482,251.77916275141393,-0.002335105100370542,11.646622833247392,-2.422158582226105,1455.8695957505197,276.447532200042,263.0860766234317,6.586095649109376,-0.21499993517641755,278.4360612862858,270.80878505822693,3.8054147536814833,0.3755410426743565,282.68004185253216,274.9006643752482,2.1911806303854564,0.06553847463608149,-0.0012755330181004809,-0.0031473966100416233,101442.85096466176,120.2304922238241,0.4533273882353065,0.0,0.0,0.0,0.0,0.0,0.0,0.0,0.0018746601957545402,0.0,2.9115156655077876,0.12562571338765344,96082.4652576021,476.70417641761594,283.38360148799063,60.23565228680362,0.03275053307515472,0.0,18.62838603546929,0.04700842588553813,280.9876494232841,284.4622117377331,0.00518839553432878,273.3148878704858,63.10506748144451,5.388813706352096e-10,2.1873519649223785,-0.0004389210843806883,4.984012444741091,-0.00043948425354594853,-50.0,0.0,0.0,4.810199700004707e-05,0.0,0.0,0.0,0.0,0.0,0.0,0.1888108402125267,0.2874721774748781,72.61012876912173,69.11724871457457,11.754995509518718,0.333941359195986,-59.01211073966004,11.691911517310267,11.651939970147442,3.6023242986564603,-4.669280996349702,10.921292428842335,45.42953093760514,38.91484287339712,12.136742109901576,9.50029927793621,1920.5840379069375,83089.93653079982,74595.69471935848,411.6229522644256,281.4044619094684,63.86706845012338,349.61108768439755,0.007153092605744142,556.7760789533863,108.29881116410807,117.49693933414902,52.79045457352851,7.727143238974676,-6.049722751250918,17.573991073390367,-2.2221937985666775,35.81025927564767,4090.8366878532,5585.59500058001,8.27341495983762,30.48416014002813,-7.083788024088506,656.0779465610676,13.081860257762198,-7.195551405381544,38.36510963405508,-6.500693911894185,76224.69156701089,754.4707055803219,0.6307333682913758,0.008328429934232339,241.02970987247755,277.8621591056047,237.4675276831611,277.87984611643515
2025-01-29 18:15:00,-8.393697574418377,39.26632246642112,0.0029593611706430125,30941.579599620185,-9.280251615890897,-9.795094603562152,0.41949993793110324,7.314999482292438,31.101973003937285,-0.9549673785631545,28.291796982129895,-1.176649845455121,5595.683990991862,254.23071376787436,237.099415190516,19.31605387342263,-2.3052476019493193,3011.317937113139,269.9939264044776,251.78258633605063,-0.002445623300338311,11.64738877871174,-2.4162317355970537,1455.7252447266346,276.46737029157663,263.08710627394436,6.594442544663204,-0.207968040589333,278.47723873865857,270.8135496621161,3.818891298499584,0.3889939762525144,282.73465992436957,274.9074028736968,2.206168422943052,0.07625739460291513,-0.0035848650690189273,-0.00423191811420768,101440.33265753034,120.01820695380671,0.4512825182624278,0.0,0.0,0.0,0.0,0.0,0.0,0.0,0.0018616729680375366,0.0,2.929584182988985,0.13627036516927768,96080.11891508292,476.70417641761594,283.4573370967198,60.19159634378768,0.03273887602020008,0.0,18.5631916482822,0.04699376962125113,281.0491027905296,284.5273283151031,0.005191500915155361,273.3247796731403,62.96391534799787,5.39450607592824e-10,2.202506571242794,0.009770734975591604,4.992714321969298,0.009770169072595446,-50.0,0.0,0.0,4.865258266973416e-05,0.0,0.0,0.0,0.0,0.0,0.0,0.18882887156383701,0.28827706846894796,73.09795442961965,69.17747374078874,11.754995509518718,0.333941359195986,-58.61064745339059,11.691911517310267,11.602125013319226,3.606058541073863,-4.70312800994782,10.921991212656748,45.2170813078927,38.7013360165993,12.145707850495056,9.3880500183451,1924.7834299444312,83032.52782968688,74586.33555206675,412.5960264620834,281.4540766273992,64.05380143133081,349.95688090236433,0.007140875662221326,558.219108323216,108.13481007442495,117.33541152597104,52.62254291152203,7.734504938339984,-6.044919235431119,17.575552509337264,-2.224794699954161,35.78584459103027,4090.907503696577,5585.69733290082,8.266419322769288,30.733536257946263,-7.072922161666774,661.4746345266337,13.262499993438805,-7.212716539090808,38.719884774932666,-6.4955251343601335,76258.14405600425,754.1590649983387,0.6307331058436094,0.00832838619293795,241.03666403173375,277.93493904926044,237.47524959930246,277.9550548789093
2025-01-29 18:20:00,-8.39493957840041,39.24812448702397,0.0029660480422883835,31093.32668815589,-9.278488278557859,-9.79432883839044,0.4200822165743463,7.327150131134932,31.12522176403354,-0.9324300804056269,28.316294759156552,-1.147708979986486,5595.585794549008,254.2301557046035,237.09169508169816,19.32969045341819,-2.303061442711745,3011.216858157493,269.9943893867069,251.78600992068732,-0.002556141500306081,11.648154724176086,-2.4103048889680023,1455.5808937027493,276.4872083831112,263.08813592445694,6.602789440217031,-0.2009361460022484,278.5184161910313,270.81831426600525,3.832367843317685,0.4024469098306724,282.7892779962069,274.9141413721454,2.2211562155006477,0.08697631456974875,-0.005894197119937374,-0.005316439618373737,101437.81435039891,119.80592168378932,0.4492376482895492,0.0,0.0,0.0,0.0,0.0,0.0,0.0,0.0018486857403205328,0.0,2.947652700470182,0.14691501695090192,96077.77257256374,476.70417641761594,283.531072705449,60.14754040077174,0.03272721896524544,0.0,18.497997261095108,0.04697911335696413,281.11055615777514,284.592444892473,0.005194606295981942,273.3346714757948,62.82276321455123,5.400198445504386e-10,2.2176611775632096,0.0199803910355639,5.0014161991975055,0.019979822398736836,-50.0,0.0,0.0,4.920316833942125e-05,0.0,0.0,0.0,0.0,0.0,0.0,0.18884690291514733,0.2890819594630179,73.58578009011757,69.2376987670029,11.754995509518718,0.333941359195986,-58.20918416712114,11.691911517310267,11.552310056491008,3.6097927834912658,-4.736975023545939,10.922689996471162,45.004631678180246,38.48782915980147,12.154673591088534,9.27580075875399,1928.982821981925,82975.11912857395,74576.97638477503,413.5691006597412,281.50369134532997,64.24053441253825,350.3026741203311,0.007128658718698511,559.6621376930457,107.97080898474182,117.17388371779306,52.454631249515565,7.741866637705291,-6.04011571961132,17.577113945284157,-2.2273956013416445,35.76142990641288,4090.9783195399536,5585.79966522163,8.259423685700954,30.98291237586439,-7.062056299245043,666.8713224922,13.443139729115412,-7.229881672800071,39.07465991581026,-6.490356356826083,76291.59654499764,753.8474244163556,0.6307328433958431,0.008328342451643562,241.04361819098995,278.0077189929162,237.48297151544378,278.0302636413835
2025-01-29 18:25:00,-8.396181582382441,39.22992650762682,0.0029727349139337545,31245.07377669159,-9.276724941224822,-9.793563073218728,0.4206644952175893,7.3393007799774255,31.148470524129795,-0.9098927822480993,28.34079253618321,-1.1187681145178507,5595.487598106153,254.22959764133267,237.08397497288033,19.343327033413754,-2.3008752834741713,3011.115779201847,269.9948523689363,251.789433505324,-0.0026666597002738502,11.648920669640432,-2.404378042338951,1455.436542678864,276.5070464746458,263.08916557496957,6.611136335770858,-0.19390425141516385,278.559593643404,270.8230788698944,3.845844388135786,0.4158998434088303,282.84389606804433,274.920879870594,2.2361440080582438,0.09769523453658238,-0.00820352917085582,-0.006400961122539794,101435.29604326749,119.59363641377195,0.44719277831667054,0.0,0.0,0.0,0.0,0.0,0.0,0.0,0.0018356985126035293,0.0,2.965721217951379,0.15755966873252616,96075.42623004457,476.70417641761594,283.6048083141782,60.1034844577558,0.032715561910290805,0.0,18.43280287390802,0.04696445709267713,281.1720095250207,284.6575614698429,0.005197711676808523,273.34456327844924,62.681611081104585,5.405890815080531e-10,2.2328157838836247,0.030190047095536195,5.010118076425712,0.030189475724878227,-50.0,0.0,0.0,4.975375400910834e-05,0.0,0.0,0.0,0.0,0.0,0.0,0.18886493426645762,0.2898868504570878,74.07360575061549,69.29792379321705,11.754995509518718,0.333941359195986,-57.80772088085169,11.691911517310267,11.502495099662791,3.613527025908669,-4.7708220371440575,10.923388780285576,44.7921820484678,38.27432230300364,12.163639331682012,9.16355149916288,1933.182214019419,82917.71042746102,74567.61721748329,414.542174857399,281.5533060632607,64.4272673937457,350.6484673382979,0.007116441775175696,561.1051670628754,107.8068078950587,117.01235590961508,52.2867195875091,7.7492283370705985,-6.035312203791521,17.57867538123105,-2.2299965027291284,35.73701522179549,4091.0491353833304,5585.901997542439,8.252428048632622,31.232288493782523,-7.051190436823311,672.2680104577662,13.623779464792019,-7.247046806509335,39.42943505668784,-6.485187579292031,76325.04903399102,753.5357838343724,0.6307325809480768,0.008328298710349173,241.05057235024614,278.080498936572,237.4906934315851,278.1054724038577
2025-01-29 18:30:00,-8.397423586364475,39.21172852822967,0.002979421785579125,31396.820865227295,-9.274961603891786,-9.792797308047017,0.4212467738608323,7.351451428819919,31.17171928422605,-0.8873554840905717,28.365290313209865,-1.0898272490492156,5595.3894016632985,254.22903957806182,237.0762548640625,19.356963613409317,-2.298689124236597,3011.014700246201,269.99531535116563,251.7928570899607,-0.0027771779002416196,11.64968661510478,-2.3984511957098995,1455.2921916549788,276.52688456618034,263.09019522548215,6.619483231324686,-0.1868723568280793,278.60077109577674,270.82784347378356,3.859320932953887,0.4293527769869882,282.89851413988174,274.9276183690426,2.2511318006158394,0.10841415450341602,-0.010512861221774267,-0.007485482626705851,101432.77773613606,119.38135114375456,0.4451479083437919,0.0,0.0,0.0,0.0,0.0,0.0,0.0,0.0018227112848865257,0.0,2.983789735432576,0.1682043205141504,96073.07988752538,476.70417641761594,283.67854392290735,60.05942851473985,0.03270390485533617,0.0,18.36760848672093,0.046949800828390134,281.23346289226623,284.72267804721287,0.005200817057635104,273.35445508110377,62.540458947657946,5.411583184656676e-10,2.24797039020404,0.04039970315550848,5.018819953653919,0.040399129051019625,-50.0,0.0,0.0,5.0304339678795425e-05,0.0,0.0,0.0,0.0,0.0,0.0,0.18888296561776793,0.2906917414511577,74.5614314111134,69.35814881943121,11.754995509518718,0.333941359195986,-57.40625759458224,11.691911517310267,11.452680142834573,3.6172612683260716,-4.804669050742175,10.924087564099988,44.579732418755356,38.06081544620582,12.172605072275491,9.051302239571768,1937.381606056913,82860.30172634809,74558.25805019157,415.51524905505687,281.60292078119153,64.61400037495314,350.9942605562647,0.00710422483165288,562.548196432705,107.64280680537556,116.85082810143712,52.11880792550262,7.756590036435906,-6.030508687971722,17.580236817177944,-2.232597404116612,35.71260053717809,4091.119951226707,5586.004329863249,8.24543241156429,31.481664611700655,-7.04032457440158,677.6646984233324,13.804419200468626,-7.264211940218598,39.78421019756543,-6.48001880175798,76358.50152298438,753.2241432523892,0.6307323185003104,0.008328254969054785,241.05752650950234,278.15327888022773,237.49841534772645,278.18068116633185
2025-01-29 18:35:00,-8.398665590346507,39.19353054883252,0.0029861086572244957,31548.567953763002,-9.273198266558747,-9.792031542875305,0.4218290525040754,7.363602077662414,31.19496804432231,-0.8648181859330442,28.38978809023652,-1.0608863835805804,5595.291205220445,254.22848151479096,237.06853475524463,19.37060019340488,-2.2965029649990227,3010.913621290555,269.995778333395,251.7962806745974,-0.0028876961002093893,11.650452560569128,-2.3925243490808477,1455.1478406310935,276.54672265771495,263.0912248759948,6.627830126878513,-0.1798404622409947,278.64194854814946,270.8326080776728,3.872797477771988,0.4428057105651461,282.9531322117191,274.9343568674912,2.266119593173435,0.11913307447024964,-0.012822193272692711,-0.008570004130871908,101430.25942900464,119.16906587373717,0.44310303837091325,0.0,0.0,0.0,0.0,0.0,0.0,0.0,0.001809724057169522,0.0,3.001858252913773,0.17884897229577462,96070.7335450062,476.70417641761594,283.7522795316366,60.01537257172391,0.03269224780038153,0.0,18.302414099533838,0.04693514456410313,281.29491625951175,284.7877946245828,0.005203922438461685,273.36434688375823,62.39930681421131,5.417275554232821e-10,2.2631249965244558,0.050609359215480786,5.027521830882127,0.050608782377161016,-50.0,0.0,0.0,5.0854925348482516e-05,0.0,0.0,0.0,0.0,0.0,0.0,0.18890099696907825,0.2914966324452276,75.04925707161132,69.41837384564536,11.754995509518718,0.333941359195986,-57.00479430831279,11.691911517310267,11.402865186006357,3.6209955107434744,-4.838516064340294,10.924786347914402,44.36728278904291,37.847308589407994,12.18157081286897,8.939052979980659,1941.5809980944068,82802.89302523516,74548.89888289984,416.4883232527147,281.6525354991223,64.80073335616058,351.3400537742315,0.007092007888130065,563.9912258025346,107.47880571569243,116.68930029325914,51.950896263496155,7.7639517358012125,-6.025705172151922,17.581798253124838,-2.2351983055040954,35.68818585256069,4091.190767070084,5586.106662184059,8.238436774495957,31.731040729618787,-7.029458711979848,683.0613863888987,13.985058936145233,-7.281377073927861,40.138985338443014,-6.474850024223929,76391.95401197777,752.9125026704061,0.6307320560525441,0.008328211227760394,241.06448066875856,278.2260588238835,237.5061372638678,278.255889928806
2025-01-29 18:40:00,-8.399907594328539,39.17533256943537,0.0029927955288698667,31700.315042298706,-9.27143492922571,-9.791265777703593,0.4224113311473184,7.375752726504907,31.218216804418564,-0.8422808877755166,28.414285867263178,-1.0319455181119452,5595.19300877759,254.22792345152013,237.0608146464268,19.384236773400442,-2.294316805761449,3010.8125423349093,269.99624131562433,251.7997042592341,-0.0029982143001771587,11.651218506033475,-2.3865975024517962,1455.0034896072082,276.56656074924956,263.0922545265074,6.63617702243234,-0.17280856765391014,278.6831260005222,270.83737268156193,3.886274022590089,0.456258644143304,283.0077502835565,274.94109536593976,2.281107385731031,0.12985199443708328,-0.015131525323611159,-0.009654525635037966,101427.74112187322,118.95678060371979,0.4410581683980346,0.0,0.0,0.0,0.0,0.0,0.0,0.0,0.0017967368294525183,0.0,3.01992677039497,0.18949362407739886,96068.38720248702,476.70417641761594,283.82601514036577,59.97131662870797,0.032680590745426896,0.0,18.23721971234675,0.046920488299816134,281.3563696267573,284.8529112019527,0.005207027819288266,273.3742386864127,62.25815468076466,5.422967923808965e-10,2.278279602844871,0.060819015275453074,5.036223708110334,0.060818435703302406,-50.0,0.0,0.0,5.140551101816961e-05,0.0,0.0,0.0,0.0,0.0,0.0,0.18891902832038854,0.2923015234392975,75.53708273210924,69.47859887185952,11.754995509518718,0.333941359195986,-56.60333102204334,11.691911517310267,11.353050229178141,3.6247297531608775,-4.872363077938413,10.925485131728816,44.154833159330465,37.633801732610166,12.190536553462447,8.826803720389549,1945.7803901319007,82745.48432412223,74539.5397156081,417.4613974503725,281.70215021705303,64.98746633736802,351.68584699219826,0.00707979094460725,565.4342551723643,107.3148046260093,116.52777248508116,51.78298460148969,7.77131343516652,-6.020901656332123,17.58335968907173,-2.2377992068915793,35.6637711679433,4091.2615829134606,5586.208994504868,8.231441137427625,31.98041684753692,-7.018592849558116,688.4580743544649,14.16569867182184,-7.298542207637125,40.4937604793206,-6.469681246689877,76425.40650097115,752.6008620884229,0.6307317936047778,0.008328167486466006,241.07143482801476,278.2988387675393,237.51385918000912,278.3310986912802
2025-01-29 18:45:00,-8.401149598310571,39.15713459003822,0.0029994824005152377,31852.06213083441,-9.269671591892672,-9.790500012531881,0.42299360979056144,7.387903375347401,31.24146556451482,-0.819743589617989,28.438783644289835,-1.0030046526433098,5595.094812334736,254.22736538824927,237.05309453760896,19.397873353396005,-2.2921306465238747,3010.711463379263,269.9967042978537,251.80312784387078,-0.0031087325001449284,11.651984451497821,-2.380670655822745,1454.8591385833229,276.5863988407841,263.09328417702,6.6445239179861675,-0.1657766730668256,278.7243034528949,270.8421372854511,3.8997505674081903,0.469711577721462,283.06236835539386,274.9478338643884,2.2960951782886267,0.1405709144039169,-0.017440857374529606,-0.010739047139204023,101425.22281474179,118.7444953337024,0.43901329842515596,0.0,0.0,0.0,0.0,0.0,0.0,0.0,0.0017837496017355146,0.0,3.037995287876167,0.2001382758590231,96066.04085996785,476.70417641761594,283.89975074909495,59.927260685692026,0.03266893369047226,0.0,18.17202532515966,0.04690583203552913,281.41782299400285,284.9180277793226,0.005210133200114847,273.38413048906716,62.11700254731802,5.428660293385111e-10,2.2934342091652864,0.07102867133542537,5.044925585338541,0.0710280890294438,-50.0,0.0,0.0,5.19560966878567e-05,0.0,0.0,0.0,0.0,0.0,0.0,0.18893705967169885,0.29310641443336743,76.02490839260716,69.53882389807367,11.754995509518718,0.333941359195986,-56.20186773577389,11.691911517310267,11.303235272349923,3.6284639955782803,-4.906210091536532,10.92618391554323,43.94238352961801,37.42029487581234,12.199502294055925,8.714554460798439,1949.9797821693946,82688.0756230093,74530.18054831638,418.4344716480303,281.7517649349838,65.17419931857546,352.03164021016505,0.007067574001084435,566.8772845421939,107.15080353632618,116.36624467690318,51.61507293948322,7.778675134531827,-6.016098140512324,17.584921125018624,-2.2404001082790628,35.63935648332591,4091.3323987568374,5586.311326825678,8.224445500359291,32.22979296545505,-7.007726987136385,693.8547623200311,14.346338407498447,-7.315707341346388,40.84853562019819,-6.464512469155826,76458.85898996453,752.2892215064397,0.6307315311570115,0.008328123745171617,241.07838898727096,278.371618711195,237.52158109615044,278.4063074537544
2025-01-29 18:50:00,-8.402391602292603,39.13893661064107,0.0030061692721606082,32003.809219370116,-9.267908254559636,-9.789734247360169,0.42357588843380445,7.400054024189894,31.264714324611074,-0.7972062914604614,28.463281421316488,-0.9740637871746748,5594.996615891881,254.2268073249784,237.0453744287911,19.411509933391567,-2.2899444872863004,3010.6103844236172,269.99716728008303,251.80655142850748,-0.0032192507001126977,11.652750396962169,-2.3747438091936934,1454.7147875594378,276.6062369323187,263.09431382753263,6.6528708135399945,-0.158744778479741,278.7654809052677,270.8469018893403,3.9132271122262914,0.4831645112996199,283.11698642723127,274.954572362837,2.3110829708462224,0.15128983437075053,-0.019750189425448053,-0.011823568643370079,101422.70450761037,118.53221006368501,0.4369684284522773,0.0,0.0,0.0,0.0,0.0,0.0,0.0,0.001770762374018511,0.0,3.0560638053573643,0.21078292764064732,96063.69451744866,476.70417641761594,283.9734863578242,59.883204742676085,0.03265727663551762,0.0,18.106830937972568,0.04689117577124213,281.47927636124837,284.9831443566925,0.005213238580941428,273.3940222917216,61.975850413871385,5.434352662961256e-10,2.308588815485702,0.08123832739539766,5.053627462566748,0.08123774235558519,-50.0,0.0,0.0,5.250668235754379e-05,0.0,0.0,0.0,0.0,0.0,0.0,0.18895509102300917,0.2939113054274373,76.51273405310508,69.59904892428784,11.754995509518718,0.333941359195986,-55.80040444950444,11.691911517310267,11.253420315521707,3.632198237995683,-4.940057105134651,10.926882699357645,43.72993389990557,37.20678801901451,12.208468034649403,8.60230520120733,1954.1791742068883,82630.66692189635,74520.82138102465,419.4075458456881,281.80137965291453,65.36093229978289,352.37743342813184,0.007055357057561619,568.3203139120236,106.98680244664305,116.2047168687252,51.44716127747675,7.786036833897135,-6.011294624692525,17.58648256096552,-2.2430010096665463,35.614941798708514,4091.403214600214,5586.4136591464885,8.217449863290959,32.47916908337318,-6.996861124714654,699.2514502855972,14.526978143175054,-7.332872475055652,41.20331076107578,-6.459343691621775,76492.31147895791,751.9775809244566,0.6307312687092452,0.008328080003877228,241.08534314652715,278.4443986548508,237.5293030122918,278.48151621622856
2025-01-29 18:55:00,-8.403633606274637,39.12073863124392,0.003012856143805979,32155.55630790582,-9.266144917226597,-9.788968482188459,0.4241581670770475,7.412204673032388,31.28796308470733,-0.7746689933029338,28.487779198343144,-0.9451229217060396,5594.898419449028,254.22624926170758,237.03765431997326,19.42514651338713,-2.2877583280487266,3010.509305467971,269.9976302623124,251.80997501314417,-0.003329768900080467,11.653516342426517,-2.368816962564642,1454.5704365355525,276.6260750238533,263.0953434780452,6.6612177090938225,-0.1517128838926564,278.8066583576404,270.85166649322946,3.926703657044392,0.4966174448777778,283.1716044990686,274.96131086128554,2.3260707634038185,0.16200875433758416,-0.022059521476366497,-0.012908090147536137,101420.18620047894,118.31992479366764,0.4349235584793987,0.0,0.0,0.0,0.0,0.0,0.0,0.0,0.0017577751463015074,0.0,3.0741323228385613,0.22142757942227156,96061.34817492947,476.70417641761594,284.04722196655337,59.839148799660144,0.03264561958056298,0.0,18.04163655078548,0.04687651950695513,281.54072972849394,285.04826093406245,0.005216343961768009,273.40391409437615,61.83469828042474,5.440045032537401e-10,2.323743421806117,0.09144798345536995,5.062329339794956,0.09144739568172658,-50.0,0.0,0.0,5.305726802723088e-05,0.0,0.0,0.0,0.0,0.0,0.0,0.18897312237431946,0.29471619642150726,77.000559713603,69.659273950502,11.754995509518718,0.333941359195986,-55.398941163234994,11.691911517310267,11.203605358693489,3.635932480413086,-4.973904118732769,10.927581483172057,43.51748427019312,36.99328116221669,12.217433775242883,8.49005594161622,1958.3785662443822,82573.25822078342,74511.46221373291,420.3806200433459,281.85099437084534,65.54766528099033,352.7232266460986,0.007043140114038803,569.7633432818533,106.82280135695993,116.04318906054722,51.27924961547028,7.793398533262442,-6.0064911088727255,17.588043996912415,-2.24560191105403,35.59052711409112,4091.474030443591,5586.515991467298,8.210454226222627,32.72854520129131,-6.985995262292922,704.6481382511635,14.70761787885166,-7.350037608764915,41.55808590195336,-6.454174914087724,76525.76396795128,751.6659403424734,0.6307310062614788,0.00832803626258284,241.09229730578335,278.5171785985066,237.53702492843314,278.55672497870273
2025-01-29 19:00:00,-8.404875610256669,39.102540651846766,0.00301954301545135,32307.303396441523,-9.264381579893561,-9.788202717016746,0.4247404457202905,7.424355321874882,31.311211844803584,-0.7521316951454062,28.5122769753698,-0.9161820562374045,5594.800223006173,254.22569119843672,237.02993421115542,19.438783093382693,-2.2855721688111523,3010.408226512325,269.99809324454174,251.81339859778086,-0.003440287100048237,11.654282287890863,-2.3628901159355906,1454.4260855116672,276.6459131153879,263.09637312855784,6.6695646046476496,-0.14468098930557186,278.8478358100131,270.8564310971186,3.940180201862493,0.5100703784559357,283.22622257090603,274.96804935973415,2.341058555961414,0.1727276743044178,-0.024368853527284944,-0.013992611651702192,101417.66789334752,118.10763952365025,0.43287868850652,0.0,0.0,0.0,0.0,0.0,0.0,0.0,0.0017447879185845036,0.0,3.0922008403197583,0.2320722312038958,96059.0018324103,476.70417641761594,284.12095757528255,59.7950928566442,0.032633962525608344,0.0,17.97644216359839,0.04686186324266813,281.60218309573946,285.11337751143236,0.00521944934259459,273.4138058970306,61.6935461469781,5.445737402113546e-10,2.3388980281265326,0.10165763951534224,5.071031217023163,0.10165704900786798,-50.0,0.0,0.0,5.360785369691797e-05,0.0,0.0,0.0,0.0,0.0,0.0,0.18899115372562977,0.29552108741557714,77.48838537410091,69.71949897671615,11.754995509518718,0.333941359195986,-54.99747787696554,11.691911517310267,11.153790401865272,3.639666722830489,-5.007751132330887,10.928280266986471,43.30503464048068,36.77977430541886,12.226399515836361,8.37780668202511,1962.5779582818761,82515.84951967049,74502.10304644119,421.3536942410037,281.9006090887761,65.73439826219777,353.0690198640654,0.007030923170515988,571.206372651683,106.6588002672768,115.88166125236924,51.11133795346381,7.800760232627749,-6.001687593052926,17.589605432859308,-2.2482028124415137,35.566112429473726,4091.5448462869676,5586.618323788108,8.203458589154295,32.97792131920944,-6.97512939987119,710.0448262167297,14.888257614528268,-7.367202742474179,41.91286104283095,-6.449006136553672,76559.21645694466,751.3542997604902,0.6307307438137125,0.008327992521288451,241.09925146503954,278.5899585421623,237.54474684457446,278.6319337411769
2025-01-29 19:05:00,-8.409067693895972,39.08932627121387,0.0030351675107861656,32424.48283355405,-9.265835507713076,-9.78815247740631,0.42429363113193896,7.438026644249051,31.343343314854216,-0.7430085450898121,28.54531956869626,-0.9061703189379854,5594.646998044099,254.22596867242427,237.0374288297102,19.450048963530605,-2.295556661448469,3010.2309012684573,270.001182040956,251.81276325274604,-0.0026044882947220275,11.661999589061912,-2.364320414841415,1454.1959590908298,276.6638062627499,263.1111105975961,6.679468429877904,-0.1445809569711076,278.8834457311675,270.864828863245,3.9572868552398006,0.5110367178102218,283.27134045666514,274.9733399520937,2.3548824327281386,0.1752575258218923,-0.021771925162881327,-0.012000857745916565,101414.13241185297,117.81239069263378,0.42858932969615726,0.0,0.0,0.0,0.0,0.0,0.0,0.0,0.0017300713787938354,0.0,3.109416506102841,0.23303229932480102,96055.84242102466,476.70417641761594,284.1494592701489,59.75437494740109,0.03262270789056208,0.0,17.93750488808965,0.04684305343628985,281.64329883738134,285.158502081992,0.005222275652650731,273.4186710885942,61.593483846252504,5.45243671378304e-10,2.351869179122145,0.10344827578726255,5.078452518918939,0.1034476825459574,-50.0,0.0,0.0,5.3561207105755774e-05,0.0,0.0,0.0,0.0,0.0,0.0,0.18900261476272187,0.2959422600916853,77.09770912844071,69.58737052358154,11.754995509518718,0.333941359195986,-54.17491233807192,11.691914841648641,11.115228680361895,3.644832810274935,-5.024674201717003,10.930721785735013,43.31313994607223,36.761399856143626,12.212798903948142,8.368654122363296,1965.9483654778765,82503.54506841928,74494.63417668299,418.39338864769945,281.9675605331399,65.38587564671174,353.2072768390428,0.007087358188536527,569.8023969092051,106.20782279369348,115.8642567225558,51.05476512412117,7.810469173289707,-6.005475890553696,17.589339739090104,-2.258388122696248,35.574374066451426,4091.969452217272,5586.410695673793,8.196047908440024,32.995937483542335,-6.95961672478135,713.5644297377407,15.077605804504758,-7.350677368936648,41.99039467419996,-6.431442213463465,76580.87354601751,750.6445973027719,0.6307310500027732,0.008326286610807284,241.10487636212335,278.6112393082248,237.5511184948431,278.65106732471645
2025-01-29 19:10:00,-8.413259777535277,39.076111890580975,0.003050792006120982,32541.66227066658,-9.267289435532593,-9.788102237795874,0.4238468165435874,7.451697966623221,31.375474784904853,-0.7338853950342178,28.57836216202272,-0.8961585816385663,5594.493773082025,254.22624614641182,237.04492344826497,19.46131483367852,-2.305541154085785,3010.0535760245893,270.0042708373703,251.81212790771121,-0.0017686894893958183,11.669716890232959,-2.36575071374724,1453.9658326699923,276.68169941011195,263.1258480666344,6.689372255108158,-0.14448092463664336,278.9190556523219,270.8732266293714,3.9743935086171085,0.5120030571645078,283.31645834242426,274.97863054445315,2.368706309494863,0.17778737733936678,-0.01917499679847771,-0.010009103840130939,101410.59693035843,117.51714186161732,0.42429997088579446,0.0,0.0,0.0,0.0,0.0,0.0,0.0,0.0017153548390031674,0.0,3.126632171885923,0.2339923674457062,96052.683009639,476.70417641761594,284.1779609650153,59.713657038157976,0.03261145325551582,0.0,17.898567612580905,0.04682424362991156,281.6844145790232,285.20362665255175,0.005225101962706872,273.42353628015775,61.49342154552691,5.459136025452536e-10,2.364840330117757,0.10523891205918287,5.085873820814715,0.10523831608404682,-50.0,0.0,0.0,5.3514560514593584e-05,0.0,0.0,0.0,0.0,0.0,0.0,0.18901407579981397,0.2963634327677934,76.7070328827805,69.45524207044693,11.754995509518718,0.333941359195986,-53.35234679917829,11.691918165987014,11.076666958858517,3.6499988977193816,-5.041597271103118,10.933163304483555,43.32124525166379,36.7430254068684,12.199198292059922,8.359501562701483,1969.3187726738765,82491.24061716808,74487.1653069248,415.4330830543951,282.03451197750366,65.03735303122569,353.34553381402014,0.007143793206557066,568.3984211667273,105.75684532011016,115.84685219274233,50.99819229477853,7.820178113951664,-6.009264188054465,17.5890740453209,-2.2685734329509817,35.582635703429126,4092.394058147577,5586.203067559479,8.188637227725753,33.01395364787523,-6.94410404969151,717.0840332587518,15.266953994481248,-7.334151995399115,42.067928305568984,-6.413878290373258,76602.53063509036,749.9348948450535,0.630731356191834,0.008324580700326118,241.11050125920713,278.63252007428736,237.55749014511176,278.670200908256
2025-01-29 19:15:00,-8.41745186117458,39.06289750994809,0.0030664165014557977,32658.84170777911,-9.268743363352108,-9.788051998185438,0.42340000195523586,7.46536928899739,31.407606254955486,-0.7247622449786236,28.611404755349177,-0.8861468443391471,5594.340548119951,254.22652362039935,237.0524180668197,19.472580703826434,-2.315525646723101,3009.876250780722,270.00735963378463,251.8114925626764,-0.0009328906840696091,11.677434191404007,-2.367181012653065,1453.7357062491549,276.699592557474,263.1405855356726,6.699276080338413,-0.1443808923021791,278.9546655734763,270.8816243954978,3.991500161994416,0.5129693965187937,283.36157622818337,274.9839211368127,2.3825301862615875,0.1803172288568413,-0.016578068434074097,-0.008017349934345311,101407.06144886388,117.22189303060085,0.42001061207543167,0.0,0.0,0.0,0.0,0.0,0.0,0.0,0.0017006382992124992,0.0,3.1438478376690058,0.2349524355666114,96049.52359825335,476.70417641761594,284.20646265988165,59.67293912891486,0.03260019862046956,0.0,17.85963033707216,0.04680543382353328,281.7255303206651,285.2487512231114,0.005227928272763013,273.4284014717213,61.39335924480131,5.465835337122032e-10,2.3778114811133695,0.10702954833110319,5.093295122710492,0.10702894962213624,-50.0,0.0,0.0,5.346791392343139e-05,0.0,0.0,0.0,0.0,0.0,0.0,0.18902553683690604,0.29678460544390156,76.3163566371203,69.32311361731232,11.754995509518718,0.333941359195986,-52.52978126028467,11.691921490325388,11.038105237355138,3.655164985163828,-5.058520340489234,10.935604823232097,43.32935055725534,36.72465095759316,12.185597680171703,8.35034900303967,1972.6891798698769,82478.93616591688,74479.6964371666,412.47277746109086,282.10146342186744,64.68883041573966,353.4837907889975,0.007200228224577603,566.9944454242494,105.30586784652684,115.82944766292889,50.94161946543589,7.829887054613622,-6.013052485555235,17.58880835155169,-2.2787587432057155,35.590897340406826,4092.8186640778817,5585.995439445164,8.181226547011482,33.031969812208125,-6.92859137460167,720.6036367797628,15.456302184457737,-7.317626621861583,42.145461936938,-6.396314367283051,76624.1877241632,749.2251923873351,0.6307316623808947,0.00832287478984495,241.11612615629093,278.65380084034985,237.5638617953804,278.68933449179553
2025-01-29 19:20:00,-8.421643944813884,39.04968312931519,0.0030820409967906135,32776.02114489164,-9.270197291171623,-9.788001758575,0.4229531873668843,7.47904061137156,31.43973772500612,-0.7156390949230295,28.644447348675637,-0.8761351070397281,5594.187323157877,254.2268010943869,237.05991268537448,19.48384657397435,-2.3255101393604174,3009.698925536854,270.0104484301989,251.81085721764154,-9.709187874339976e-05,11.685151492575054,-2.36861131155889,1453.5055798283174,276.717485704836,263.15532300471085,6.709179905568667,-0.14428085996771484,278.9902754946307,270.8900221616242,4.008606815371723,0.5139357358730797,283.40669411394254,274.9892117291722,2.396354063028312,0.18284708037431577,-0.013981140069670479,-0.0060255960285596835,101403.52596736934,116.92664419958439,0.4157212532650689,0.0,0.0,0.0,0.0,0.0,0.0,0.0,0.0016859217594218311,0.0,3.1610635034520884,0.2359125036875166,96046.36418686771,476.70417641761594,284.23496435474806,59.632221219671756,0.0325889439854233,0.0,17.82069306156342,0.04678662401715499,281.76664606230696,285.2938757936711,0.005230754582819155,273.4332666632849,61.29329694407571,5.472534648791526e-10,2.390782632108982,0.1088201846030235,5.100716424606269,0.10881958316022566,-50.0,0.0,0.0,5.34212673322692e-05,0.0,0.0,0.0,0.0,0.0,0.0,0.18903699787399814,0.2972057781200097,75.92568039146009,69.19098516417769,11.754995509518718,0.333941359195986,-51.70721572139105,11.69192481466376,10.99954351585176,3.6603310726082743,-5.07544340987535,10.938046341980638,43.337455862846895,36.70627650831793,12.171997068283485,8.341196443377857,1976.0595870658772,82466.63171466567,74472.2275674084,409.51247186778653,282.1684148662312,64.34030780025361,353.6220477639749,0.007256663242598142,565.5904696817715,104.85489037294353,115.81204313311542,50.88504663609325,7.83959599527558,-6.016840783056004,17.588542657782487,-2.2889440534604497,35.599158977384526,4093.2432700081868,5585.78781133085,8.173815866297211,33.049985976541016,-6.913078699511829,724.1232403007738,15.645650374434227,-7.301101248324052,42.22299556830701,-6.378750444192844,76645.84481323605,748.5154899296168,0.6307319685699554,0.008321168879363785,241.12175105337474,278.67508160641233,237.57023344564905,278.708468075335
2025-01-29 19:25:00,-8.425836028453187,39.036468748682296,0.0030976654921254297,32893.20058200417,-9.27165121899114,-9.787951518964563,0.42250637277853276,7.4927119337457295,31.47186919505675,-0.7065159448674352,28.677489942002097,-0.866123369740309,5594.0340981958025,254.22707856837445,237.06740730392926,19.495112444122263,-2.335494631997734,3009.521600292986,270.01353722661315,251.81022187260672,0.0007387069265828096,11.692868793746102,-2.3700416104647144,1453.27545340748,276.73537885219804,263.1700604737491,6.719083730798921,-0.14418082763325057,279.02588541578507,270.8984199277506,4.025713468749031,0.5149020752273658,283.45181199970165,274.9945023215317,2.4101779397950365,0.18537693189179028,-0.011384211705266862,-0.004033842122774056,101399.99048587479,116.63139536856792,0.4114318944547062,0.0,0.0,0.0,0.0,0.0,0.0,0.0,0.001671205219631163,0.0,3.1782791692351706,0.2368725718084218,96043.20477548207,476.70417641761594,284.2634660496144,59.59150331042864,0.03257768935037704,0.0,17.78175578605468,0.046767814210776706,281.80776180394884,285.3390003642308,0.005233580892875295,273.43813185484845,61.19323464335012,5.479233960461021e-10,2.403753783104594,0.11061082087494382,5.1081377265020445,0.11061021669831508,-50.0,0.0,0.0,5.3374620741107e-05,0.0,0.0,0.0,0.0,0.0,0.0,0.18904845891109023,0.29762695079611784,75.53500414579987,69.05885671104308,11.754995509518718,0.333941359195986,-50.88465018249743,11.691928139002135,10.960981794348383,3.6654971600527206,-5.0923664792614645,10.94048786072918,43.34556116843845,36.6879020590427,12.158396456395266,8.332043883716043,1979.4299942618773,82454.32726341445,74464.7586976502,406.55216627448226,282.235366310595,63.99178518476758,353.76030473895224,0.007313098260618681,564.1864939392937,104.40391289936021,115.79463860330198,50.828473806750615,7.849304935937537,-6.020629080556774,17.588276964013282,-2.299129363715184,35.607420614362226,4093.6678759384913,5585.580183216535,8.16640518558294,33.068002140873915,-6.897566024421989,727.6428438217848,15.834998564410718,-7.284575874786521,42.300529199676035,-6.3611865211026375,76667.5019023089,747.8057874718984,0.630732274759016,0.008319462968882618,241.12737595045854,278.6963623724749,237.5766050959177,278.72760165887456
2025-01-29 19:30:00,-8.43002811209249,39.0232543680494,0.0031132899874602455,33010.380019116696,-9.273105146810655,-9.787901279354127,0.4220595581901812,7.506383256119898,31.504000665107384,-0.697392794811841,28.710532535328557,-0.85611163244089,5593.880873233729,254.227356042362,237.074901922484,19.50637831427018,-2.34547912463505,3009.3442750491186,270.01662602302747,251.8095865275719,0.0015745057319090186,11.70058609491715,-2.3714719093705394,1453.0453269866425,276.75327199956007,263.1847979427873,6.728987556029176,-0.1440807952987863,279.0614953369394,270.906817693877,4.042820122126339,0.5158684145816517,283.49692988546076,274.9997929138912,2.424001816561761,0.18790678340926475,-0.008787283340863247,-0.00204208821698843,101396.45500438026,116.33614653755146,0.4071425356443434,0.0,0.0,0.0,0.0,0.0,0.0,0.0,0.001656488679840495,0.0,3.1954948350182533,0.23783263992932702,96040.04536409641,476.70417641761594,284.29196774448076,59.55078540118553,0.032566434715330786,0.0,17.742818510545938,0.046749004404398414,281.84887754559077,285.38412493479046,0.005236407202931437,273.4429970464121,61.09317234262451,5.485933272130516e-10,2.4167249341002064,0.11240145714686414,5.115559028397821,0.1124008502364045,-50.0,0.0,0.0,5.3327974149944805e-05,0.0,0.0,0.0,0.0,0.0,0.0,0.18905991994818233,0.298048123472226,75.14432790013967,68.92672825790847,11.754995509518718,0.333941359195986,-50.06208464360381,11.69193146334051,10.922420072845004,3.670663247497167,-5.10928954864758,10.942929379477722,43.35366647403001,36.669527609767464,12.144795844507048,8.322891324054229,1982.8004014578776,82442.02281216325,74457.289827892,403.591860681178,282.30231775495884,63.64326256928154,353.89856171392955,0.007369533278639219,562.7825181968158,103.95293542577689,115.77723407348853,50.771900977407974,7.859013876599495,-6.024417378057544,17.588011270244074,-2.3093146739699177,35.61568225133993,4094.0924818687963,5585.372555102221,8.15899450486867,33.08601830520681,-6.882053349332149,731.1624473427959,16.02434675438721,-7.268050501248989,42.37806283104505,-6.343622598012431,76689.15899138174,747.0960850141801,0.6307325809480768,0.008317757058401452,241.13300084754235,278.71764313853737,237.58297674618638,278.7467352424141
2025-01-29 19:35:00,-8.434220195731795,39.010039987416505,0.0031289144827950613,33127.559456229224,-9.27455907463017,-9.78785103974369,0.42161274360182965,7.520054578494068,31.53613213515802,-0.6882696447562469,28.743575128655017,-0.8460998951414709,5593.727648271655,254.22763351634956,237.08239654103878,19.517644184418092,-2.355463617272366,3009.1669498052506,270.0197148194418,251.80895118253707,0.0024103045372352284,11.708303396088198,-2.372902208276364,1452.815200565805,276.7711651469221,263.1995354118256,6.73889138125943,-0.14398076296432208,279.0971052580938,270.91521546000337,4.059926775503646,0.5168347539359377,283.54204777121987,275.00508350625074,2.4378256933284854,0.19043663492673926,-0.0061903549764596305,-5.033431120280221e-05,101392.91952288571,116.04089770653499,0.4028531768339806,0.0,0.0,0.0,0.0,0.0,0.0,0.0,0.0016417721400498267,0.0,3.212710500801336,0.2387927080502322,96036.88595271076,476.70417641761594,284.32046943934716,59.510067491942415,0.032555180080284525,0.0,17.703881235037194,0.04673019459802013,281.88999328723264,285.4292495053501,0.005239233512987578,273.44786223797564,60.993110041898916,5.492632583800012e-10,2.4296960850958187,0.11419209341878447,5.122980330293598,0.11419148377449392,-50.0,0.0,0.0,5.3281327558782616e-05,0.0,0.0,0.0,0.0,0.0,0.0,0.18907138098527443,0.2984692961483341,74.75365165447947,68.79459980477385,11.754995509518718,0.333941359195986,-49.23951910471018,11.691934787678882,10.883858351341626,3.6758293349416133,-5.126212618033696,10.945370898226264,43.36177177962156,36.65115316049223,12.131195232618827,8.313738764392417,1986.1708086538779,82429.71836091205,74449.8209581338,400.63155508787366,282.3692691993226,63.2947399537955,354.0368186889069,0.007425968296659757,561.378542454338,103.50195795219356,115.75982954367507,50.71532814806533,7.868722817261453,-6.028205675558313,17.58774557647487,-2.3194999842246515,35.62394388831763,4094.517087799101,5585.164926987906,8.151583824154399,33.1040344695397,-6.866540674242309,734.6820508638069,16.2136949443637,-7.2515251277114565,42.455596462414064,-6.326058674922224,76710.81608045459,746.3863825564617,0.6307328871371376,0.008316051147920285,241.13862574462613,278.73892390459986,237.58934839645502,278.76586882595365
2025-01-29 19:40:00,-8.438412279371098,38.99682560678361,0.0031445389781298775,33244.73889334175,-9.276013002449687,-9.787800800133255,0.4211659290134781,7.533725900868237,31.568263605208653,-0.6791464947006526,28.776617721981477,-0.8360881578420518,5593.574423309581,254.2279109903371,237.08989115959355,19.528910054566005,-2.3654481099096825,3008.9896245613827,270.02280361585605,251.80831583750225,0.0032461033425614373,11.716020697259246,-2.3743325071821886,1452.5850741449676,276.78905829428413,263.21427288086386,6.748795206489684,-0.14388073062985782,279.1327151792482,270.92361322612976,4.077033428880954,0.5178010932902237,283.587165656979,275.0103740986102,2.45164957009521,0.19296648644421377,-0.0035934266120560138,0.0019414195945828255,101389.38404139117,115.74564887551853,0.39856381802361784,0.0,0.0,0.0,0.0,0.0,0.0,0.0,0.0016270556002591584,0.0,3.229926166584418,0.2397527761711374,96033.72654132512,476.70417641761594,284.3489711342135,59.4693495826993,0.032543925445238264,0.0,17.664943959528454,0.046711384791641844,281.9311090288745,285.47437407590985,0.0052420598230437185,273.4527274295392,60.89304774117332,5.499331895469506e-10,2.442667236091431,0.11598272969070479,5.130401632189374,0.11598211731258334,-50.0,0.0,0.0,5.323468096762042e-05,0.0,0.0,0.0,0.0,0.0,0.0,0.18908284202236653,0.29889046882444226,74.36297540881925,68.66247135163924,11.754995509518718,0.333941359195986,-48.41695356581656,11.691938112017256,10.845296629838248,3.6809954223860597,-5.143135687419811,10.947812416974806,43.36987708521312,36.632778711217,12.117594620730609,8.304586204730603,1989.541215849878,82417.41390966084,74442.35208837561,397.6712494945694,282.4362206436864,62.94621733830946,354.1750756638843,0.007482403314680296,559.9745667118601,103.05098047861024,115.74242501386162,50.6587553187227,7.87843175792341,-6.031993973059083,17.587479882705665,-2.3296852944793858,35.63220552529533,4094.9416937294054,5584.957298873592,8.144173143440128,33.1220506338726,-6.8510279991524685,738.201654384818,16.403043134340187,-7.234999754173925,42.533130093783086,-6.308494751832017,76732.47316952744,745.6766800987433,0.6307331933261983,0.008314345237439118,241.14425064170993,278.7602046706624,237.59572004672367,278.7850024094932
2025-01-29 19:45:00,-8.442604363010402,38.983611226150714,0.0031601634734646934,33361.91833045428,-9.277466930269203,-9.787750560522817,0.42071911442512655,7.547397223242407,31.600395075259286,-0.6700233446450584,28.809660315307937,-0.8260764205426327,5593.421198347507,254.22818846432466,237.09738577814832,19.54017592471392,-2.375432602546999,3008.8122993175148,270.0258924122703,251.8076804924674,0.004081902147887647,11.723737998430293,-2.3757628060880136,1452.3549477241302,276.80695144164616,263.2290103499021,6.758699031719939,-0.14378069829539356,279.16832510040257,270.93201099225615,4.094140082258262,0.5187674326445098,283.63228354273815,275.01566469096974,2.4654734468619344,0.19549633796168825,-0.000996498247652397,0.003933173500368451,101385.84855989662,115.45040004450206,0.3942744592132551,0.0,0.0,0.0,0.0,0.0,0.0,0.0,0.0016123390604684904,0.0,3.2471418323675008,0.2407128442920426,96030.56712993947,476.70417641761594,284.3774728290799,59.428631673456195,0.032532670810192,0.0,17.626006684019714,0.04669257498526356,281.9722247705164,285.5194986464695,0.00524488613309986,273.4575926211028,60.79298544044772,5.506031207139001e-10,2.4556383870870433,0.11777336596262511,5.1378229340851505,0.11777275085067276,-50.0,0.0,0.0,5.318803437645823e-05,0.0,0.0,0.0,0.0,0.0,0.0,0.18909430305945862,0.2993116415005504,73.97229916315905,68.53034289850461,11.754995509518718,0.333941359195986,-47.59438802692294,11.691941436355629,10.806734908334871,3.686161509830506,-5.160058756805927,10.950253935723346,43.377982390804675,36.614404261941765,12.10399400884239,8.29543364506879,1992.9116230458783,82405.10945840963,74434.88321861741,394.71094390126507,282.5031720880502,62.59769472282342,354.31333263886165,0.007538838332700835,558.5705909693822,102.60000300502693,115.72502048404816,50.602182489380056,7.888140698585368,-6.035782270559852,17.58721418893646,-2.33987060473412,35.64046716227303,4095.3662996597104,5584.749670759277,8.136762462725857,33.14006679820549,-6.835515324062628,741.7212579058289,16.59239132431668,-7.218474380636394,42.6106637251521,-6.29093082874181,76754.13025860029,744.966977641025,0.6307334995152589,0.008312639326957952,241.14987553879374,278.7814854367249,237.60209169699232,278.8041359930327
2025-01-29 19:50:00,-8.446796446649707,38.970396845517826,0.003175787968799509,33479.09776756681,-9.278920858088718,-9.78770032091238,0.420272299836775,7.5610685456165765,31.632526545309922,-0.6609001945894643,28.842702908634394,-0.8160646832432136,5593.267973385433,254.22846593831218,237.1048803967031,19.551441794861834,-2.385417095184315,3008.634974073647,270.0289812086846,251.80704514743258,0.004917700953213856,11.731455299601341,-2.377193104993838,1452.1248213032927,276.8248445890082,263.2437478189404,6.768602856950193,-0.14368066596092932,279.20393502155696,270.94040875838255,4.11124673563557,0.5197337719987958,283.67740142849726,275.0209552833293,2.479297323628659,0.19802618947916276,0.0016004301167512197,0.005924927406154081,101382.31307840208,115.1551512134856,0.3899851004028923,0.0,0.0,0.0,0.0,0.0,0.0,0.0,0.0015976225206778222,0.0,3.2643574981505834,0.2416729124129478,96027.40771855382,476.70417641761594,284.40597452394627,59.38791376421308,0.03252141617514574,0.0,17.58706940851097,0.046673765178885274,282.01334051215827,285.5646232170292,0.005247712443156001,273.46245781266634,60.692923139722126,5.512730518808496e-10,2.4686095380826556,0.11956400223454543,5.145244235980927,0.11956338438876218,-50.0,0.0,0.0,5.314138778529603e-05,0.0,0.0,0.0,0.0,0.0,0.0,0.1891057640965507,0.29973281417665854,73.58162291749885,68.39821444537,11.754995509518718,0.333941359195986,-46.771822488029315,11.691944760694003,10.768173186831493,3.6913275972749524,-5.176981826192042,10.952695454471888,43.386087696396224,36.59602981266653,12.09039339695417,8.286281085406976,1996.2820302418786,82392.80500715843,74427.41434885921,391.7506383079608,282.57012353241396,62.24917210733739,354.451589613839,0.007595273350721373,557.1666152269045,102.14902553144361,115.70761595423471,50.545609660037414,7.897849639247326,-6.039570568060622,17.586948495167256,-2.350055914988854,35.64872879925073,4095.790905590015,5584.542042644963,8.129351782011586,33.15808296253838,-6.820002648972788,745.24086142684,16.781739514293168,-7.201949007098862,42.688197356521115,-6.273366905651603,76775.78734767313,744.2572751833067,0.6307338057043197,0.008310933416476785,241.1555004358775,278.8027662027874,237.60846334726097,278.8232695765722
2025-01-29 19:55:00,-8.45098853028901,38.95718246488493,0.0031914124641343254,33596.27720467934,-9.280374785908235,-9.787650081301944,0.41982548524842345,7.574739867990746,31.664658015360555,-0.65177704453387,28.875745501960854,-0.8060529459437945,5593.114748423359,254.22874341229974,237.11237501525784,19.56270766500975,-2.395401587821631,3008.4576488297794,270.03207000509894,251.80640980239775,0.0057534997585400646,11.739172600772388,-2.378623403899663,1451.8946948824553,276.8427377363702,263.2584852879786,6.778506682180447,-0.14358063362646506,279.23954494271135,270.94880652450894,4.128353389012877,0.5207001113530817,283.7225193142564,275.02624587568874,2.4931212003953833,0.20055604099663724,0.0041973584811548365,0.007916681311939707,101378.77759690753,114.85990238246913,0.3856957415925295,0.0,0.0,0.0,0.0,0.0,0.0,0.0,0.001582905980887154,0.0,3.2815731639336656,0.242632980533853,96024.24830716816,476.70417641761594,284.4344762188127,59.34719585496997,0.03251016154009948,0.0,17.548132133002227,0.04665495537250699,282.05445625380014,285.6097477875889,0.005250538753212142,273.4673230042299,60.59286083899653,5.519429830477992e-10,2.481580689078268,0.12135463850646575,5.152665537876703,0.1213540179268516,-50.0,0.0,0.0,5.309474119413384e-05,0.0,0.0,0.0,0.0,0.0,0.0,0.1891172251336428,0.3001539868527667,73.19094667183863,68.26608599223539,11.754995509518718,0.333941359195986,-45.949256949135695,11.691948085032376,10.729611465328114,3.6964936847193988,-5.193904895578157,10.95513697322043,43.39419300198778,36.5776553633913,12.076792785065951,8.277128525745164,1999.6524374378787,82380.50055590723,74419.94547910102,388.79033271465653,282.63707497677774,61.90064949185135,354.5898465888164,0.007651708368741911,555.7626394844266,101.69804805786029,115.69021142442125,50.48903683069478,7.907558579909283,-6.043358865561391,17.586682801398048,-2.3602412252435876,35.65699043622843,4096.2155115203195,5584.334414530648,8.121941101297315,33.17609912687128,-6.804489973882948,748.760464947851,16.971087704269657,-7.18542363356133,42.76573098789014,-6.255802982561396,76797.44443674598,743.5475727255882,0.6307341118933805,0.00830922750599562,241.16112533296132,278.8240469688499,237.6148349975296,278.84240316011176
2025-01-29 20:00:00,-8.455180613928313,38.943968084252035,0.003207036959469141,33713.45664179187,-9.28182871372775,-9.787599841691508,0.4193786706600719,7.588411190364916,31.696789485411188,-0.6426538944782758,28.908788095287314,-0.7960412086443754,5592.961523461285,254.2290208862873,237.1198696338126,19.573973535157663,-2.4053860804589475,3008.2803235859114,270.0351588015132,251.80577445736293,0.0065892985638662735,11.746889901943437,-2.380053702805488,1451.6645684616178,276.86063088373226,263.27322275701687,6.788410507410702,-0.1434806012920008,279.27515486386574,270.95720429063533,4.145460042390185,0.5216664507073677,283.7676372000155,275.0315364680483,2.506945077162108,0.20308589251411174,0.00679428684555845,0.009908435217725334,101375.24211541298,114.56465355145266,0.38140638278216676,0.0,0.0,0.0,0.0,0.0,0.0,0.0,0.001568189441096486,0.0,3.2987888297167482,0.2435930486547582,96021.08889578252,476.70417641761594,284.462977913679,59.306477945726854,0.03249890690505322,0.0,17.509194857493487,0.0466361455661287,282.095571995442,285.65487235814857,0.005253365063268283,273.4721881957935,60.49279853827093,5.526129142147486e-10,2.49455184007388,0.12314527477838606,5.16008683977248,0.12314465146494102,-50.0,0.0,0.0,5.304809460297165e-05,0.0,0.0,0.0,0.0,0.0,0.0,0.1891286861707349,0.3005751595288748,72.80027042617843,68.13395753910078,11.754995509518718,0.333941359195986,-45.126691410242074,11.69195140937075,10.691049743824736,3.701659772163845,-5.210827964964273,10.957578491968972,43.402298307579336,36.559280914116066,12.063192173177733,8.26797596608335,2003.022844633879,82368.19610465602,74412.47660934282,385.8300271213522,282.7040264211415,61.55212687636531,354.72810356379375,0.00770814338676245,554.3586637419487,101.24707058427697,115.6728068946078,50.43246400135214,7.917267520571241,-6.047147163062161,17.586417107628844,-2.370426535498322,35.66525207320613,4096.6401174506245,5584.126786416334,8.114530420583044,33.19411529120417,-6.788977298793108,752.280068468862,17.16043589424615,-7.1688982600237985,42.84326461925915,-6.238239059471189,76819.10152581883,742.8378702678699,0.6307344180824411,0.008307521595514452,241.16675023004512,278.8453277349124,237.62120664779826,278.8615367436513
2025-01-29 20:05:00,-8.448582835644887,38.923030224534564,0.0031860727928624,33803.59519321667,-9.27940129332947,-9.786545042247967,0.42056651745198914,7.595232421753899,31.72325798164567,-0.6422717470790176,28.934611128496545,-0.8003638028080123,5592.847275313475,254.22737227381353,237.10995911900534,19.581424139027607,-2.4298370032702095,3008.1919578701713,270.0387726492071,251.80757454831857,0.00553990219436798,11.74754456890398,-2.3910464164329612,1451.5085412370286,276.879889703359,263.27825695697675,6.795379291136041,-0.15139674057331465,279.3059331599289,270.9559753166894,4.155620327680306,0.5153632990584431,283.8006140696415,275.0310452070834,2.5108162023073577,0.19939279902220658,0.0036545344199581087,0.010038224197010535,101372.51476531134,114.3369887066084,0.3825044915748143,0.0,0.0,0.0,0.0,0.0,0.0,0.0,0.0015604149509143945,0.0,3.304428929965015,0.23903806605134972,96018.7189036577,476.70417641761594,284.44539689739986,59.27250713989149,0.03249162835366691,0.0,17.487531631517037,0.04661912591596458,282.11562503902974,285.6776682029948,0.005254660909175052,273.4709725345228,60.41499497937424,5.541439225058235e-10,2.496839174331253,0.11973142791770665,5.162167428488821,0.11973080460426161,-50.0,0.0,0.0,5.042112893481375e-05,0.0,0.0,0.0,0.0,0.0,0.0,0.18913553949550194,0.30035257189187925,71.39150068157684,67.87482676260358,11.754995509518718,0.333941359195986,-43.90142645609957,11.691960157629628,10.664729041052606,3.7022485693534843,-5.283577086070445,10.959308360847096,43.27060018129892,36.45793600928575,12.031908093241741,8.129096350348872,2007.5852996241554,82384.7139315482,74401.48276864196,379.36848995691133,282.73157425093467,60.65196614900683,354.6506048896762,0.0075740457005544475,551.0209259664595,99.81238583303458,115.78127128123326,50.5282132486082,7.9159267376151785,-6.06262699745318,17.59199089753338,-2.3885554056847926,35.680525745863434,4096.36611410914,5583.61042743468,8.102679268008686,33.62034139905305,-6.815936370763809,754.2357131989643,17.37243376387015,-7.241401730020682,43.307346630336895,-6.261296364241107,76843.96963706799,742.9698958414801,0.6307345930476187,0.008307740301986397,241.1731827768193,278.83004855723584,237.6274259931564,278.85239680064876
2025-01-29 20:10:00,-8.441985057361459,38.90209236481709,0.003165108626255659,33893.733744641475,-9.27697387293119,-9.785490242804427,0.4217543642439064,7.602053653142881,31.749726477880152,-0.6418895996797594,28.960434161705777,-0.8046863969716492,5592.733027165665,254.22572366133977,237.1000486041981,19.588874742897552,-2.454287926081472,3008.103592154431,270.042386496901,251.8093746392742,0.004490505824869687,11.748199235864524,-2.4020391300604342,1451.3525140124395,276.8991485229858,263.2832911569366,6.802348074861381,-0.15931287985462853,279.3367114559921,270.9547463427435,4.165780612970426,0.5090601474095185,283.83359093926754,275.03055394611863,2.5146873274526076,0.19569970553030142,0.0005147819943577677,0.010168013176295733,101369.78741520969,114.10932386176412,0.38360260036746185,0.0,0.0,0.0,0.0,0.0,0.0,0.0,0.0015526404607323029,0.0,3.310069030213282,0.23448308344794128,96016.34891153288,476.70417641761594,284.42781588112075,59.238536334056114,0.0324843498022806,0.0,17.465868405540586,0.04660210626580045,282.1356780826174,285.70046404784114,0.00525595675508182,273.46975687325204,60.33719142047755,5.556749307968984e-10,2.499126508588626,0.11631758105702722,5.164248017205162,0.1163169577435822,-50.0,0.0,0.0,4.7794163266655854e-05,0.0,0.0,0.0,0.0,0.0,0.0,0.18914239282026896,0.3001299842548837,69.98273093697527,67.61569598610636,11.754995509518718,0.333941359195986,-42.67616150195707,11.691968905888505,10.638408338280474,3.702837366543124,-5.3563262071766164,10.961038229725219,43.138902055018505,36.35659110445543,12.000624013305751,7.9902167346143935,2012.147754614432,82401.23175844041,74390.48892794111,372.9069527924705,282.7591220807279,59.751805421648356,354.5731062155586,0.007439948014346445,547.6831881909702,98.3777010817922,115.8897356678587,50.62396249586426,7.914585954659115,-6.078106831844201,17.597564687437917,-2.4066842758712634,35.695799418520735,4096.092110767655,5583.094068453026,8.090828115434327,34.04656750690194,-6.84289544273451,756.1913579290665,17.584431633494145,-7.313905200017566,43.771428641414644,-6.2843536690110255,76868.83774831715,743.1019214150904,0.6307347680127963,0.008307959008458342,241.17961532359345,278.81476937955927,237.63364533851455,278.8432568576462
2025-01-29 20:15:00,-8.435387279078032,38.88115450509962,0.003144144459648918,33983.87229606628,-9.27454645253291,-9.784435443360886,0.42294221103582363,7.608874884531863,31.77619497411463,-0.6415074522805012,28.98625719491501,-0.8090089911352862,5592.618779017856,254.224075048866,237.09013808939085,19.596325346767493,-2.4787388488927338,3008.015226438691,270.04600034459486,251.81117473022988,0.003441109455371393,11.748853902825067,-2.4130318436879072,1451.1964867878503,276.91840734261257,263.2883253568965,6.809316858586721,-0.16722901913594237,279.36748975205523,270.9535173687975,4.1759408982605475,0.502756995760594,283.8665678088936,275.0300626851538,2.5185584525978575,0.19200661203839625,-0.0026249704312425737,0.010297802155580934,101367.06006510805,113.88165901691985,0.3847007091601094,0.0,0.0,0.0,0.0,0.0,0.0,0.0,0.0015448659705502112,0.0,3.3157091304615487,0.2299281008445328,96013.97891940807,476.70417641761594,284.41023486484164,59.20456552822075,0.03247707125089429,0.0,17.444205179564136,0.046585086615636324,282.1557311262051,285.7232598926874,0.005257252600988589,273.46854121198135,60.25938786158086,5.572059390879733e-10,2.5014138428459987,0.1129037341963478,5.166328605921503,0.11290311088290277,-50.0,0.0,0.0,4.516719759849796e-05,0.0,0.0,0.0,0.0,0.0,0.0,0.189149246145036,0.2999073966178882,68.57396119237369,67.35656520960916,11.754995509518718,0.333941359195986,-41.450896547814565,11.691977654147383,10.612087635508344,3.7034261637327632,-5.429075328282789,10.962768098603341,43.007203928738086,36.25524619962512,11.96933993336976,7.851337118879915,2016.7102096047083,82417.7495853326,74379.49508724026,366.44541562802965,282.786669910521,58.851644694289874,354.495607541441,0.007305850328138443,544.3454504154811,96.94301633054982,115.99820005448416,50.71971174312033,7.913245171703052,-6.09358666623522,17.603138477342455,-2.4248131460577342,35.71107309117803,4095.8181074261697,5582.577709471372,8.078976962859967,34.47279361475083,-6.869854514705211,758.1470026591687,17.79642950311814,-7.3864086700144505,44.23551065249239,-6.307410973780943,76893.70585956631,743.2339469887006,0.6307349429779738,0.008308177714930285,241.18604787036762,278.7994902018827,237.6398646838727,278.8341169146437
2025-01-29 20:20:00,-8.428789500794604,38.86021664538215,0.003123180293042177,34074.01084749108,-9.27211903213463,-9.783380643917345,0.4241300578277408,7.615696115920846,31.802663470349113,-0.641125304881243,29.01208022812424,-0.8133315852989231,5592.5045308700455,254.22242643639225,237.08022757458357,19.603775950637438,-2.503189771703996,3007.926860722951,270.04961419228874,251.81297482118552,0.0023917130858730996,11.749508569785611,-2.4240245573153807,1451.040459563261,276.9376661622394,263.29335955685633,6.81628564231206,-0.17514515841725625,279.3982680481184,270.95228839485156,4.186101183550668,0.4964538441116693,283.8995446785196,275.02957142418893,2.522429577743108,0.1883135185464911,-0.005764722856842914,0.010427591134866132,101364.3327150064,113.65399417207558,0.38579881795275695,0.0,0.0,0.0,0.0,0.0,0.0,0.0,0.0015370914803681198,0.0,3.3213492307098154,0.22537311824112435,96011.60892728325,476.70417641761594,284.3926538485625,59.17059472238538,0.032469792699507984,0.0,17.422541953587686,0.046568066965472193,282.1757841697928,285.7460557375337,0.005258548446895358,273.46732555071065,60.181584302684165,5.587369473790481e-10,2.5037011771033715,0.10948988733566839,5.168409194637844,0.10948926402222335,-50.0,0.0,0.0,4.254023193034007e-05,0.0,0.0,0.0,0.0,0.0,0.0,0.18915609946980302,0.2996848089808926,67.1651914477721,67.09743443311194,11.754995509518718,0.333941359195986,-40.22563159367207,11.691986402406261,10.585766932736213,3.7040149609224025,-5.501824449388961,10.964497967481465,42.87550580245767,36.1539012947948,11.93805585343377,7.712457503145436,2021.2726645949847,82434.26741222478,74368.50124653941,359.98387846358884,282.81421774031423,57.9514839669314,354.4181088673234,0.00717175264193044,541.0077126399918,95.50833157930744,116.10666444110961,50.815460990376394,7.911904388746989,-6.10906650062624,17.60871226724699,-2.442942016244205,35.72634676383533,4095.5441040846845,5582.061350489719,8.067125810285608,34.89901972259971,-6.896813586675912,760.1026473892709,18.00842737274214,-7.458912140011334,44.69959266357013,-6.330468278550861,76918.57397081546,743.3659725623107,0.6307351179431514,0.00830839642140223,241.19248041714178,278.78421102420606,237.64608402923085,278.8249769716412
2025-01-29 20:25:00,-8.422191722511178,38.83927878566468,0.003102216126435436,34164.149398915884,-9.269691611736349,-9.782325844473805,0.42531790461965807,7.622517347309829,31.829131966583596,-0.6407431574819848,29.037903261333472,-0.81765417946256,5592.3902827222355,254.2207778239185,237.0703170597763,19.611226554507383,-2.527640694515258,3007.838495007211,270.0532280399826,251.81477491214116,0.0013423167163748063,11.750163236746154,-2.435017270942854,1450.884432338672,276.95692498186617,263.2983937568162,6.8232544260373995,-0.1830612976985701,279.4290463441816,270.95105942090566,4.196261468840789,0.4901506924627447,283.9325215481456,275.02908016322414,2.5263007028883577,0.18462042505458592,-0.008904475282443255,0.010557380114151332,101361.60536490475,113.42632932723131,0.3868969267454045,0.0,0.0,0.0,0.0,0.0,0.0,0.0,0.0015293169901860284,0.0,3.326989330958082,0.22081813563771588,96009.23893515843,476.70417641761594,284.3750728322833,59.13662391655001,0.03246251414812167,0.0,17.400878727611236,0.04655104731530807,282.1958372133805,285.76885158237997,0.005259844292802126,273.4661098894399,60.103780743787475,5.60267955670123e-10,2.5059885113607443,0.10607604047498898,5.170489783354185,0.10607541716154394,-50.0,0.0,0.0,3.991326626218217e-05,0.0,0.0,0.0,0.0,0.0,0.0,0.18916295279457007,0.29946222134389705,65.75642170317053,66.83830365661474,11.754995509518718,0.333941359195986,-39.00036663952957,11.69199515066514,10.559446229964081,3.704603758112042,-5.574573570495132,10.96622783635959,42.74380767617725,36.05255638996449,11.906771773497779,7.573577887410958,2025.835119585261,82450.78523911699,74357.50740583855,353.52234129914797,282.8417655701074,57.05132323957292,354.3406101932058,0.007037654955722438,537.6699748645026,94.07364682806505,116.21512882773506,50.91121023763246,7.9105636057909265,-6.12454633501726,17.614286057151524,-2.461070886430676,35.74162043649263,4095.2701007431997,5581.544991508065,8.05527465771125,35.325245830448594,-6.923772658646613,762.0582921193732,18.22042524236614,-7.531415610008217,45.16367467464788,-6.3535255833207795,76943.44208206462,743.497998135921,0.630735292908329,0.008308615127874175,241.19891296391594,278.7689318465295,237.652303374589,278.81583702863867
2025-01-29 20:30:00,-8.415593944227751,38.81834092594721,0.003081251959828695,34254.28795034069,-9.267264191338068,-9.781271045030262,0.4265057514115753,7.629338578698811,31.855600462818078,-0.6403610100827266,29.063726294542704,-0.8219767736261969,5592.276034574426,254.21912921144474,237.06040654496906,19.618677158377327,-2.5520916173265205,3007.7501292914703,270.05684188767657,251.81657500309683,0.0002929203468765122,11.750817903706697,-2.446009984570327,1450.7284051140828,276.97618380149294,263.3034279567761,6.830223209762739,-0.19097743697988395,279.45982464024473,270.9498304469597,4.2064217541309095,0.4838475408138201,283.96549841777164,275.0285889022593,2.5301718280336076,0.18092733156268076,-0.012044227708043597,0.010687169093436533,101358.87801480311,113.19866448238704,0.38799503553805204,0.0,0.0,0.0,0.0,0.0,0.0,0.0,0.0015215425000039368,0.0,3.3326294312063487,0.21626315303430743,96006.86894303362,476.70417641761594,284.3574918160042,59.10265311071464,0.03245523559673536,0.0,17.37921550163479,0.046534027665143946,282.21589025696824,285.7916474272263,0.005261140138708894,273.4648942281692,60.025977184890785,5.617989639611978e-10,2.508275845618117,0.10266219361430956,5.172570372070526,0.10266157030086451,-50.0,0.0,0.0,3.7286300594024276e-05,0.0,0.0,0.0,0.0,0.0,0.0,0.1891698061193371,0.29923963370690154,64.34765195856895,66.57917288011754,11.754995509518718,0.333941359195986,-37.775101685387064,11.692003898924018,10.53312552719195,3.7051925553016813,-5.647322691601304,10.967957705237712,42.61210954989683,35.951211485134166,11.875487693561787,7.43469827167648,2030.3975745755374,82467.30306600918,74346.51356513769,347.06080413470715,282.86931339990053,56.15116251221444,354.2631115190882,0.006903557269514435,534.3322370890133,92.63896207682266,116.32359321436051,51.006959484888526,7.909222822834863,-6.14002616940828,17.619859847056063,-2.4791997566171466,35.756894109149925,4094.996097401715,5581.0286325264115,8.043423505136891,35.751471938297485,-6.9507317306173135,764.0139368494754,18.432423111990136,-7.6039190800051015,45.62775668572562,-6.376582888090698,76968.31019331378,743.6300237095312,0.6307354678735064,0.008308833834346118,241.2053455106901,278.7536526688529,237.65852271994714,278.80669708563613
2025-01-29 20:35:00,-8.408996165944323,38.79740306622975,0.0030602877932219543,34344.42650176548,-9.26483677093979,-9.780216245586722,0.42769359820349256,7.636159810087793,31.88206895905256,-0.6399788626834684,29.089549327751936,-0.8262993677898338,5592.161786426616,254.21748059897098,237.0504960301618,19.626127762247272,-2.5765425401377824,3007.66176357573,270.06045573537045,251.81837509405247,-0.000756476022621781,11.751472570667241,-2.4570026981978,1450.5723778894935,276.9954426211197,263.30846215673597,6.837191993488079,-0.19889357626119783,279.4906029363079,270.94860147301375,4.216582039421031,0.4775443891648955,283.9984752873977,275.02809764129444,2.5340429531788575,0.1772342380707756,-0.015183980133643936,0.010816958072721731,101356.15066470146,112.97099963754277,0.3890931443306996,0.0,0.0,0.0,0.0,0.0,0.0,0.0,0.0015137680098218451,0.0,3.338269531454616,0.21170817043089896,96004.4989509088,476.70417641761594,284.3399107997251,59.068682304879275,0.03244795704534905,0.0,17.35755227565834,0.046517008014979815,282.2359433005559,285.81444327207254,0.005262435984615663,273.4636785668985,59.948173625994094,5.633299722522727e-10,2.51056317987549,0.09924834675363013,5.174650960786868,0.09924772344018509,-50.0,0.0,0.0,3.465933492586639e-05,0.0,0.0,0.0,0.0,0.0,0.0,0.18917665944410414,0.299017046069906,62.93888221396736,66.32004210362032,11.754995509518718,0.333941359195986,-36.54983673124456,11.692012647182894,10.50680482441982,3.7057813524913206,-5.720071812707476,10.969687574115834,42.48041142361642,35.84986658030385,11.844203613625798,7.295818655942001,2034.960029565814,82483.82089290136,74335.51972443685,340.5992669702663,282.89686122969374,55.251001784855966,354.18561284497065,0.006769459583306433,530.9944993135241,91.20427732558028,116.43205760098597,51.102708732144585,7.9078820398788,-6.1555060037992995,17.6254336369606,-2.4973286268036174,35.77216778180723,4094.7220940602297,5580.512273544758,8.031572352562533,36.17769804614637,-6.977690802588015,765.9695815795775,18.644420981614132,-7.676422550001986,46.091838696803364,-6.399640192860616,76993.17830456294,743.7620492831414,0.630735642838684,0.008309052540818063,241.21177805746427,278.73837349117633,237.6647420653053,278.7975571426336
2025-01-29 20:40:00,-8.402398387660897,38.77646520651228,0.0030393236266152133,34434.56505319029,-9.262409350541509,-9.779161446143181,0.4288814449954098,7.6429810414767765,31.908537455287043,-0.6395967152842102,29.115372360961167,-0.8306219619534707,5592.047538278806,254.21583198649722,237.04058551535454,19.633578366117217,-2.6009934629490443,3007.57339785999,270.06406958306434,251.8201751850081,-0.0018058723921200743,11.752127237627784,-2.4679954118252736,1450.4163506649045,277.0147014407465,263.31349635669585,6.8441607772134185,-0.2068097155425117,279.5213812323711,270.94737249906785,4.226742324711152,0.47124123751597086,284.0314521570237,275.02760638032964,2.5379140783241074,0.17354114457887043,-0.018323732559244278,0.010946747052006931,101353.42331459982,112.7433347926985,0.3901912531233471,0.0,0.0,0.0,0.0,0.0,0.0,0.0,0.0015059935196397537,0.0,3.3439096317028825,0.20715318782749048,96002.12895878399,476.70417641761594,284.3223297834459,59.0347114990439,0.03244067849396274,0.0,17.33588904968189,0.04649998836481569,282.2559963441436,285.8372391169188,0.005263731830522431,273.4624629056278,59.870370067097404,5.648609805433476e-10,2.5128505141328628,0.09583449989295072,5.1767315495032085,0.09583387657950568,-50.0,0.0,0.0,3.2032369257708484e-05,0.0,0.0,0.0,0.0,0.0,0.0,0.1891835127688712,0.2987944584329104,61.53011246936578,66.06091132712312,11.754995509518718,0.333941359195986,-35.32457177710206,11.692021395441772,10.480484121647688,3.7063701496809602,-5.792820933813648,10.971417442993959,42.348713297336,35.74852167547354,11.812919533689806,7.156939040207523,2039.5224845560904,82500.33871979357,74324.52588373599,334.1377298058254,282.9244090594869,54.35084105749749,354.10811417085307,0.0066353618970984305,527.6567615380349,89.76959257433789,116.54052198761141,51.19845797940065,7.906541256922737,-6.170985838190319,17.631007426865136,-2.5154574969900882,35.78744145446453,4094.448090718745,5579.995914563104,8.019721199988172,36.60392415399525,-7.004649874558716,767.9252263096797,18.856418851238132,-7.748926019998869,46.555920707881114,-6.422697497630534,77018.0464158121,743.8940748567517,0.6307358178038616,0.008309271247290008,241.21821060423844,278.72309431349976,237.67096141066344,278.78841719963106
2025-01-29 20:45:00,-8.395800609377469,38.75552734679481,0.0030183594600084723,34524.70360461509,-9.259981930143228,-9.77810664669964,0.430069291787327,7.6498022728657595,31.935005951521525,-0.639214567884952,29.1411953941704,-0.8349445561171076,5591.933290130996,254.21418337402346,237.03067500054726,19.64102896998716,-2.6254443857603067,3007.48503214425,270.0676834307582,251.82197527596375,-0.0028552687616183684,11.752781904588328,-2.478988125452747,1450.2603234403152,277.0339602603733,263.3185305566557,6.851129560938758,-0.21472585482382556,279.55215952843423,270.9461435251219,4.236902610001272,0.46493808586704627,284.0644290266497,275.0271151193648,2.5417852034693578,0.16984805108696527,-0.02146348498484462,0.01107653603129213,101350.69596449817,112.51566994785424,0.39128936191599467,0.0,0.0,0.0,0.0,0.0,0.0,0.0,0.0014982190294576623,0.0,3.349549731951149,0.20259820522408203,95999.75896665917,476.70417641761594,284.30474876716676,59.000740693208535,0.032433399942576435,0.0,17.31422582370544,0.04648296871465156,282.2760493877313,285.8600349617651,0.005265027676429199,273.4612472443571,59.79256650820071,5.663919888344224e-10,2.5151378483902356,0.0924206530322713,5.178812138219549,0.09242002971882626,-50.0,0.0,0.0,2.940540358955059e-05,0.0,0.0,0.0,0.0,0.0,0.0,0.1891903660936382,0.29857187079591485,60.121342724764204,65.8017805506259,11.754995509518718,0.333941359195986,-34.09930682295956,11.69203014370065,10.454163418875558,3.7069589468705995,-5.86557005491982,10.973147311872083,42.21701517105558,35.64717677064322,11.781635453753816,7.018059424473044,2044.0849395463667,82516.85654668575,74313.53204303514,327.6761926413846,282.9519568892801,53.450680330139015,354.03061549673544,0.006501264210890428,524.3190237625456,88.3349078230955,116.64898637423687,51.29420722665672,7.905200473966675,-6.186465672581339,17.63658121676967,-2.533586367176559,35.80271512712183,4094.1740873772596,5579.479555581451,8.007870047413814,37.030150261844135,-7.031608946529417,769.8808710397819,19.068416720862132,-7.821429489995753,47.02000271895886,-6.445754802400453,77042.91452706125,744.0261004303618,0.6307359927690391,0.008309489953761953,241.2246431510126,278.7078151358231,237.67718075602158,278.7792772566286
2025-01-29 20:50:00,-8.389202831094043,38.734589487077336,0.002997395293401731,34614.84215603989,-9.25755450974495,-9.7770518472561,0.43125713857924425,7.656623504254742,31.961474447756004,-0.6388324204856938,29.16701842737963,-0.8392671502807446,5591.819041983186,254.2125347615497,237.02076448574002,19.648479573857102,-2.6498953085715686,3007.39666642851,270.0712972784521,251.8237753669194,-0.003904665131116661,11.753436571548871,-2.48998083908022,1450.104296215726,277.0532190800001,263.32356475661555,6.858098344664098,-0.2226419941051394,279.5829378244974,270.94491455117594,4.247062895291394,0.4586349342181217,284.09740589627575,275.02662385839994,2.5456563286146077,0.1661549575950601,-0.02460323741044496,0.01120632501057733,101347.96861439652,112.28800510300997,0.3923874707086422,0.0,0.0,0.0,0.0,0.0,0.0,0.0,0.0014904445392755707,0.0,3.3551898321994162,0.19804322262067356,95997.38897453435,476.70417641761594,284.28716775088765,58.96676988737317,0.032426121391190124,0.0,17.29256259772899,0.046465949064487436,282.296102431319,285.88283080661137,0.005266323522335969,273.4600315830864,59.71476294930402,5.679229971254973e-10,2.5174251826476084,0.08900680617159187,5.180892726935891,0.08900618285814685,-50.0,0.0,0.0,2.6778437921392698e-05,0.0,0.0,0.0,0.0,0.0,0.0,0.18919721941840525,0.2983492831589193,58.71257298016262,65.5426497741287,11.754995509518718,0.333941359195986,-32.87404186881706,11.692038891959527,10.427842716103427,3.7075477440602387,-5.938319176025992,10.974877180750205,42.08531704477517,35.54583186581291,11.750351373817825,6.8791798087385665,2048.6473945366433,82533.37437357794,74302.53820233428,321.21465547694373,282.97950471907325,52.55051960278054,353.95311682261786,0.006367166524682426,520.9812859870565,86.90022307185313,116.75745076086233,51.389956473912775,7.903859691010611,-6.201945506972359,17.64215500667421,-2.55171523736303,35.81798879977913,4093.900084035775,5578.963196599797,7.996018894839455,37.45637636969302,-7.058568018500118,771.8365157698842,19.280414590486128,-7.893932959992637,47.4840847300366,-6.46881210717037,77067.78263831041,744.158126003972,0.6307361677342167,0.008309708660233898,241.23107569778676,278.69253595814655,237.68340010137973,278.77013731362604
2025-01-29 20:55:00,-8.382605052810614,38.713651627359866,0.00297643112679499,34704.980707464696,-9.255127089346669,-9.77599704781256,0.4324449853711615,7.663444735643724,31.987942943990486,-0.6384502730864356,29.192841460588863,-0.8435897444443815,5591.704793835377,254.21088614907595,237.01085397093277,19.655930177727047,-2.674346231382831,3007.30830071277,270.074911126146,251.82557545787506,-0.004954061500614955,11.754091238509416,-2.500973552707693,1449.948268991137,277.07247789962685,263.32859895657543,6.865067128389438,-0.23055813338645328,279.6137161205606,270.94368557723004,4.257223180581514,0.45233178256919704,284.1303827659018,275.02613259743515,2.5495274537598576,0.16246186410315494,-0.0277429898360453,0.011336113989862529,101345.24126429488,112.0603402581657,0.39348557950128976,0.0,0.0,0.0,0.0,0.0,0.0,0.0,0.001482670049093479,0.0,3.360829932447683,0.1934882400172651,95995.01898240953,476.70417641761594,284.26958673460854,58.932799081537794,0.03241884283980381,0.0,17.270899371752538,0.046448929414323305,282.3161554749067,285.9056266514577,0.005267619368242737,273.45881592181564,59.63695939040733,5.694540054165722e-10,2.519712516904981,0.08559295931091246,5.182973315652232,0.08559233599746742,-50.0,0.0,0.0,2.4151472253234802e-05,0.0,0.0,0.0,0.0,0.0,0.0,0.18920407274317227,0.2981266955219238,57.30380323556104,65.28351899763149,11.754995509518718,0.333941359195986,-31.648776914674556,11.692047640218405,10.401522013331295,3.7081365412498783,-6.011068297132163,10.976607049628328,41.95361891849475,35.44448696098259,11.719067293881835,6.740300193004088,2053.2098495269197,82549.89220047015,74291.54436163344,314.7531183125029,283.00705254886645,51.65035887542206,353.8756181485003,0.006233068838474423,517.6435482115672,85.46553832061075,116.86591514748777,51.48570572116884,7.902518908054548,-6.217425341363379,17.647728796578747,-2.5698441075495007,35.833262472436424,4093.6260806942896,5578.446837618143,7.984167742265096,37.88260247754191,-7.085527090470819,773.7921604999864,19.492412460110124,-7.966436429989521,47.94816674111435,-6.491869411940288,77092.65074955957,744.2901515775823,0.6307363426993943,0.008309927366705841,241.23750824456093,278.67725678047,237.68961944673788,278.7609973706235
2025-01-29 21:00:00,-8.376007274527188,38.692713767642395,0.002955466960188249,34795.1192588895,-9.252699668948388,-9.774942248369019,0.43363283216307874,7.670265967032707,32.01441144022497,-0.6380681256871774,29.218664493798094,-0.8479123386080184,5591.590545687567,254.2092375366022,237.0009434561255,19.66338078159699,-2.698797154194093,3007.2199349970297,270.0785249738399,251.8273755488307,-0.00600345787011325,11.754745905469958,-2.5119662663351665,1449.7922417665477,277.0917367192536,263.3336331565353,6.872035912114777,-0.23847427266776713,279.64449441662373,270.9424566032841,4.267383465871635,0.44602863092027245,284.1633596355278,275.0256413364703,2.5533985789051075,0.15876877061124978,-0.030882742261645644,0.011465902969147729,101342.51391419323,111.83267541332143,0.3945836882939373,0.0,0.0,0.0,0.0,0.0,0.0,0.0,0.0014748955589113876,0.0,3.3664700326959496,0.18893325741385664,95992.64899028471,476.70417641761594,284.25200571832937,58.89882827570243,0.0324115642884175,0.0,17.249236145776088,0.04643190976415918,282.3362085184944,285.92842249630394,0.005268915214149505,273.45760026054495,59.55915583151064,5.709850137076471e-10,2.521999851162354,0.08217911245023304,5.185053904368573,0.082178489136788,-50.0,0.0,0.0,2.1524506585076905e-05,0.0,0.0,0.0,0.0,0.0,0.0,0.18921092606793932,0.2979041078849282,55.89503349095946,65.02438822113429,11.754995509518718,0.333941359195986,-30.423511960532053,11.692056388477283,10.375201310559165,3.7087253384395176,-6.083817418238335,10.978336918506452,41.82192079221433,35.343142056152274,11.687783213945844,6.601420577269609,2057.772304517196,82566.41002736233,74280.55052093258,308.29158114806205,283.0346003786596,50.75019814806358,353.7981194743827,0.006098971152266421,514.305810436078,84.03085356936836,116.97437953411323,51.58145496842491,7.901178125098485,-6.232905175754398,17.65330258648328,-2.5879729777359715,35.848536145093725,4093.352077352805,5577.930478636489,7.972316589690737,38.30882858539079,-7.11248616244152,775.7478052300886,19.704410329734124,-8.038939899986405,48.41224875219209,-6.514926716710207,77117.51886080873,744.4221771511925,0.6307365176645718,0.008310146073177786,241.2439407913351,278.6619776027934,237.69583879209603,278.75185742762096
2025-01-29 21:05:00,-8.375669709289234,38.684259179066885,0.0029599463976682045,34816.881882583315,-9.255139927416572,-9.774516407731326,0.43180412073174634,7.669333986650991,32.042156550479866,-0.6467792168373776,29.24614654894036,-0.8639610069554249,5591.719619438148,254.20993649409434,237.00363347906992,19.660566659851387,-2.7235405447618874,3007.3258786844935,270.07988280707013,251.82422410885854,-0.005960389470494087,11.749939493065257,-2.5228000908166353,1449.8677547768264,277.103044989644,263.3421617657695,6.877930949738043,-0.24641792147649833,279.6642283979675,270.94458959511763,4.274028962023371,0.4391248396673123,284.183571808976,275.03099642322724,2.5446149608312205,0.15527301159199733,-0.03070899750963299,0.01166249846015401,101342.87131153722,111.85893040753828,0.39658573553960924,0.0,0.0,0.0,0.0,0.0,0.0,0.0,0.0014924129412643649,0.0,3.361082574753913,0.18638221035512087,95993.19193041355,476.70417641761594,284.192605738118,58.88744236428345,0.032412964009837945,0.0,17.237912574449872,0.04642088809524684,282.3305383294616,285.92246067483813,0.005269819211981337,273.4610471456224,59.53428925120678,5.736368139331072e-10,2.5110668507192004,0.07879044639533443,5.174639234419546,0.0787898176142276,-50.0,0.0,0.0,2.1490940390588763e-05,0.0,0.0,0.0,0.0,0.0,0.0,0.18921299917783863,0.29640064786105946,53.91939363018275,64.5601904268503,11.754995509518718,0.333941359195986,-28.856997548562894,11.692056388477283,10.363906087965841,3.7087838599172804,-6.123074967504593,10.982157246721005,41.739257269321975,35.18805607214024,11.702366474012509,6.635009779678599,2060.057650099046,82407.63985783738,74272.53665651694,299.6118105475308,282.9845314467538,49.44602334114203,353.52150206257954,0.006134738408688212,505.1039565662944,82.0896741369799,117.10971949932664,51.83865728748336,7.894702919734794,-6.243356965833812,17.653844849808547,-2.6108305417875797,35.91399888512189,4093.9213860461423,5578.0583213176,7.970507817181686,38.29307822010724,-7.129132874329687,776.6042007714495,19.741747023798588,-8.080503534034138,48.42590740877797,-6.530399412256975,77143.1899178766,744.1526442137354,0.6307381360924642,0.00830725914774812,241.24231290518213,278.6252380997999,237.69453568730836,278.715551043615
2025-01-29 21:10:00,-8.375332144051281,38.67580459049138,0.0029644258351481604,34838.64450627714,-9.257580185884756,-9.774090567093635,0.429975409300414,7.668402006269275,32.069901660734764,-0.6554903079875778,29.273628604082628,-0.8800096753028313,5591.848693188728,254.21063545158648,237.00632350201437,19.65775253810578,-2.748283935329682,3007.431822371958,270.08124064030034,251.8210726688864,-0.0059173210708749245,11.745133080660557,-2.5336339152981044,1449.943267787105,277.11435326003436,263.35069037500364,6.883825987361308,-0.2543615702852295,279.68396237931125,270.94672258695124,4.280674458175105,0.43222104841435216,284.2037839824243,275.0363515099842,2.5358313427573336,0.15177725257274488,-0.030535252757620337,0.011859093951160292,101343.22870888122,111.88518540175514,0.3985877827852812,0.0,0.0,0.0,0.0,0.0,0.0,0.0,0.001509930323617342,0.0,3.355695116811876,0.1838311632963851,95993.7348705424,476.70417641761594,284.1332057579066,58.87605645286447,0.03241436373125839,0.0,17.226589003123653,0.04640986642633449,282.3248681404288,285.9164988533723,0.005270723209813168,273.4644940306998,59.50942267090293,5.762886141585673e-10,2.500133850276047,0.07540178034043582,5.164224564470518,0.07540114609166719,-50.0,0.0,0.0,2.145737419610062e-05,0.0,0.0,0.0,0.0,0.0,0.0,0.18921507228773793,0.2948971878371907,51.943753769406044,64.09599263256631,11.754995509518718,0.333941359195986,-27.29048313659374,11.692056388477283,10.352610865372519,3.7088423813950433,-6.162332516770849,10.985977574935559,41.656593746429614,35.03297008812821,11.716949734079174,6.66859898208759,2062.3429956808955,82248.8696883124,74264.52279210131,290.93203994699957,282.93446251484795,48.14184853422048,353.24488465077644,0.006170505665110002,495.90210269651084,80.14849470459143,117.24505946454008,52.09585960654181,7.8882277143711015,-6.2538087559132265,17.65438711313381,-2.633688105839188,35.97946162515006,4094.4906947394793,5578.18616399871,7.9686990446726345,38.277327854823696,-7.145779586217853,777.4605963128106,19.779083717863053,-8.122067168081871,48.439566065363834,-6.545872107803744,77168.86097494446,743.8831112762782,0.6307397545203566,0.008304372222318453,241.24068501902917,278.58849859680635,237.69323258252066,278.67924465960897
2025-01-29 21:15:00,-8.374994578813327,38.66735000191587,0.002968905272628116,34860.40712997096,-9.260020444352937,-9.773664726455943,0.4281466978690816,7.667470025887559,32.097646770989655,-0.664201399137778,29.301110659224896,-0.8960583436502377,5591.977766939308,254.2113344090786,237.0090135249588,19.654938416360174,-2.773027325897477,3007.5377660594218,270.0825984735306,251.81792122891423,-0.005874252671255762,11.740326668255856,-2.544467739779573,1450.0187807973837,277.12566153042474,263.3592189842378,6.889721024984574,-0.26230521909396065,279.70369636065504,270.9488555787848,4.287319954326841,0.42531725716139196,284.2239961558725,275.0417065967411,2.527047724683447,0.14828149355349243,-0.030361508005607683,0.012055689442166574,101343.58610622521,111.911440395972,0.4005898300309531,0.0,0.0,0.0,0.0,0.0,0.0,0.0,0.0015274477059703192,0.0,3.3503076588698395,0.18128011623764934,95994.27781067124,476.70417641761594,284.0738057776952,58.86467054144549,0.03241576345267883,0.0,17.215265431797437,0.04639884475742215,282.319197951396,285.9105370319064,0.005271627207644999,273.46794091577726,59.48455609059907,5.789404143840275e-10,2.4892008498328932,0.07201311428553722,5.1538098945214905,0.07201247456910678,-50.0,0.0,0.0,2.1423808001612478e-05,0.0,0.0,0.0,0.0,0.0,0.0,0.18921714539763723,0.29339372781332196,49.968113908629334,63.63179483828231,11.754995509518718,0.333941359195986,-25.72396872462458,11.692056388477283,10.341315642779195,3.708900902872806,-6.201590066037107,10.989797903150112,41.57393022353726,34.87788410411618,11.731532994145839,6.702188184496581,2064.6283412627454,82090.09951878744,74256.50892768567,282.2522693464683,282.88439358294215,46.83767372729892,352.96826723897334,0.006206272921531792,486.70024882672726,78.20731527220295,117.3803994297535,52.35306192560026,7.88175250900741,-6.2642605459926415,17.654929376459073,-2.656545669890796,36.04492436517822,4095.0600034328168,5578.3140066798205,7.9668902721635835,38.261577489540144,-7.16242629810602,778.3169918541716,19.816420411927517,-8.163630802129607,48.45322472194971,-6.561344803350513,77194.53203201233,743.6135783388211,0.630741372948249,0.008301485296888787,241.2390571328762,278.55175909381285,237.691929477733,278.642938275603
2025-01-29 21:20:00,-8.374657013575373,38.65889541334036,0.0029733847101080712,34882.16975366478,-9.262460702821121,-9.77323888581825,0.4263179864377492,7.666538045505844,32.12539188124455,-0.6729124902879782,29.32859271436716,-0.9121070119976441,5592.1068406898885,254.21203336657075,237.0117035479032,19.65212429461457,-2.7977707164652714,3007.643709746886,270.0839563067608,251.81476978894207,-0.005831184271636599,11.735520255851155,-2.555301564261042,1450.0942938076623,277.1369698008151,263.367747593472,6.895616062607839,-0.27024886790269187,279.7234303419988,270.9509885706184,4.293965450478575,0.4184134659084318,284.2442083293207,275.04706168349804,2.51826410660956,0.14478573453423998,-0.03018776325359503,0.012252284933172855,101343.9435035692,111.93769539018885,0.40259187727662504,0.0,0.0,0.0,0.0,0.0,0.0,0.0,0.0015449650883232965,0.0,3.344920200927803,0.17872906917891354,95994.82075080008,476.70417641761594,284.01440579748385,58.85328463002651,0.032417163174099276,0.0,17.20394186047122,0.046387823088509805,282.3135277623632,285.9045752104406,0.005272531205476831,273.47138780085476,59.45968951029521,5.815922146094876e-10,2.478267849389739,0.06862444823063861,5.143395224572464,0.06862380304654637,-50.0,0.0,0.0,2.139024180712434e-05,0.0,0.0,0.0,0.0,0.0,0.0,0.18921921850753654,0.2918902677894532,47.992474047852625,63.16759704399832,11.754995509518718,0.333941359195986,-24.15745431265542,11.692056388477283,10.330020420185871,3.708959424350569,-6.240847615303364,10.993618231364666,41.4912667006449,34.722798120104144,11.746116254212504,6.735777386905571,2066.9136868445953,81931.32934926248,74248.49506327003,273.57249874593714,282.8343246510363,45.53349892037737,352.6916498271702,0.006242040177953583,477.49839495694374,76.26613583981448,117.51573939496691,52.61026424465871,7.875277303643718,-6.274712336072056,17.655471639784338,-2.6794032339424043,36.110387105206385,4095.629312126154,5578.441849360931,7.965081499654532,38.24582712425659,-7.179073009994186,779.1733873955326,19.853757105991978,-8.20519443617734,48.466883378535584,-6.576817498897282,77220.2030890802,743.344045401364,0.6307429913761414,0.008298598371459121,241.23742924672325,278.51501959081935,237.69062637294533,278.60663189159703
2025-01-29 21:25:00,-8.37431944833742,38.65044082476485,0.002977864147588027,34903.93237735859,-9.264900961289305,-9.772813045180559,0.42448927500641687,7.665606065124128,32.15313699149945,-0.6816235814381784,29.356074769509426,-0.9281556803450506,5592.235914440469,254.2127323240629,237.01439357084763,19.64931017286896,-2.822514107033066,3007.74965343435,270.08531413999106,251.81161834896992,-0.0057881158720174365,11.730713843446454,-2.566135388742511,1450.169806817941,277.1482780712055,263.37627620270615,6.901511100231105,-0.27819251671142303,279.74316432334257,270.95312156245194,4.300610946630311,0.41150967465547167,284.2644205027689,275.052416770255,2.509480488535673,0.1412899755149875,-0.030014018501582376,0.012448880424179137,101344.3009009132,111.9639503844057,0.404593924522297,0.0,0.0,0.0,0.0,0.0,0.0,0.0,0.0015624824706762736,0.0,3.339532742985766,0.17617802212017777,95995.36369092892,476.70417641761594,283.9550058172725,58.84189871860753,0.03241856289551972,0.0,17.192618289145003,0.04637680141959746,282.3078575733304,285.8986133889748,0.005273435203308663,273.4748346859322,59.43482292999136,5.842440148349477e-10,2.4673348489465856,0.06523578217574,5.132980554623437,0.06523513152398597,-50.0,0.0,0.0,2.1356675612636196e-05,0.0,0.0,0.0,0.0,0.0,0.0,0.18922129161743584,0.29038680776558445,46.016834187075915,62.70339924971432,11.754995509518718,0.333941359195986,-22.590939900686266,11.692056388477283,10.31872519759255,3.709017945828332,-6.280105164569622,10.99743855957922,41.408603177752546,34.56771213609211,11.76069951427917,6.769366589314561,2069.199032426445,81772.55917973752,74240.48119885441,264.8927281454059,282.7842557191305,44.22932411345582,352.415032415367,0.006277807434375374,468.29654108716016,74.32495640742601,117.65107936018035,52.86746656371716,7.868802098280026,-6.28516412615147,17.656013903109603,-2.7022607979940125,36.17584984523455,4096.198620819491,5578.569692042041,7.963272727145481,38.23007675897305,-7.1957197218823525,780.0297829368935,19.891093800056442,-8.246758070225074,48.48054203512146,-6.59229019444405,77245.87414614807,743.0745124639069,0.6307446098040338,0.008295711446029454,241.2358013605703,278.4782800878258,237.68932326815764,278.570325507591
2025-01-29 21:30:00,-8.373981883099466,38.64198623618934,0.0029823435850679825,34925.695001052416,-9.267341219757487,-9.772387204542866,0.42266056357508447,7.664674084742412,32.18088210175435,-0.6903346725883786,29.383556824651695,-0.944204348692457,5592.36498819105,254.21343128155502,237.01708359379205,19.646496051123357,-2.8472574976008604,3007.855597121814,270.0866719732213,251.80846690899773,-0.005745047472398274,11.725907431041755,-2.57696921322398,1450.2453198282196,277.15958634159585,263.38480481194034,6.907406137854371,-0.2861361655201542,279.76289830468636,270.9552545542855,4.307256442782046,0.40460588340251147,284.28463267621714,275.05777185701197,2.5006968704617862,0.13779421649573506,-0.02984027374956972,0.01264547591518542,101344.65829825719,111.99020537862256,0.4065959717679689,0.0,0.0,0.0,0.0,0.0,0.0,0.0,0.0015799998530292509,0.0,3.3341452850437294,0.173626975061442,95995.90663105776,476.70417641761594,283.8956058370611,58.830512807188555,0.03241996261694016,0.0,17.181294717818787,0.04636577975068512,282.3021873842976,285.89265156750895,0.005274339201140494,273.47828157100963,59.409956349687505,5.868958150604078e-10,2.456401848503432,0.06184711612084139,5.122565884674409,0.06184646000142556,-50.0,0.0,0.0,2.1323109418148054e-05,0.0,0.0,0.0,0.0,0.0,0.0,0.18922336472733514,0.28888334774171576,44.041194326299205,62.23920145543033,11.754995509518718,0.333941359195986,-21.024425488717107,11.692056388477283,10.307429974999225,3.7090764673060947,-6.319362713835879,11.001258887793771,41.32593965486019,34.41262615208008,11.775282774345836,6.802955791723552,2071.4843780082947,81613.78901021255,74232.46733443877,256.21295754487466,282.73418678722464,42.925149306534266,352.1384150035639,0.006313574690797165,459.0946872173766,72.38377697503755,117.78641932539377,53.12466888277561,7.862326892916334,-6.295615916230885,17.656556166434868,-2.7251183620456207,36.24131258526272,4096.767929512829,5578.697534723151,7.961463954636429,38.2143263936895,-7.212366433770519,780.8861784782546,19.928430494120907,-8.288321704272807,48.494200691707334,-6.60776288999082,77271.54520321594,742.8049795264498,0.6307462282319262,0.008292824520599788,241.23417347441733,278.4415405848323,237.68802016336997,278.53401912358504
2025-01-29 21:35:00,-8.373644317861512,38.633531647613836,0.002986823022547938,34947.45762474624,-9.26978147822567,-9.771961363905174,0.42083185214375207,7.663742104360696,32.20862721200925,-0.6990457637385786,29.411038879793963,-0.9602530170398634,5592.49406194163,254.21413023904717,237.0197736167365,19.643681929377752,-2.872000888168655,3007.961540809278,270.0880298064515,251.80531546902557,-0.005701979072779111,11.721101018637054,-2.5878030377054486,1450.3208328384983,277.1708946119862,263.39333342117453,6.913301175477637,-0.2940798143288854,279.7826322860301,270.9573875461191,4.313901938933781,0.3977020921495513,284.3048448496654,275.0631269437689,2.4919132523878993,0.1342984574764826,-0.029666528997557066,0.012842071406191702,101345.01569560119,112.01646037283943,0.4085980190136408,0.0,0.0,0.0,0.0,0.0,0.0,0.0,0.0015975172353822282,0.0,3.328757827101693,0.17107592800270624,95996.44957118659,476.70417641761594,283.8362058568497,58.81912689576957,0.03242136233836061,0.0,17.16997114649257,0.04635475808177277,282.2965171952648,285.8866897460431,0.005275243198972325,273.48172845608707,59.38508976938365,5.89547615285868e-10,2.4454688480602784,0.05845845006594279,5.112151214725381,0.05845778847886515,-50.0,0.0,0.0,2.128954322365991e-05,0.0,0.0,0.0,0.0,0.0,0.0,0.18922543783723442,0.287379887717847,42.0655544655225,61.77500366114634,11.754995509518718,0.333941359195986,-19.457911076747948,11.692056388477283,10.296134752405901,3.709134988783857,-6.358620263102136,11.005079216008324,41.24327613196783,34.257540168068054,11.789866034412501,6.836544994132543,2073.7697235901446,81455.01884068758,74224.45347002313,247.5331869443434,282.68411785531885,41.620974499612714,351.8617975917608,0.006349341947218956,449.892833347593,70.44259754264908,117.92175929060718,53.38187120183405,7.855851687552643,-6.306067706310299,17.657098429760133,-2.747975926097229,36.306775325290886,4097.337238206166,5578.825377404261,7.959655182127378,38.198576028405945,-7.229013145658685,781.7425740196156,19.96576718818537,-8.32988533832054,48.5078593482932,-6.623235585537588,77297.21626028379,742.5354465889926,0.6307478466598185,0.008289937595170122,241.23254558826437,278.4048010818388,237.6867170585823,278.4977127395791
2025-01-29 21:40:00,-8.37330675262356,38.625077059038325,0.0029913024600278938,34969.220248440055,-9.272221736693854,-9.771535523267483,0.41900314071241973,7.66281012397898,32.236372322264145,-0.7077568548887788,29.43852093493623,-0.9763016853872699,5592.623135692211,254.2148291965393,237.02246363968092,19.640867807632144,-2.8967442787364495,3008.067484496742,270.0893876396818,251.80216402905342,-0.005658910673159948,11.716294606232353,-2.598636862186918,1450.396345848777,277.1822028823766,263.40186203040867,6.919196213100903,-0.3020234631376166,279.8023662673739,270.95952053795264,4.320547435085516,0.3907983008965912,284.32505702311363,275.06848203052584,2.4831296343140123,0.13080269845723017,-0.029492784245544412,0.013038666897197983,101345.37309294518,112.04271536705629,0.4106000662593127,0.0,0.0,0.0,0.0,0.0,0.0,0.0,0.0016150346177352052,0.0,3.323370369159656,0.16852488094397047,95996.99251131543,476.70417641761594,283.7768058766383,58.807740984350595,0.032422762059781056,0.0,17.158647575166352,0.04634373641286043,282.290847006232,285.8807279245773,0.005276147196804157,273.4851753411645,59.3602231890798,5.921994155113281e-10,2.434535847617125,0.055069784011044176,5.1017365447763545,0.055069116956304745,-50.0,0.0,0.0,2.125597702917177e-05,0.0,0.0,0.0,0.0,0.0,0.0,0.18922751094713372,0.28587642769397825,40.08991460474579,61.310805866862346,11.754995509518718,0.333941359195986,-17.89139666477879,11.692056388477283,10.28483952981258,3.70919351026162,-6.397877812368393,11.008899544222878,41.16061260907548,34.10245418405602,11.804449294479166,6.8701341965415335,2076.055069171994,81296.24867116263,74216.4396056075,238.85341634381217,282.63404892341305,40.31679969269116,351.58518017995766,0.0063851092036407466,440.69097947780944,68.5014181102606,118.05709925582062,53.6390735208925,7.849376482188951,-6.316519496389713,17.657640693085398,-2.770833490148837,36.37223806531905,4097.906546899503,5578.953220085372,7.957846409618327,38.1828256631224,-7.245659857546852,782.5989695609766,20.003103882249835,-8.371448972368274,48.52151800487908,-6.638708281084357,77322.88731735166,742.2659136515355,0.6307494650877109,0.008287050669740455,241.2309177021114,278.36806157884524,237.6854139537946,278.46140635557305
2025-01-29 21:45:00,-8.372969187385605,38.616622470462815,0.002995781897507849,34990.98287213387,-9.274661995162038,-9.77110968262979,0.41717442928108733,7.6618781435972645,32.26411743251904,-0.716467946038979,29.466002990078493,-0.9923503537346763,5592.752209442791,254.21552815403146,237.02515366262534,19.63805368588654,-2.921487669304244,3008.1734281842064,270.090745472912,251.79901258908126,-0.005615842273540786,11.711488193827652,-2.6094706866683866,1450.4718588590556,277.193511152767,263.41039063964286,6.925091250724168,-0.30996711194634774,279.8221002487176,270.96165352978625,4.327192931237251,0.38389450964363103,284.34526919656184,275.0738371172828,2.4743460162401254,0.12730693943797772,-0.02931903949353176,0.013235262388204265,101345.73049028918,112.06897036127314,0.41260211350498466,0.0,0.0,0.0,0.0,0.0,0.0,0.0,0.0016325520000881825,0.0,3.3179829112176193,0.16597383388523468,95997.53545144427,476.70417641761594,283.71740589642695,58.79635507293161,0.0324241617812015,0.0,17.147324003840136,0.04633271474394809,282.2851768171992,285.8747661031115,0.005277051194635989,273.488622226242,59.33535660877594,5.948512157367882e-10,2.423602847173971,0.051681117956145564,5.091321874827328,0.05168044543374434,-50.0,0.0,0.0,2.122241083468363e-05,0.0,0.0,0.0,0.0,0.0,0.0,0.18922958405703302,0.2843729676701095,38.114274743969084,60.846608072578356,11.754995509518718,0.333941359195986,-16.324882252809633,11.692056388477283,10.273544307219256,3.709252031739383,-6.437135361634651,11.012719872437431,41.07794908618312,33.94736820004399,11.819032554545831,6.903723398950524,2078.340414753844,81137.47850163767,74208.42574119187,230.17364574328096,282.5839799915072,39.01262488576961,351.3085627681545,0.006420876460062537,431.4891256080259,66.56023867787214,118.19243922103404,53.89627583995095,7.842901276825259,-6.326971286469127,17.658182956410663,-2.7936910542004454,36.43770080534722,4098.475855592841,5579.081062766482,7.956037637109275,38.16707529783885,-7.262306569435018,783.4553651023375,20.040440576314296,-8.413012606416007,48.53517666146495,-6.6541809766311255,77348.55837441953,741.9963807140784,0.6307510835156034,0.008284163744310789,241.22928981595845,278.33132207585174,237.68411084900694,278.4250999715671
2025-01-29 21:50:00,-8.37263162214765,38.60816788188731,0.0030002613349878046,35012.745495827694,-9.277102253630222,-9.770683841992097,0.41534571784975494,7.660946163215549,32.291862542773934,-0.7251790371891792,29.493485045220762,-1.0083990220820827,5592.881283193371,254.2162271115236,237.0278436855698,19.635239564140935,-2.946231059872039,3008.2793718716703,270.09210330614223,251.7958611491091,-0.005572773873921623,11.706681781422951,-2.6203045111498553,1450.5473718693343,277.20481942315735,263.41891924887705,6.930986288347434,-0.3179107607550789,279.8418342300614,270.9637865216198,4.3338384273889865,0.3769907183906709,284.3654813700101,275.0791922040397,2.465562398166239,0.12381118041872527,-0.029145294741519105,0.013431857879210547,101346.08788763317,112.09522535549,0.4146041607506566,0.0,0.0,0.0,0.0,0.0,0.0,0.0,0.0016500693824411598,0.0,3.312595453275583,0.1634227868264989,95998.07839157312,476.70417641761594,283.65800591621553,58.784969161512635,0.03242556150262194,0.0,17.13600043251392,0.04632169307503574,282.2795066281664,285.8688042816456,0.00527795519246782,273.49206911131944,59.31049002847208,5.975030159622484e-10,2.412669846730817,0.04829245190124696,5.0809072048783,0.04829177391118394,-50.0,0.0,0.0,2.1188844640195487e-05,0.0,0.0,0.0,0.0,0.0,0.0,0.18923165716693233,0.28286950764624075,36.138634883192374,60.382410278294365,11.754995509518718,0.333941359195986,-14.758367840840474,11.692056388477283,10.262249084625932,3.7093105532171458,-6.476392910900907,11.016540200651985,40.995285563290764,33.79228221603196,11.833615814612497,6.9373126013595146,2080.625760335694,80978.7083321127,74200.41187677623,221.49387514274972,282.5339110596014,37.70845007884806,351.0319453563514,0.006456643716484327,422.28727173824234,64.61905924548367,118.32777918624745,54.1534781590094,7.836426071461568,-6.337423076548541,17.658725219735924,-2.8165486182520536,36.50316354537538,4099.045164286178,5579.208905447593,7.954228864600224,38.1513249325553,-7.278953281323185,784.3117606436986,20.07777727037876,-8.454576240463743,48.54883531805082,-6.669653672177894,77374.22943148739,741.7268477766213,0.6307527019434958,0.008281276818881123,241.2276619298055,278.29458257285825,237.68280774421928,278.3887935875611
2025-01-29 21:55:00,-8.372294056909698,38.5997132933118,0.0030047407724677604,35034.50811952152,-9.279542512098404,-9.770258001354406,0.4135170064184226,7.660014182833833,32.31960765302883,-0.7338901283393794,29.52096710036303,-1.0244476904294892,5593.010356943952,254.21692606901573,237.0305337085142,19.632425442395327,-2.9709744504398334,3008.3853155591346,270.09346113937244,251.79270970913694,-0.00552970547430246,11.70187536901825,-2.6311383356313245,1450.622884879613,277.2161276935477,263.4274478581112,6.936881325970699,-0.32585440956381007,279.86156821140514,270.9659195134534,4.340483923540721,0.3700869271377107,284.38569354345833,275.08454729079665,2.456778780092352,0.12031542139947281,-0.02897154998950645,0.013628453370216828,101346.44528497716,112.12148034970686,0.4166062079963285,0.0,0.0,0.0,0.0,0.0,0.0,0.0,0.0016675867647941369,0.0,3.307207995333546,0.16087173976776314,95998.62133170196,476.70417641761594,283.59860593600416,58.77358325009365,0.032426961224042386,0.0,17.1246768611877,0.046310671406123396,282.2738364391336,285.86284246017976,0.005278859190299651,273.4955159963969,59.28562344816823,6.001548161877085e-10,2.4017368462876636,0.044903785846348354,5.070492534929272,0.04490310238862353,-50.0,0.0,0.0,2.1155278445707345e-05,0.0,0.0,0.0,0.0,0.0,0.0,0.18923373027683163,0.281366047622372,34.162995022415664,59.91821248401037,11.754995509518718,0.333941359195986,-13.191853428871315,11.692056388477283,10.25095386203261,3.7093690746949086,-6.515650460167165,11.020360528866538,40.912622040398404,33.637196232019924,11.848199074679162,6.9709018037685055,2082.9111059175434,80819.93816258773,74192.3980123606,212.8141045422185,282.48384212769554,36.4042752719265,350.7553279445483,0.006492410972906118,413.08541786845876,62.6778798130952,118.46311915146089,54.41068047806785,7.829950866097875,-6.347874866627956,17.65926748306119,-2.839406182303662,36.568626285403546,4099.614472979516,5579.336748128703,7.952420092091172,38.13557456727175,-7.295599993211351,785.1681561850596,20.115113964443225,-8.496139874511476,48.562493974636695,-6.6851263677246635,77399.90048855526,741.4573148391642,0.6307543203713881,0.008278389893451456,241.22603404365253,278.2578430698647,237.68150463943158,278.3524872035551
2025-01-29 22:00:00,-8.371956491671744,38.59125870473629,0.003009220209947716,35056.27074321533,-9.281982770566588,-9.769832160716714,0.4116882949870902,7.659082202452117,32.34735276328373,-0.7426012194895796,29.548449155505295,-1.0404963587768956,5593.139430694532,254.21762502650787,237.03322373145863,19.629611320649722,-2.995717841007628,3008.4912592465985,270.0948189726027,251.7895582691648,-0.005486637074683298,11.697068956613549,-2.6419721601127932,1450.6983978898916,277.2274359639381,263.43597646734537,6.942776363593965,-0.3337980583725413,279.88130219274893,270.96805250528695,4.347129419692457,0.36318313588475054,284.40590571690655,275.0899023775536,2.447995162018465,0.11681966238022036,-0.028797805237493798,0.01382504886122311,101346.80268232115,112.14773534392371,0.41860825524200046,0.0,0.0,0.0,0.0,0.0,0.0,0.0,0.0016851041471471141,0.0,3.3018205373915093,0.15832069270902738,95999.1642718308,476.70417641761594,283.5392059557928,58.762197338674675,0.03242836094546283,0.0,17.113353289861486,0.046299649737211054,282.2681662501008,285.85688063871396,0.005279763188131483,273.4989628814743,59.26075686786437,6.028066164131686e-10,2.39080384584451,0.04151511979144974,5.060077864980245,0.04151443086606312,-50.0,0.0,0.0,2.1121712251219202e-05,0.0,0.0,0.0,0.0,0.0,0.0,0.18923580338673093,0.27986258759850324,32.187355161638955,59.45401468972638,11.754995509518718,0.333941359195986,-11.625339016902162,11.692056388477283,10.239658639439286,3.7094275961726715,-6.554908009433422,11.024180857081092,40.82995851750605,33.48211024800789,11.862782334745827,7.004491006177496,2085.1964514993933,80661.16799306277,74184.38414794496,204.13433394168726,282.43377319578974,35.10010046500495,350.47871053274514,0.006528178229327909,403.8835639986752,60.73670038070673,118.5984591166743,54.6678827971263,7.823475660734184,-6.35832665670737,17.659809746386454,-2.86226374635527,36.63408902543171,4100.183781672853,5579.464590809814,7.950611319582121,38.1198242019882,-7.3122467050995175,786.0245517264206,20.15245065850769,-8.53770350855921,48.57615263122257,-6.700599063271432,77425.57154562313,741.187781901707,0.6307559387992805,0.00827550296802179,241.22440615749957,278.2211035668712,237.6802015346439,278.3161808195491
2025-01-29 22:05:00,-8.373296787809931,38.607713742272445,0.003058869186060245,35022.96257424866,-9.285199833415653,-9.766862561506821,0.41228738122270214,7.6379782715080875,32.35695774995065,-0.7502625485905308,29.561361912445687,-1.058867448321791,5593.381090075514,254.21562668158606,237.0439823566295,19.622226733319657,-3.0141249982473832,3008.7202095117223,270.1037534485734,251.78436668327953,-0.004919325264645226,11.690935925923185,-2.6546667040312095,1450.8579247480031,277.24347398182425,263.4601935648017,6.951078913427403,-0.358022348255331,279.8950872770627,270.967238667262,4.352731967808723,0.34563407899354176,284.41381413486937,275.08988037887485,2.4326138615171815,0.1039621316922734,-0.02790058952408534,0.011835082462726266,101347.90706943301,112.2388062233711,0.41670994047597176,0.0,0.0,0.0,0.0,0.0,0.0,0.0,0.001709502822450762,0.0,3.2961943449128372,0.1468565484277806,96000.4905730512,476.70417641761594,283.4456219822704,58.77302321280507,0.03244162768005098,0.0,17.110422754361313,0.046294904856560924,282.23184759268133,285.81894820231423,0.005281668254475654,273.50234659592115,59.284258732905684,6.026927420770084e-10,2.3708314963022885,0.028367751518223655,5.042304282213577,0.028367084463484224,-50.0,0.0,0.0,2.2640312011901833e-05,0.0,0.0,0.0,0.0,0.0,0.0,0.18923346966619967,0.27705088101090686,30.566283982830317,58.87046116271709,11.754995509518718,0.333941359195986,-10.026695749378481,11.692050702109013,10.238784548405254,3.716114524681725,-6.555301287411273,11.036086131262437,40.65987919879246,33.35153194260513,11.805728202444508,6.890714563034092,2087.1189846525936,80718.58617520843,74172.64160500457,196.2074032534425,282.3571990953251,33.75987982976063,350.0385302261514,0.006532224299058881,391.4171054355907,58.52404591051266,118.79969181633625,54.98933852752456,7.82079861340511,-6.377165945889263,17.663553986765283,-2.868056653805042,36.66004519700466,4100.401896762497,5579.535649854787,7.932183256602356,38.48510731401683,-7.283622139603665,782.5748152923372,20.40609855123584,-8.509069188754708,48.84363633277887,-6.695723308668492,77465.11368887307,740.5983465265825,0.6307560262818692,0.00827550296802179,241.21530973341896,278.1509871920724,237.6755992195666,278.24473510868006
2025-01-29 22:10:00,-8.374637083948116,38.6241687798086,0.003108518162172774,34989.65440528199,-9.288416896264721,-9.763892962296929,0.41288646745831414,7.616874340564057,32.36656273661758,-0.757923877691482,29.574274669386078,-1.0772385378666867,5593.6227494564955,254.21362833666427,237.0547409818004,19.614842145989595,-3.032532155487139,3008.949159776846,270.1126879245441,251.7791750973943,-0.004352013454607156,11.68480289523282,-2.6673612479496263,1451.0174516061147,277.25951199971047,263.4844106622581,6.95938146326084,-0.38224663813812076,279.90887236137655,270.9664248292371,4.35833451592499,0.328085022102333,284.42172255283225,275.0898583801962,2.417232561015898,0.09110460100432645,-0.027003373810676884,0.009845116064229421,101349.01145654486,112.32987710281849,0.41481162570994307,0.0,0.0,0.0,0.0,0.0,0.0,0.0,0.0017339014977544095,0.0,3.2905681524341652,0.13539240414653383,96001.8168742716,476.70417641761594,283.35203800874797,58.783849086935476,0.03245489441463913,0.0,17.107492218861143,0.046290159975910794,282.19552893526185,285.7810157659145,0.005283573320819825,273.505730310368,59.307760597946995,6.025788677408481e-10,2.350859146760067,0.015220383244997564,5.024530699446907,0.01521973806090533,-50.0,0.0,0.0,2.4158911772584464e-05,0.0,0.0,0.0,0.0,0.0,0.0,0.1892311359456684,0.2742391744233104,28.94521280402168,58.286907635707806,11.754995509518718,0.333941359195986,-8.428052481854799,11.692045015740742,10.237910457371221,3.7228014531907787,-6.555694565389123,11.04799140544378,40.48979988007886,33.220953637202356,11.748674070143188,6.776938119890689,2089.041517805794,80776.0043573541,74160.89906206419,188.28047256519773,282.28062499486043,32.419659194516306,349.59834991955773,0.006536270368789853,378.95064687250624,56.31139144031859,119.00092451599821,55.31079425792282,7.818121566076035,-6.396005235071155,17.667298227144116,-2.873849561254813,36.68600136857762,4100.620011852141,5579.606708899761,7.91375519362259,38.85039042604546,-7.254997574107813,779.1250788582539,20.65974644396399,-8.480434868950208,49.111120034335165,-6.690847554065552,77504.65583212301,740.008911151458,0.6307561137644581,0.00827550296802179,241.20621330933835,278.08087081727365,237.67099690448927,278.173289397811
2025-01-29 22:15:00,-8.375977380086303,38.64062381734475,0.0031581671382853033,34956.346236315316,-9.291633959113787,-9.760923363087038,0.4134855536939261,7.595770409620027,32.3761677232845,-0.7655852067924331,29.58718742632647,-1.0956096274115823,5593.864408837478,254.21162999174246,237.06549960697126,19.60745755865953,-3.0509393127268942,3009.1781100419703,270.1216224005148,251.77398351150904,-0.003784701644569085,11.678669864542455,-2.6800557918680425,1451.176978464226,277.27555001759663,263.50862775971444,6.967684013094278,-0.4064709280209105,279.92265744569033,270.96561099121215,4.363937064041257,0.31053596521112425,284.4296309707951,275.08983638151744,2.4018512605146145,0.0782470703163795,-0.026106158097268427,0.007855149665732575,101350.11584365672,112.42094798226587,0.41291331094391437,0.0,0.0,0.0,0.0,0.0,0.0,0.0,0.0017583001730580572,0.0,3.284941959955493,0.12392825986528705,96003.143175492,476.70417641761594,283.25845403522555,58.79467496106588,0.03246816114922728,0.0,17.10456168336097,0.04628541509526067,282.15921027784236,285.7430833295148,0.005285478387163996,273.5091140248149,59.331262462988306,6.024649934046879e-10,2.330886797217845,0.002073014971771474,5.006757116680238,0.002072391658326435,-50.0,0.0,0.0,2.5677511533267094e-05,0.0,0.0,0.0,0.0,0.0,0.0,0.1892288022251371,0.27142746783571403,27.32414162521304,57.70335410869852,11.754995509518718,0.333941359195986,-6.829409214331118,11.692039329372472,10.23703636633719,3.729488381699832,-6.556087843366973,11.059896679625123,40.31972056136527,33.09037533179959,11.691619937841871,6.663161676747285,2090.964050958994,80833.42253949976,74149.15651912379,180.35354187695296,282.2040508943958,31.07943855927199,349.158169612964,0.006540316438520825,366.4841883094217,54.09873697012452,119.20215721566015,55.63224998832108,7.8154445187469594,-6.414844524253048,17.671042467522945,-2.879642468704585,36.71195754015057,4100.838126941786,5579.677767944735,7.8953271306428245,39.215673538074086,-7.226373008611961,775.6753424241706,20.91339433669214,-8.451800549145707,49.37860373589146,-6.685971799462612,77544.19797537295,739.4194757763337,0.6307562012470468,0.00827550296802179,241.19711688525774,278.01075444247493,237.66639458941196,278.10184368694195
2025-01-29 22:20:00,-8.37731767622449,38.65707885488091,0.0032078161143978324,34923.03806734864,-9.294851021962854,-9.757953763877145,0.41408463992953803,7.574666478675997,32.38577270995143,-0.7732465358933844,29.60010018326686,-1.1139807169564777,5594.106068218459,254.20963164682064,237.07625823214215,19.600072971329464,-3.0693464699666495,3009.407060307094,270.1305568764855,251.76879192562382,-0.003217389834531014,11.67253683385209,-2.6927503357864593,1451.3365053223376,277.29158803548285,263.5328448571708,6.975986562927716,-0.43069521790370024,279.9364425300041,270.9647971531872,4.369539612157523,0.2929869083199155,284.43753938875795,275.0898143828387,2.386469960013331,0.06538953962843254,-0.02520894238385997,0.005865183267235731,101351.22023076858,112.51201886171326,0.41101499617788567,0.0,0.0,0.0,0.0,0.0,0.0,0.0,0.001782698848361705,0.0,3.279315767476821,0.11246411558404026,96004.4694767124,476.70417641761594,283.16487006170314,58.80550083519628,0.032481427883815424,0.0,17.101631147860797,0.04628067021461054,282.1228916204229,285.70515089311505,0.0052873834535081665,273.51249773926173,59.35476432802962,6.023511190685276e-10,2.3109144476756236,-0.011074353301454613,4.988983533913569,-0.011074954744252463,-50.0,0.0,0.0,2.7196111293949725e-05,0.0,0.0,0.0,0.0,0.0,0.0,0.18922646850460584,0.2686157612481176,25.703070446404404,57.11980058168923,11.754995509518718,0.333941359195986,-5.230765946807437,11.692033643004201,10.236162275303158,3.7361753102088855,-6.556481121344824,11.071801953806467,40.149641242651676,32.95979702639682,11.634565805540552,6.549385233603882,2092.886584112194,80890.84072164542,74137.4139761834,172.4266111887082,282.1274767939311,29.739217924027667,348.71798930637027,0.006544362508251796,354.01772974633724,51.88608249993045,119.40338991532211,55.953705718719334,7.812767471417885,-6.43368381343494,17.674786707901777,-2.8854353761543563,36.73791371172352,4101.05624203143,5579.7488269897085,7.876899067663059,39.58095665010271,-7.197748443116109,772.2256059900872,21.16704222942029,-8.423166229341206,49.64608743744776,-6.681096044859672,77583.74011862288,738.8300404012092,0.6307562887296356,0.00827550296802179,241.18802046117713,277.94063806767616,237.66179227433463,278.0303979760729
2025-01-29 22:25:00,-8.378657972362674,38.67353389241706,0.0032574650905103615,34889.72989838197,-9.29806808481192,-9.754984164667253,0.41468372616515,7.553562547731968,32.395377696618354,-0.7809078649943356,29.613012940207252,-1.1323518065013731,5594.347727599441,254.20763330189885,237.08701685731302,19.592688383999402,-3.0877536272064052,3009.636010572218,270.1394913524562,251.76360033973856,-0.002650078024492943,11.666403803161726,-2.7054448797048756,1451.4960321804492,277.307626053369,263.55706195462716,6.984289112761154,-0.45491950778649,279.95022761431795,270.9639833151623,4.37514216027379,0.2754378514287067,284.4454478067208,275.08979238416003,2.3710886595120475,0.05253200894048558,-0.024311726670451513,0.003875216868738887,101352.32461788043,112.60308974116064,0.409116681411857,0.0,0.0,0.0,0.0,0.0,0.0,0.0,0.0018070975236653525,0.0,3.273689574998149,0.10099997130279349,96005.7957779328,476.70417641761594,283.0712860881807,58.816326709326674,0.032494694618403576,0.0,17.098700612360627,0.04627592533396041,282.0865729630034,285.6672184567153,0.005289288519852337,273.5158814537086,59.37826619307093,6.022372447323674e-10,2.290942098133402,-0.024221721574680707,4.9712099511469,-0.02422230114683136,-50.0,0.0,0.0,2.8714711054632356e-05,0.0,0.0,0.0,0.0,0.0,0.0,0.18922413478407457,0.2658040546605212,24.081999267595766,56.53624705467995,11.754995509518718,0.333941359195986,-3.6321226792837553,11.69202795663593,10.235288184269127,3.7428622387179393,-6.556874399322674,11.083707227987812,39.979561923938085,32.82921872099406,11.577511673239233,6.435608790460479,2094.8091172653944,80948.2589037911,74125.671433243,164.4996805004634,282.05090269346647,28.39899728878335,348.2778089997766,0.006548408577982768,341.55127118325277,49.673428029736385,119.60462261498405,56.27516144911759,7.810090424088811,-6.452523102616833,17.678530948280606,-2.891228283604128,36.76386988329648,4101.274357121074,5579.819886034682,7.8584710046832935,39.94623976213134,-7.169123877620256,768.7758695560038,21.42069012214844,-8.394531909536704,49.91357113900406,-6.676220290256731,77623.28226187282,738.2406050260847,0.6307563762122244,0.00827550296802179,241.17892403709652,277.8705216928774,237.65718995925732,277.95895226520383
2025-01-29 22:30:00,-8.379998268500861,38.689988929953216,0.0033071140666228907,34856.421729415306,-9.301285147660987,-9.75201456545736,0.4152828124007619,7.532458616787937,32.40498268328528,-0.7885691940952868,29.625925697147643,-1.1507228960462688,5594.589386980422,254.20563495697704,237.09777548248388,19.585303796669336,-3.1061607844461605,3009.8649608373416,270.14842582842687,251.7584087538533,-0.002082766214454872,11.66027077247136,-2.718139423623292,1451.6555590385608,277.32366407125517,263.58127905208346,6.992591662594592,-0.4791437976692797,279.96401269863173,270.96316947713734,4.380744708390058,0.2578887945374979,284.4533562246836,275.0897703854813,2.355707359010764,0.03967447825253863,-0.023414510957043055,0.0018852504702420413,101353.42900499229,112.69416062060803,0.40721836664582833,0.0,0.0,0.0,0.0,0.0,0.0,0.0,0.0018314961989690003,0.0,3.268063382519477,0.08953582702154672,96007.1220791532,476.70417641761594,282.9777021146583,58.82715258345708,0.03250796135299172,0.0,17.095770076860454,0.04627118045331028,282.05025430558385,285.6292860203156,0.005291193586196508,273.51926516815547,59.40176805811224,6.021233703962072e-10,2.2709697485911806,-0.037369089847906795,4.953436368380231,-0.03736964754941025,-50.0,0.0,0.0,3.0233310815314987e-05,0.0,0.0,0.0,0.0,0.0,0.0,0.1892218010635433,0.2629923480729248,22.460928088787128,55.95269352767066,11.754995509518718,0.333941359195986,-2.0334794117600747,11.69202227026766,10.234414093235095,3.7495491672269927,-6.5572676773005245,11.095612502169155,39.80948260522449,32.698640415591285,11.520457540937915,6.321832347317075,2096.7316504185947,81005.67708593675,74113.9288903026,156.57274981221863,281.9743285930018,27.058776653539027,347.83762869318286,0.0065524546477137395,329.0848126201683,47.46077355954232,119.80585531464601,56.596617179515846,7.807413376759736,-6.471362391798726,17.68227518865944,-2.8970211910538994,36.78982605486943,4101.492472210719,5579.8909450796555,7.840042941703528,40.31152287415998,-7.140499312124405,765.3261331219205,21.67433801487659,-8.365897589732203,50.18105484056036,-6.671344535653791,77662.82440512277,737.6511696509602,0.6307564636948131,0.00827550296802179,241.1698276130159,277.8004053180787,237.65258764418002,277.8875065543348
2025-01-29 22:35:00,-8.381338564639048,38.70644396748936,0.00335676304273542,34823.11356044863,-9.304502210510053,-9.749044966247467,0.4158818986363739,7.511354685843907,32.414587669952205,-0.796230523196238,29.63883845408803,-1.1690939855911644,5594.831046361404,254.20363661205522,237.10853410765478,19.57791920933927,-3.124567941685916,3010.0939111024654,270.15736030439757,251.75321716796807,-0.0015154544044168007,11.654137741780996,-2.7308339675417086,1451.8150858966724,277.3397020891414,263.6054961495398,7.000894212428029,-0.5033680875520694,279.9777977829455,270.9623556391124,4.386347256506324,0.24033973764628913,284.4612646426465,275.08974838680257,2.3403260585094805,0.026816947564591673,-0.022517295243634595,-0.0001047159282548029,101354.53339210415,112.78523150005542,0.40532005187979964,0.0,0.0,0.0,0.0,0.0,0.0,0.0,0.001855894874272648,0.0,3.262437190040805,0.07807168274029994,96008.4483803736,476.70417641761594,282.88411814113596,58.83797845758748,0.03252122808757987,0.0,17.09283954136028,0.04626643557266015,282.01393564816436,285.59135358391586,0.005293098652540679,273.5226488826023,59.42526992315354,6.020094960600469e-10,2.250997399048959,-0.05051645812113288,4.9356627856135615,-0.05051699395198916,-50.0,0.0,0.0,3.175191057599762e-05,0.0,0.0,0.0,0.0,0.0,0.0,0.18921946734301204,0.2601806414853284,20.83985690997849,55.369140000661375,11.754995509518718,0.333941359195986,-0.4348361442363924,11.692016583899388,10.233540002201062,3.756236095736046,-6.557660955278376,11.107517776350498,39.6394032865109,32.56806211018852,11.463403408636596,6.208055904173672,2098.654183571795,81063.09526808241,74102.18634736222,148.64581912397387,281.8977544925371,25.718556018294706,347.39744838658913,0.006556500717444712,316.6183540570838,45.24811908934824,120.00708801430795,56.91807290991411,7.804736329430661,-6.4902016809806184,17.686019429038268,-2.9028140985036712,36.81578222644238,4101.710587300363,5579.962004124629,7.8216148787237625,40.676805986188604,-7.111874746628552,761.8763966878372,21.92798590760474,-8.337263269927703,50.44853854211665,-6.666468781050852,77702.36654837271,737.0617342758358,0.6307565511774019,0.00827550296802179,241.16073118893533,277.7302889432799,237.64798532910268,277.81606084346566
2025-01-29 22:40:00,-8.382678860777233,38.72289900502552,0.003406412018847949,34789.80539148196,-9.307719273359119,-9.746075367037575,0.41648098487198587,7.490250754899877,32.42419265661913,-0.8038918522971892,29.651751211028422,-1.1874650751360598,5595.0727057423865,254.20163826713343,237.11929273282564,19.57053462200921,-3.1429750989256715,3010.322861367589,270.1662947803683,251.74802558208282,-0.0009481425943787302,11.648004711090632,-2.743528511460125,1451.974612754784,277.35574010702754,263.6297132469962,7.009196762261467,-0.5275923774348592,279.99158286725935,270.9615418010875,4.391949804622591,0.22279068075508038,284.4691730606093,275.0897263881239,2.324944758008197,0.013959416876644717,-0.021620079530226138,-0.002094682326751647,101355.63777921599,112.8763023795028,0.40342173711377094,0.0,0.0,0.0,0.0,0.0,0.0,0.0,0.0018802935495762956,0.0,3.256810997562133,0.06660753845905316,96009.77468159399,476.70417641761594,282.79053416761354,58.84880433171788,0.032534494822168025,0.0,17.08990900586011,0.04626169069201002,281.9776169907449,285.55342114751613,0.00529500371888485,273.52603259704915,59.448771788194854,6.018956217238867e-10,2.2310250495067376,-0.06366382639435897,4.917889202846893,-0.06366434035456806,-50.0,0.0,0.0,3.327051033668025e-05,0.0,0.0,0.0,0.0,0.0,0.0,0.18921713362248077,0.257368934897732,19.218785731169852,54.78558647365208,11.754995509518718,0.333941359195986,1.1638071232872882,11.692010897531118,10.23266591116703,3.7629230242451,-6.558054233256226,11.119423050531843,39.46932396779731,32.43748380478576,11.406349276335277,6.094279461030268,2100.576716724995,81120.51345022809,74090.44380442183,140.7188884357291,281.82118039207245,24.378335383050384,346.95726807999546,0.006560546787175684,304.1518954939993,43.035464619154176,120.2083207139699,57.239528640312365,7.802059282101586,-6.509040970162511,17.689763669417097,-2.908607005953443,36.84173839801534,4101.928702390007,5580.033063169602,7.803186815743997,41.04208909821723,-7.0832501811326996,758.4266602537539,22.18163380033289,-8.308628950123202,50.71602224367295,-6.661593026447911,77741.90869162265,736.4722989007113,0.6307566386599907,0.00827550296802179,241.15163476485472,277.66017256848113,237.64338301402537,277.7446151325966
2025-01-29 22:45:00,-8.38401915691542,38.73935404256167,0.003456060994960478,34756.49722251529,-9.310936336208187,-9.743105767827682,0.4170800711075978,7.469146823955848,32.433797643286056,-0.8115531813981405,29.664663967968814,-1.2058361646809552,5595.314365123368,254.19963992221162,237.13005135799654,19.563150034679143,-3.161382256165427,3010.551811632713,270.175229256339,251.7428339961976,-0.00038083078434065967,11.641871680400268,-2.7562230553785416,1452.1341396128955,277.37177812491376,263.65393034445253,7.0174993120949045,-0.551816667317649,280.00536795157313,270.96072796306254,4.397552352738858,0.2052416238638716,284.4770814785722,275.08970438944516,2.3095634575069135,0.0011018861886977621,-0.02072286381681768,-0.004084648725248493,101356.74216632785,112.96737325895019,0.40152342234774224,0.0,0.0,0.0,0.0,0.0,0.0,0.0,0.0019046922248799434,0.0,3.251184805083461,0.05514339417780639,96011.10098281439,476.70417641761594,282.69695019409113,58.859630205848276,0.03254776155675617,0.0,17.086978470359938,0.04625694581135989,281.9412983333254,285.5154887111164,0.00529690878522902,273.529416311496,59.472273653236165,6.017817473877264e-10,2.211052699964516,-0.07681119466758506,4.900115620080223,-0.07681168675714695,-50.0,0.0,0.0,3.4789110097362876e-05,0.0,0.0,0.0,0.0,0.0,0.0,0.1892147999019495,0.2545572283101356,17.597714552361214,54.202032946642795,11.754995509518718,0.333941359195986,2.7624503908109688,11.692005211162847,10.231791820133,3.7696099527541533,-6.5584475112340765,11.131328324713188,39.29924464908371,32.306905499382985,11.349295144033958,5.980503017886865,2102.4992498781953,81177.93163237374,74078.70126148143,132.79195774748433,281.7446062916078,23.038114747806066,346.5170877734017,0.006564592856906655,291.6854369309148,40.82281014896011,120.40955341363185,57.56098437071062,7.799382234772512,-6.527880259344403,17.69350790979593,-2.9143999134032144,36.86769456958829,4102.146817479651,5580.104122214576,7.7847587527642315,41.40737221024586,-7.054625615636848,754.9769238196704,22.43528169306104,-8.2799946303187,50.983505945229254,-6.656717271844971,77781.45083487258,735.8828635255868,0.6307567261425795,0.00827550296802179,241.1425383407741,277.59005619368236,237.63878069894804,277.67316942172755
2025-01-29 22:50:00,-8.385359453053606,38.755809080097826,0.0035057099710730072,34723.189053548616,-9.314153399057252,-9.740136168617791,0.4176791573432098,7.448042893011817,32.44340262995298,-0.8192145104990917,29.677576724909205,-1.2242072542258509,5595.55602450435,254.1976415772898,237.1408099831674,19.555765447349078,-3.179789413405182,3010.7807618978372,270.1841637323097,251.73764241031233,0.0001864810256974117,11.635738649709904,-2.768917599296958,1452.2936664710069,277.3878161427999,263.6781474419089,7.0258018619283416,-0.5760409572004387,280.0191530358869,270.9599141250376,4.4031549008551245,0.18769256697266284,284.484989896535,275.0896823907664,2.29418215700563,-0.011755644499249193,-0.019825648103409223,-0.006074615123745335,101357.84655343971,113.05844413839758,0.39962510758171355,0.0,0.0,0.0,0.0,0.0,0.0,0.0,0.0019290909001835911,0.0,3.245558612604789,0.04367924989655961,96012.4272840348,476.70417641761594,282.6033662205687,58.87045607997868,0.03256102829134432,0.0,17.084047934859765,0.046252200930709766,281.9049796759059,285.4775562747167,0.005298813851573192,273.53280002594283,59.495775518277476,6.016678730515661e-10,2.191080350422294,-0.08995856294081116,4.882342037313554,-0.08995903315972584,-50.0,0.0,0.0,3.630770985804551e-05,0.0,0.0,0.0,0.0,0.0,0.0,0.1892124661814182,0.25174552172253917,15.976643373552577,53.61847941963351,11.754995509518718,0.333941359195986,4.361093658334651,11.691999524794577,10.230917729098966,3.7762968812632067,-6.558840789211927,11.14323359889453,39.12916533037012,32.17632719398022,11.292241011732639,5.866726574743462,2104.4217830313955,81235.3498145194,74066.95871854105,124.86502705923957,281.66803219114314,21.697894112561745,346.076907466808,0.006568638926637628,279.21897836783035,38.610155678766034,120.6107861132938,57.882440101108884,7.796705187443437,-6.546719548526296,17.69725215017476,-2.920192820852986,36.89365074116124,4102.364932569295,5580.17518125955,7.766330689784466,41.77265532227449,-7.026001050140995,751.5271873855871,22.68892958578919,-8.251360310514201,51.25098964678555,-6.6518415172420315,77820.99297812252,735.2934281504624,0.6307568136251682,0.00827550296802179,241.1334419166935,277.5199398188836,237.63417838387073,277.6017237108585
2025-01-29 22:55:00,-8.386699749191791,38.77226411763398,0.0035553589471855364,34689.880884581944,-9.31737046190632,-9.737166569407899,0.41827824357882176,7.426938962067787,32.45300761661991,-0.8268758396000429,29.690489481849596,-1.2425783437707465,5595.797683885331,254.195643232368,237.1515686083383,19.548380860019016,-3.198196570644938,3011.009712162961,270.1930982082804,251.7324508244271,0.0007537928357354831,11.629605619019538,-2.7816121432153746,1452.4531933291184,277.40385416068614,263.70236453936525,7.0341044117617795,-0.6002652470832284,280.03293812020075,270.9591002870127,4.408757448971391,0.17014351008145406,284.4928983144979,275.08966039208775,2.2788008565043465,-0.02461317518719615,-0.018928432390000766,-0.008064581522242181,101358.95094055156,113.14951501784496,0.39772679281568485,0.0,0.0,0.0,0.0,0.0,0.0,0.0,0.0019534895754872387,0.0,3.239932420126117,0.03221510561531282,96013.7535852552,476.70417641761594,282.5097822470463,58.881281954109085,0.03257429502593247,0.0,17.081117399359595,0.046247456050059636,281.8686610184864,285.43962383831695,0.005300718917917362,273.53618374038973,59.51927738331879,6.01553998715406e-10,2.1711080008800727,-0.10310593121403723,4.864568454546885,-0.10310637956230473,-50.0,0.0,0.0,3.7826309618728144e-05,0.0,0.0,0.0,0.0,0.0,0.0,0.18921013246088694,0.24893381513494278,14.355572194743939,53.03492589262422,11.754995509518718,0.333941359195986,5.959736925858332,11.691993838426306,10.230043638064934,3.7829838097722606,-6.559234067189777,11.155138873075874,38.959086011656524,32.04574888857745,11.235186879431321,5.752950131600058,2106.3443161845958,81292.76799666508,74055.21617560065,116.93809637099478,281.5914580906785,20.357673477317427,345.6367271602143,0.006572684996368599,266.7525198047458,36.39750120857197,120.81201881295576,58.20389583150714,7.794028140114362,-6.565558837708188,17.70099639055359,-2.9259857283027575,36.919606912734196,4102.58304765894,5580.246240304524,7.7479026268047,42.137938434303116,-6.997376484645144,748.0774509515038,22.94257747851734,-8.2227259907097,51.51847334834184,-6.646965762639091,77860.53512137246,734.703992775338,0.6307569011077571,0.00827550296802179,241.1243454926129,277.44982344408487,237.6295760687934,277.53027799998944
2025-01-29 23:00:00,-8.388040045329978,38.788719155170135,0.0036050079232980655,34656.57271561527,-9.320587524755386,-9.734196970198006,0.4188773298144337,7.4058350311237575,32.46261260328683,-0.834537168700994,29.703402238789987,-1.260949433315642,5596.039343266313,254.1936448874462,237.16232723350916,19.54099627268895,-3.216603727884693,3011.238662428085,270.2020326842511,251.72725923854185,0.001321104645773554,11.623472588329173,-2.794306687133791,1452.61272018723,277.4198921785723,263.7265816368216,7.042406961595217,-0.6244895369660182,280.04672320451454,270.95828644898774,4.414359997087658,0.15259445319024528,284.5008067324607,275.089638393409,2.263419556003063,-0.03747070587514311,-0.01803121667659231,-0.010054547920739024,101360.05532766342,113.24058589729235,0.39582847804965615,0.0,0.0,0.0,0.0,0.0,0.0,0.0,0.0019778882507908865,0.0,3.234306227647445,0.020750961334066072,96015.07988647559,476.70417641761594,282.4161982735239,58.89210782823948,0.03258756176052062,0.0,17.078186863859422,0.046242711169409506,281.83234236106694,285.4016914019172,0.005302623984261533,273.5395674548366,59.5427792483601,6.014401243792457e-10,2.1511356513378512,-0.11625329948726333,4.846794871780216,-0.11625372596488362,-50.0,0.0,0.0,3.934490937941077e-05,0.0,0.0,0.0,0.0,0.0,0.0,0.18920779874035568,0.24612210854734637,12.734501015935303,52.45137236561494,11.754995509518718,0.333941359195986,7.558380193382012,11.691988152058036,10.229169547030903,3.789670738281314,-6.559627345167628,11.167044147257219,38.789006692942934,31.915170583174685,11.178132747130002,5.639173688456655,2108.266849337796,81350.18617881073,74043.47363266026,109.01116568275002,281.51488399021383,19.017452842073105,345.1965468536206,0.006576731066099571,254.28606124166137,34.1848467383779,121.0132515126177,58.525351561905396,7.791351092785288,-6.584398126890081,17.70474063093242,-2.9317786357525293,36.945563084307146,4102.801162748584,5580.317299349497,7.729474563824935,42.503221546331744,-6.968751919149291,744.6277145174205,23.19622537124549,-8.194091670905198,51.785957049898144,-6.642090008036151,77900.0772646224,734.1145574002135,0.6307569885903458,0.00827550296802179,241.11524906853228,277.3797070692861,237.6249737537161,277.4588322891204
